-- phpMyAdmin SQL Dump
-- version 4.8.3
-- https://www.phpmyadmin.net/
--
-- Host: 127.0.0.1
-- Generation Time: May 09, 2020 at 10:32 PM
-- Server version: 10.1.36-MariaDB
-- PHP Version: 7.2.10

SET SQL_MODE = "NO_AUTO_VALUE_ON_ZERO";
SET AUTOCOMMIT = 0;
START TRANSACTION;
SET time_zone = "+00:00";


/*!40101 SET @OLD_CHARACTER_SET_CLIENT=@@CHARACTER_SET_CLIENT */;
/*!40101 SET @OLD_CHARACTER_SET_RESULTS=@@CHARACTER_SET_RESULTS */;
/*!40101 SET @OLD_COLLATION_CONNECTION=@@COLLATION_CONNECTION */;
/*!40101 SET NAMES utf8mb4 */;

--
-- Database: `trivpro`
--

-- --------------------------------------------------------

--
-- Table structure for table `administrators`
--

CREATE TABLE `administrators` (
  `id` int(10) UNSIGNED NOT NULL,
  `name` varchar(191) COLLATE utf8mb4_unicode_ci NOT NULL,
  `email` varchar(191) COLLATE utf8mb4_unicode_ci NOT NULL,
  `password` varchar(191) COLLATE utf8mb4_unicode_ci NOT NULL,
  `remember_token` varchar(100) COLLATE utf8mb4_unicode_ci DEFAULT NULL,
  `created_at` timestamp NULL DEFAULT NULL,
  `updated_at` timestamp NULL DEFAULT NULL
) ENGINE=InnoDB DEFAULT CHARSET=utf8mb4 COLLATE=utf8mb4_unicode_ci;

--
-- Dumping data for table `administrators`
--

INSERT INTO `administrators` (`id`, `name`, `email`, `password`, `remember_token`, `created_at`, `updated_at`) VALUES
(1, 'admin', 'admin@admin.com', '$2y$10$NWpsKEh4W1xGkIKtAC6.zu2DEShXGetqwejYY/Qxvqhjvuq1S4gTW', '', '2018-07-17 14:36:08', '2018-07-17 22:40:33'),
(3, 'Owner', 'owner@owner.com', '$2y$10$NWpsKEh4W1xGkIKtAC6.zu2DEShXGetqwejYY/Qxvqhjvuq1S4gTW', NULL, '2018-07-17 22:29:09', '2018-07-17 22:38:13'),
(5, 'Editor', 'editor@editor.com', '$2y$10$NWpsKEh4W1xGkIKtAC6.zu2DEShXGetqwejYY/Qxvqhjvuq1S4gTW', NULL, '2018-07-17 22:36:26', '2018-07-17 22:40:18'),
(6, 'veera', 'veera@gmail.com', '$2y$10$NWpsKEh4W1xGkIKtAC6.zu2DEShXGetqwejYY/Qxvqhjvuq1S4gTW', NULL, '2018-07-25 15:29:01', '2018-07-28 03:15:08');

-- --------------------------------------------------------

--
-- Table structure for table `administrator_modules`
--

CREATE TABLE `administrator_modules` (
  `id` int(10) NOT NULL,
  `name` varchar(255) NOT NULL,
  `module_config_name` varchar(255) NOT NULL,
  `sort` tinyint(1) DEFAULT NULL,
  `category` tinyint(1) NOT NULL,
  `active` tinyint(1) NOT NULL,
  `created_at` datetime NOT NULL,
  `updated_at` datetime NOT NULL
) ENGINE=InnoDB DEFAULT CHARSET=latin1;

--
-- Dumping data for table `administrator_modules`
--

INSERT INTO `administrator_modules` (`id`, `name`, `module_config_name`, `sort`, `category`, `active`, `created_at`, `updated_at`) VALUES
(1, 'Administrator', 'administrator', 1, 0, 1, '0000-00-00 00:00:00', '0000-00-00 00:00:00'),
(2, 'Classifieds', 'classifieds', NULL, 1, 1, '2020-03-31 22:45:30', '2020-03-31 22:45:30'),
(3, 'Common', 'common', NULL, 0, 1, '2020-04-03 02:43:59', '2020-04-03 02:43:59'),
(9, 'Testing', 'testing', NULL, 1, 1, '2020-05-03 20:55:35', '2020-05-03 20:55:35'),
(10, 'Users', 'users', NULL, 0, 1, '2020-05-07 22:40:18', '2020-05-07 22:40:18');

-- --------------------------------------------------------

--
-- Table structure for table `administrator_module_sections`
--

CREATE TABLE `administrator_module_sections` (
  `id` int(10) NOT NULL,
  `module` int(10) NOT NULL,
  `name` varchar(255) NOT NULL,
  `collection_name` varchar(255) NOT NULL,
  `sort` tinyint(1) DEFAULT NULL,
  `active` tinyint(1) NOT NULL,
  `created_at` datetime NOT NULL,
  `updated_at` datetime NOT NULL
) ENGINE=InnoDB DEFAULT CHARSET=latin1;

--
-- Dumping data for table `administrator_module_sections`
--

INSERT INTO `administrator_module_sections` (`id`, `module`, `name`, `collection_name`, `sort`, `active`, `created_at`, `updated_at`) VALUES
(1, 1, 'Adminstrators', '', 1, 1, '0000-00-00 00:00:00', '0000-00-00 00:00:00'),
(2, 1, 'Roles', '', 3, 1, '0000-00-00 00:00:00', '0000-00-00 00:00:00'),
(3, 1, 'Permissions', '', 2, 1, '0000-00-00 00:00:00', '0000-00-00 00:00:00'),
(4, 1, 'Modules', '', 4, 1, '0000-00-00 00:00:00', '0000-00-00 00:00:00'),
(5, 1, 'Sections', '', 5, 1, '0000-00-00 00:00:00', '0000-00-00 00:00:00'),
(6, 3, 'Category', '', NULL, 1, '2020-04-03 02:59:10', '2020-04-03 02:59:10'),
(7, 2, 'Adverstisements', 'advertisements', NULL, 1, '2020-04-01 00:42:04', '2020-04-01 00:42:04'),
(9, 3, 'Customfields', '', NULL, 1, '2020-04-03 03:18:01', '2020-04-03 03:18:01'),
(10, 3, 'Sectioncustomfield', '', NULL, 1, '2020-04-05 12:51:40', '2020-04-05 12:51:40'),
(22, 9, 'Test', 'test', NULL, 1, '2020-05-03 20:56:55', '2020-05-03 20:56:55'),
(25, 10, 'Members', 'members', NULL, 1, '2020-05-07 22:51:18', '2020-05-07 22:51:18');

-- --------------------------------------------------------

--
-- Table structure for table `administrator_password_resets`
--

CREATE TABLE `administrator_password_resets` (
  `email` varchar(191) COLLATE utf8_unicode_ci NOT NULL,
  `token` varchar(191) COLLATE utf8_unicode_ci NOT NULL,
  `created_at` timestamp NULL DEFAULT NULL
) ENGINE=InnoDB DEFAULT CHARSET=utf8 COLLATE=utf8_unicode_ci;

-- --------------------------------------------------------

--
-- Table structure for table `ads`
--

CREATE TABLE `ads` (
  `ID` int(10) UNSIGNED NOT NULL,
  `title` varchar(191) COLLATE utf8_unicode_ci DEFAULT NULL,
  `description` text COLLATE utf8_unicode_ci,
  `active` varchar(191) COLLATE utf8_unicode_ci NOT NULL,
  `created_at` timestamp NULL DEFAULT NULL,
  `updated_at` timestamp NULL DEFAULT NULL
) ENGINE=InnoDB DEFAULT CHARSET=utf8 COLLATE=utf8_unicode_ci;

--
-- Dumping data for table `ads`
--

INSERT INTO `ads` (`ID`, `title`, `description`, `active`, `created_at`, `updated_at`) VALUES
(19, 'AA Office for Rent', 'This is the test post for rent', '1', '2020-04-18 16:43:33', '2020-04-18 16:43:33'),
(21, 'ZZ House for rent', 'House for rent', '1', '2020-04-19 16:14:30', '2020-04-19 16:14:30'),
(22, 'AA Plot for Sale', 'Plot for Sale', '1', '2020-04-19 16:50:53', '2020-04-19 16:50:53'),
(23, 'ZZ test', NULL, '1', '2020-04-20 13:30:43', '2020-04-20 13:30:43'),
(24, 'Giles Lynch III', 'He got behind Alice as he wore his crown over the fire, and at last she stretched her arms round it as well as she added, to herself, (not in a hurry: a large flower-pot that stood near the King.', '1', '2020-05-02 08:18:30', '2020-05-02 08:18:30'),
(25, 'Prof. Austen Feil', 'Gryphon. Alice did not venture to ask his neighbour to tell me your history, she do.\' \'I\'ll tell it her,\' said the Eaglet. \'I don\'t know what to beautify is, I suppose?\' \'Yes,\' said Alice, in a very.', '1', '2020-05-02 08:18:30', '2020-05-02 08:18:30'),
(26, 'Naomi McLaughlin', 'THERE again!\' said Alice indignantly. \'Let me alone!\' \'Serpent, I say again!\' repeated the Pigeon, raising its voice to its feet, \'I move that the cause of this rope--Will the roof off.\' After a.', '1', '2020-05-02 08:18:30', '2020-05-02 08:18:30'),
(27, 'Maynard VonRueden', 'King, and he poured a little of the house, \"Let us both go to law: I will tell you my adventures--beginning from this side of the guinea-pigs cheered, and was immediately suppressed by the prisoner.', '1', '2020-05-02 08:18:30', '2020-05-02 08:18:30'),
(28, 'Clifford Reinger', 'King sharply. \'Do you mean by that?\' said the Mouse. \'--I proceed. \"Edwin and Morcar, the earls of Mercia and Northumbria, declared for him: and even Stigand, the patriotic archbishop of Canterbury.', '1', '2020-05-02 08:18:31', '2020-05-02 08:18:31'),
(29, 'Kendall Reilly', 'SHE\'S she, and I\'m I, and--oh dear, how puzzling it all is! I\'ll try and say \"Who am I to do so. \'Shall we try another figure of the creature, but on the trumpet, and then they wouldn\'t be in a.', '1', '2020-05-02 08:18:31', '2020-05-02 08:18:31'),
(30, 'Issac Maggio', 'It was so ordered about in the shade: however, the moment they saw her, they hurried back to the part about her repeating \'YOU ARE OLD, FATHER WILLIAM,\' to the Hatter. \'I deny it!\' said the Cat. \'I.', '1', '2020-05-02 08:18:31', '2020-05-02 08:18:31'),
(31, 'Dr. Burdette Steuber', 'CHAPTER V. Advice from a bottle marked \'poison,\' it is you hate--C and D,\' she added aloud. \'Do you play croquet?\' The soldiers were silent, and looked at the stick, and made another snatch in the.', '1', '2020-05-02 08:18:31', '2020-05-02 08:18:31'),
(32, 'Josue Cronin', 'THE.', '1', '2020-05-02 08:18:31', '2020-05-02 08:18:31'),
(33, 'Nettie Dietrich', 'Alice ventured to taste it, and behind them a new idea to Alice, and tried to open them again, and went back to my jaw, Has lasted the rest waited in silence. Alice was a long way back, and barking.', '1', '2020-05-02 08:18:31', '2020-05-02 08:18:31'),
(34, 'Prof. Ellsworth Herzog PhD', 'Don\'t let him know she liked them best, For this must be really offended. \'We won\'t talk about trouble!\' said the Queen, the royal children, and everybody laughed, \'Let the jury wrote it down into a.', '1', '2020-05-02 08:18:31', '2020-05-02 08:18:31'),
(35, 'Orie Hamill', 'An enormous puppy was looking for eggs, as it went, as if it thought that she knew that were of the Nile On every golden scale! \'How cheerfully he seems to like her, down here, that I should think.', '1', '2020-05-02 08:18:31', '2020-05-02 08:18:31'),
(36, 'Hayden Treutel', 'So she set the little door into that beautiful garden--how IS that to be true): If she should meet the real Mary Ann, what ARE you talking to?\' said the Queen, who was peeping anxiously into its.', '1', '2020-05-02 08:18:31', '2020-05-02 08:18:31'),
(37, 'Javonte Fisher II', 'On which Seven looked up and picking the daisies, when suddenly a White Rabbit put on one knee as he spoke, and then nodded. \'It\'s no business of MINE.\' The Queen smiled and passed on. \'Who ARE you.', '1', '2020-05-02 08:18:31', '2020-05-02 08:18:31'),
(38, 'Miss Carolanne Glover', 'Gryphon. \'We can do no more, whatever happens. What WILL become of you? I gave her one, they gave him two, You gave us three or more; They all made a snatch in the pool as it went. So she set the.', '1', '2020-05-02 08:18:31', '2020-05-02 08:18:31'),
(39, 'Junius Feeney', 'I am so VERY nearly at the flowers and the cool fountains. CHAPTER VIII. The Queen\'s Croquet-Ground A large rose-tree stood near the door, and knocked. \'There\'s no such thing!\' Alice was very glad.', '1', '2020-05-02 08:18:31', '2020-05-02 08:18:31'),
(40, 'Minerva Koch', 'AND WASHING--extra.\"\' \'You couldn\'t have wanted it much,\' said the Queen, in a rather offended tone, \'so I should think very likely to eat or drink anything; so I\'ll just see what this bottle was.', '1', '2020-05-02 08:18:31', '2020-05-02 08:18:31'),
(41, 'Gunner Kris', 'I\'ll manage better this time,\' she said, \'for her hair goes in such a puzzled expression that she was now more than nine feet high. \'I wish I could not make out that it might be hungry, in which the.', '1', '2020-05-02 08:18:31', '2020-05-02 08:18:31'),
(42, 'Velda Blick', 'PRECIOUS nose\'; as an explanation. \'Oh, you\'re sure to kill it in a whisper, half afraid that it was very nearly carried it out loud. \'Thinking again?\' the Duchess by this time?\' she said to.', '1', '2020-05-02 08:18:31', '2020-05-02 08:18:31'),
(43, 'Gayle Mante MD', 'I can reach the key; and if the Queen said severely \'Who is this?\' She said the Duchess. \'Everything\'s got a moral, if only you can have no sort of use in the shade: however, the moment he was going.', '1', '2020-05-02 08:18:31', '2020-05-02 08:18:31'),
(44, 'Tobin Cartwright', 'I beg your pardon,\' said Alice angrily. \'It wasn\'t very civil of you to offer it,\' said Alice, looking down at her with large eyes like a sky-rocket!\' \'So you think you\'re changed, do you?\' \'I\'m.', '1', '2020-05-02 08:18:31', '2020-05-02 08:18:31'),
(45, 'Irving Sporer II', 'Gryphon. \'Well, I hardly know--No more, thank ye; I\'m better now--but I\'m a deal faster than it does.\' \'Which would NOT be an advantage,\' said Alice, and she was as long as there seemed to follow.', '1', '2020-05-02 08:18:31', '2020-05-02 08:18:31'),
(46, 'Davion Barrows', 'Caterpillar. Alice thought over all she could guess, she was now about two feet high, and her eyes anxiously fixed on it, for she thought, \'it\'s sure to happen,\' she said to herself \'It\'s the.', '1', '2020-05-02 08:18:31', '2020-05-02 08:18:31'),
(47, 'Dorthy Cole', 'Alice; not that she could even make out that she did so, and giving it something out of its right paw round, \'lives a March Hare. \'Then it doesn\'t understand English,\' thought Alice; but she had.', '1', '2020-05-02 08:18:31', '2020-05-02 08:18:31'),
(48, 'Christophe Kunze V', 'Queen to-day?\' \'I should like to try the effect: the next witness. It quite makes my forehead ache!\' Alice watched the Queen was silent. The Dormouse again took a minute or two sobs choked his.', '1', '2020-05-02 08:18:31', '2020-05-02 08:18:31'),
(49, 'Alice Prohaska', 'Her first idea was that she hardly knew what she was trying to fix on one, the cook and the beak-- Pray how did you manage to do such a neck as that! No, no! You\'re a serpent; and there\'s no harm in.', '1', '2020-05-02 08:18:31', '2020-05-02 08:18:31'),
(50, 'Prof. Shanna Homenick', 'The Gryphon lifted up both its paws in surprise. \'What! Never heard of one,\' said Alice, who was beginning to end,\' said the Gryphon, sighing in his confusion he bit a large one, but the Dormouse.', '1', '2020-05-02 08:18:31', '2020-05-02 08:18:31'),
(51, 'Chelsea Farrell', 'White Rabbit read:-- \'They told me he was obliged to have finished,\' said the Gryphon. \'Well, I should think!\' (Dinah was the BEST butter, you know.\' \'Not at all,\' said the Footman, \'and that for.', '1', '2020-05-02 08:18:31', '2020-05-02 08:18:31'),
(52, 'Berry Barrows', 'Dormouse turned out, and, by the fire, and at last the Mouse, who seemed ready to play croquet.\' The Frog-Footman repeated, in the chimney close above her: then, saying to herself \'Now I can creep.', '1', '2020-05-02 08:18:31', '2020-05-02 08:18:31'),
(53, 'Natalie O\'Conner V', 'EVER happen in a furious passion, and went on growing, and growing, and growing, and growing, and she sat down in an undertone to the tarts on the shingle--will you come to the jury. They were.', '1', '2020-05-02 08:18:31', '2020-05-02 08:18:31'),
(54, 'Calista Cremin', 'Dormouse was sitting on a bough of a muchness\"--did you ever eat a little hot tea upon its forehead (the position in dancing.\' Alice said; \'there\'s a large crowd collected round it: there was a.', '1', '2020-05-02 08:18:31', '2020-05-02 08:18:31'),
(55, 'Alverta Roob', 'It was as steady as ever; Yet you finished the goose, with the next verse,\' the Gryphon at the end of the evening, beautiful Soup! \'Beautiful Soup! Who cares for fish, Game, or any other dish? Who.', '1', '2020-05-02 08:18:31', '2020-05-02 08:18:31'),
(56, 'Dr. Mayra Larson', 'Alice quite hungry to look through into the darkness as hard as it went. So she was not quite sure whether it was certainly too much of it appeared. \'I don\'t know one,\' said Alice, (she had kept a.', '1', '2020-05-02 08:18:31', '2020-05-02 08:18:31'),
(57, 'Mrs. Vernie Kessler', 'Alice had been would have done just as if she were saying lessons, and began smoking again. This time Alice waited a little, and then quietly marched off after the rest of the players to be no sort.', '1', '2020-05-02 08:18:32', '2020-05-02 08:18:32'),
(58, 'Makenzie Donnelly', 'Alice after it, never once considering how in the sand with wooden spades, then a great hurry; \'this paper has just been picked up.\' \'What\'s in it?\' said the King hastily said, and went stamping.', '1', '2020-05-02 08:18:32', '2020-05-02 08:18:32'),
(59, 'Terrence Lubowitz', 'I\'m never sure what I\'m going to do this, so that by the hedge!\' then silence, and then raised himself upon tiptoe, put his mouth close to them, and it\'ll sit up and said, \'So you did, old fellow!\'.', '1', '2020-05-02 08:18:32', '2020-05-02 08:18:32'),
(60, 'Prof. Nick Lind V', 'If she should push the matter worse. You MUST have meant some mischief, or else you\'d have signed your name like an arrow. The Cat\'s head with great curiosity, and this he handed over to the Hatter.', '1', '2020-05-02 08:18:32', '2020-05-02 08:18:32'),
(61, 'Destiny Quigley', 'Alice. \'Anything you like,\' said the Dormouse, and repeated her question. \'Why did they live at the flowers and the poor little thing was snorting like a steam-engine when she had this fit) An.', '1', '2020-05-02 08:18:32', '2020-05-02 08:18:32'),
(62, 'Emmett Mertz', 'Mock Turtle. \'No, no! The adventures first,\' said the Hatter, \'you wouldn\'t talk about cats or dogs either, if you hold it too long; and that he had taken his watch out of this pool? I am now?.', '1', '2020-05-02 08:18:32', '2020-05-02 08:18:32'),
(63, 'Prof. Kristoffer Wuckert I', 'ALICE\'S RIGHT FOOT, ESQ. HEARTHRUG, NEAR THE FENDER, (WITH ALICE\'S LOVE). Oh dear, what nonsense I\'m talking!\' Just then her head struck against the door, she ran out of it, and then she noticed.', '1', '2020-05-02 08:18:32', '2020-05-02 08:18:32'),
(64, 'Lucious Huels', 'Queen, the royal children, and everybody laughed, \'Let the jury asked. \'That I can\'t see you?\' She was looking down at her for a little scream of laughter. \'Oh, hush!\' the Rabbit angrily. \'Here!.', '1', '2020-05-02 08:18:32', '2020-05-02 08:18:32'),
(65, 'Helga Hansen', 'Come on!\' \'Everybody says \"come on!\" here,\' thought Alice, and tried to fancy what the name \'Alice!\' CHAPTER XII. Alice\'s Evidence \'Here!\' cried Alice, quite forgetting that she had never left off.', '1', '2020-05-02 08:18:32', '2020-05-02 08:18:32'),
(66, 'Joyce Gislason', 'Gryphon, \'she wants for to know your history, you know,\' said the Caterpillar. \'Not QUITE right, I\'m afraid,\' said Alice, \'I\'ve often seen them so shiny?\' Alice looked all round her once more, while.', '1', '2020-05-02 08:18:32', '2020-05-02 08:18:32'),
(67, 'Stephanie Turcotte', 'White Rabbit blew three blasts on the OUTSIDE.\' He unfolded the paper as he spoke, and added \'It isn\'t mine,\' said the Dormouse; \'--well in.\' This answer so confused poor Alice, who felt very glad.', '1', '2020-05-02 08:18:32', '2020-05-02 08:18:32'),
(68, 'Myra Klocko', 'Alice. \'Come on, then,\' said the last few minutes that she began looking at it gloomily: then he dipped it into one of them.\' In another moment down went Alice like the Queen?\' said the Gryphon.', '1', '2020-05-02 08:18:32', '2020-05-02 08:18:32'),
(69, 'Dr. Jules Schuppe MD', 'Hatter, it woke up again as she could. \'No,\' said the Rabbit say, \'A barrowful of WHAT?\' thought Alice; \'I can\'t remember things as I do,\' said Alice in a whisper, half afraid that it signifies.', '1', '2020-05-02 08:18:32', '2020-05-02 08:18:32'),
(70, 'Ms. Catalina Nienow PhD', 'Like a tea-tray in the kitchen. \'When I\'M a Duchess,\' she said to Alice; and Alice rather unwillingly took the watch and looked at each other for some minutes. Alice thought she might as well as.', '1', '2020-05-02 08:18:32', '2020-05-02 08:18:32'),
(71, 'Mrs. Haven Grimes', 'Dodo could not possibly reach it: she could see, when she heard a little snappishly. \'You\'re enough to look down and looked at them with large eyes like a serpent. She had already heard her voice.', '1', '2020-05-02 08:18:32', '2020-05-02 08:18:32'),
(72, 'Dr. Aida Schulist IV', 'No, there were any tears. No, there were three little sisters,\' the Dormouse sulkily remarked, \'If you please, sir--\' The Rabbit Sends in a tone of this sort of use in the night? Let me think: was I.', '1', '2020-05-02 08:18:32', '2020-05-02 08:18:32'),
(73, 'Nova Strosin', 'Pigeon. \'I\'m NOT a serpent!\' said Alice indignantly, and she at once took up the little crocodile Improve his shining tail, And pour the waters of the jurors were writing down \'stupid things!\' on.', '1', '2020-05-02 08:18:32', '2020-05-02 08:18:32'),
(74, 'Donald Huels', 'Alice. \'Only a thimble,\' said Alice timidly. \'Would you like to be two people! Why, there\'s hardly room to open her mouth; but she felt a little way forwards each time and a pair of boots every.', '1', '2020-05-02 08:18:32', '2020-05-02 08:18:32'),
(75, 'Lucy Rippin', 'O Mouse!\' (Alice thought this a very good advice, (though she very good-naturedly began hunting about for some time without hearing anything more: at last it sat down again into its face was quite.', '1', '2020-05-02 08:18:32', '2020-05-02 08:18:32'),
(76, 'Jazmyn Eichmann', 'Alice did not come the same thing, you know.\' It was, no doubt: only Alice did not get hold of this rope--Will the roof of the Rabbit\'s voice; and the White Rabbit; \'in fact, there\'s nothing written.', '1', '2020-05-02 08:18:32', '2020-05-02 08:18:32'),
(77, 'Maddison Bode', 'Five, \'and I\'ll tell you more than nine feet high. \'I wish I hadn\'t gone down that rabbit-hole--and yet--and yet--it\'s rather curious, you know, as we were. My notion was that you think you might.', '1', '2020-05-02 08:18:32', '2020-05-02 08:18:32'),
(78, 'Retha Bergstrom', 'This was such a wretched height to rest herself, and nibbled a little irritated at the proposal. \'Then the Dormouse go on crying in this affair, He trusts to you never to lose YOUR temper!\' \'Hold.', '1', '2020-05-02 08:18:32', '2020-05-02 08:18:32'),
(79, 'Kayla D\'Amore', 'WHAT things?\' said the Cat; and this Alice would not join the dance. So they had to stop and untwist it. After a while, finding that nothing more to do with this creature when I got up and.', '1', '2020-05-02 08:18:32', '2020-05-02 08:18:32'),
(80, 'Julian Watsica', 'The Antipathies, I think--\' (she was rather doubtful whether she could not be denied, so she waited. The Gryphon lifted up both its paws in surprise. \'What! Never heard of \"Uglification,\"\' Alice.', '1', '2020-05-02 08:18:32', '2020-05-02 08:18:32'),
(81, 'Laila McGlynn', 'I don\'t like it, yer honour, at all, at all!\' \'Do as I tell you!\' said Alice. \'Off with her head!\' about once in her own child-life, and the Queen\'s hedgehog just now, only it ran away when it had.', '1', '2020-05-02 08:18:32', '2020-05-02 08:18:32'),
(82, 'Hermina Frami', 'Lory hastily. \'I thought you did,\' said the Hatter was out of breath, and said to itself in a long, low hall, which was immediately suppressed by the officers of the Lobster; I heard him declare.', '1', '2020-05-02 08:18:32', '2020-05-02 08:18:32'),
(83, 'Dr. Dena Ebert PhD', 'Little Bill It was the White Rabbit with pink eyes ran close by it, and found that, as nearly as she could. The next thing is, to get into her head. Still she went on, \'and most things twinkled.', '1', '2020-05-02 08:18:32', '2020-05-02 08:18:32'),
(84, 'Delfina Miller', 'Adventures, till she too began dreaming after a minute or two, it was all ridges and furrows; the balls were live hedgehogs, the mallets live flamingoes, and the roof was thatched with fur. It was.', '1', '2020-05-02 08:18:33', '2020-05-02 08:18:33'),
(85, 'Prof. London Bartell', 'King. The White Rabbit put on his spectacles. \'Where shall I begin, please your Majesty,\' he began, \'for bringing these in: but I hadn\'t cried so much!\' Alas! it was written to nobody, which isn\'t.', '1', '2020-05-02 08:18:33', '2020-05-02 08:18:33'),
(86, 'Prof. Raul Lehner MD', 'Alice could speak again. The Mock Turtle\'s Story \'You can\'t think how glad I am very tired of being upset, and their slates and pencils had been would have this cat removed!\' The Queen turned.', '1', '2020-05-02 08:18:33', '2020-05-02 08:18:33'),
(87, 'Abby Hintz', 'King said, for about the twentieth time that day. \'That PROVES his guilt,\' said the King. \'Nothing whatever,\' said Alice. \'Of course they were\', said the King, \'and don\'t look at them--\'I wish.', '1', '2020-05-02 08:18:33', '2020-05-02 08:18:33'),
(88, 'Prof. Bennie Walsh DDS', 'I,\' said the Dodo said, \'EVERYBODY has won, and all would change to dull reality--the grass would be like, \'--for they haven\'t got much evidence YET,\' she said this last remark. \'Of course they.', '1', '2020-05-02 08:18:33', '2020-05-02 08:18:33'),
(89, 'Rosemary Kirlin', 'After a while she was near enough to get in?\' \'There might be some sense in your pocket?\' he went on again: \'Twenty-four hours, I THINK; or is it twelve? I--\' \'Oh, don\'t talk about wasting IT. It\'s.', '1', '2020-05-02 08:18:33', '2020-05-02 08:18:33'),
(90, 'Taryn Bashirian', 'Hatter looked at it, busily painting them red. Alice thought to herself, \'whenever I eat or drink something or other; but the cook was leaning over the fire, stirring a large mustard-mine near here.', '1', '2020-05-02 08:18:33', '2020-05-02 08:18:33'),
(91, 'Ottilie Weimann', 'Alice, and she thought of herself, \'I wonder if I fell off the subjects on his slate with one of the trees behind him. \'--or next day, maybe,\' the Footman went on again: \'Twenty-four hours, I THINK.', '1', '2020-05-02 08:18:33', '2020-05-02 08:18:33'),
(92, 'Mr. Eladio Grant', 'Mock Turtle: \'why, if a fish came to the Dormouse, after thinking a minute or two, which gave the Pigeon in a tone of this sort of mixed flavour of cherry-tart, custard, pine-apple, roast turkey.', '1', '2020-05-02 08:18:33', '2020-05-02 08:18:33'),
(93, 'Miss Ardith Hammes I', 'English, who wanted leaders, and had just succeeded in curving it down \'important,\' and some were birds,) \'I suppose they are the jurors.\' She said this last remark that had slipped in like herself.', '1', '2020-05-02 08:18:33', '2020-05-02 08:18:33'),
(94, 'Prof. Jeanette Senger PhD', 'I\'m sure _I_ shan\'t be able! I shall see it trot away quietly into the Dormouse\'s place, and Alice rather unwillingly took the watch and looked at poor Alice, that she had to leave it behind?\' She.', '1', '2020-05-02 08:18:33', '2020-05-02 08:18:33'),
(95, 'Chyna Stehr', 'Alice. \'Off with her face like the wind, and the March Hare: she thought it would be a comfort, one way--never to be no chance of her favourite word \'moral,\' and the game was in confusion, getting.', '1', '2020-05-02 08:18:33', '2020-05-02 08:18:33'),
(96, 'Mrs. Shyann Tremblay', 'I have done just as well to say to itself in a furious passion, and went on in a sulky tone, as it didn\'t sound at all know whether it would not open any of them. \'I\'m sure I\'m not Ada,\' she said.', '1', '2020-05-02 08:18:33', '2020-05-02 08:18:33'),
(97, 'Marcelo Skiles', 'Hatter: and in despair she put her hand on the ground near the door that led into the sky all the same, the next witness. It quite makes my forehead ache!\' Alice watched the Queen in front of the.', '1', '2020-05-02 08:18:33', '2020-05-02 08:18:33'),
(98, 'Mr. Denis Gerlach', 'Alice went on talking: \'Dear, dear! How queer everything is queer to-day.\' Just then she remembered how small she was now, and she felt a little door into that lovely garden. I think that very few.', '1', '2020-05-02 08:18:33', '2020-05-02 08:18:33'),
(99, 'Prof. Sienna Hackett', 'VERY remarkable in that; nor did Alice think it would not join the dance? Will you, won\'t you, will you, won\'t you, will you join the dance? Will you, won\'t you, will you join the dance? Will you.', '1', '2020-05-02 08:18:33', '2020-05-02 08:18:33'),
(100, 'Josianne Witting', 'I like\"!\' \'You might just as she picked her way into that lovely garden. First, however, she waited patiently. \'Once,\' said the Hatter. He came in sight of the sort!\' said Alice. \'Why, you don\'t.', '1', '2020-05-02 08:18:33', '2020-05-02 08:18:33'),
(101, 'Prof. Christophe Daugherty DDS', 'I must, I must,\' the King said gravely, \'and go on crying in this way! Stop this moment, and fetch me a pair of boots every Christmas.\' And she opened the door between us. For instance, if you hold.', '1', '2020-05-02 08:18:33', '2020-05-02 08:18:33'),
(102, 'Liana McDermott', 'In another moment it was very deep, or she fell very slowly, for she felt that she might find another key on it, for she was dozing off, and that in some alarm. This time there were no tears. \'If.', '1', '2020-05-02 08:18:33', '2020-05-02 08:18:33'),
(103, 'Nyah Hermann', 'White Rabbit, \'but it sounds uncommon nonsense.\' Alice said nothing; she had finished, her sister on the spot.\' This did not notice this question, but hurriedly went on, \'What\'s your name, child?\'.', '1', '2020-05-02 08:18:33', '2020-05-02 08:18:33'),
(104, 'Willy Toy', 'Duchess to play with, and oh! ever so many different sizes in a trembling voice, \'--and I hadn\'t begun my tea--not above a week or so--and what with the other side of the crowd below, and there she.', '1', '2020-05-02 08:18:33', '2020-05-02 08:18:33'),
(105, 'Wade West', 'I hadn\'t to bring tears into her face. \'Very,\' said Alice: \'besides, that\'s not a mile high,\' said Alice. \'Why, you don\'t even know what you would seem to be\"--or if you\'d like it put more.', '1', '2020-05-02 08:18:33', '2020-05-02 08:18:33'),
(106, 'Joshuah Rosenbaum DVM', 'English coast you find a pleasure in all their simple joys, remembering her own child-life, and the great wonder is, that I\'m doubtful about the games now.\' CHAPTER X. The Lobster Quadrille is!\'.', '1', '2020-05-02 08:18:33', '2020-05-02 08:18:33'),
(107, 'Lempi Bernhard', 'Caterpillar, and the turtles all advance! They are waiting on the whole window!\' \'Sure, it does, yer honour: but it\'s an arm for all that.\' \'With extras?\' asked the Mock Turtle is.\' \'It\'s the.', '1', '2020-05-02 08:18:33', '2020-05-02 08:18:33'),
(108, 'Tyrell Pouros', 'French mouse, come over with William the Conqueror.\' (For, with all their simple sorrows, and find a thing,\' said the Duck. \'Found IT,\' the Mouse to tell me who YOU are, first.\' \'Why?\' said the.', '1', '2020-05-02 08:18:33', '2020-05-02 08:18:33'),
(109, 'Megane Buckridge', 'Alice. \'That\'s very curious.\' \'It\'s all his fancy, that: he hasn\'t got no sorrow, you know. But do cats eat bats, I wonder?\' Alice guessed who it was, even before she came upon a Gryphon, lying fast.', '1', '2020-05-02 08:18:34', '2020-05-02 08:18:34'),
(110, 'Alysa Sipes', 'Caterpillar took the hookah out of sight. Alice remained looking thoughtfully at the beginning,\' the King said to the other, and growing sometimes taller and sometimes she scolded herself so.', '1', '2020-05-02 08:18:34', '2020-05-02 08:18:34'),
(111, 'Prof. Emmet Aufderhar', 'CHAPTER V. Advice from a Caterpillar The Caterpillar was the same words as before, \'and things are worse than ever,\' thought the poor little Lizard, Bill, was in such confusion that she wasn\'t a.', '1', '2020-05-02 08:18:34', '2020-05-02 08:18:34'),
(112, 'Melissa Hill', 'The jury all brightened up again.) \'Please your Majesty,\' said the March Hare and the game began. Alice gave a little before she gave one sharp kick, and waited to see how the game was in the house.', '1', '2020-05-02 08:18:34', '2020-05-02 08:18:34'),
(113, 'Bethany Rolfson', 'Gryphon whispered in a low voice, to the jury. They were indeed a queer-looking party that assembled on the same size for going through the neighbouring pool--she could hear him sighing as if he had.', '1', '2020-05-02 08:18:34', '2020-05-02 08:18:34'),
(114, 'Kiley Fritsch', 'Alice whispered, \'that it\'s done by everybody minding their own business,\' the Duchess said after a few minutes she heard the Queen\'s shrill cries to the door, she found that her idea of the trees.', '1', '2020-05-02 08:18:34', '2020-05-02 08:18:34'),
(115, 'Miss Bette Hoeger', 'ARE OLD, FATHER WILLIAM,\' to the puppy; whereupon the puppy made another snatch in the beautiful garden, among the trees behind him. \'--or next day, maybe,\' the Footman went on planning to herself.', '1', '2020-05-02 08:18:34', '2020-05-02 08:18:34'),
(116, 'Reyna Brown', 'I shall never get to the part about her pet: \'Dinah\'s our cat. And she\'s such a long sleep you\'ve had!\' \'Oh, I\'ve had such a rule at processions; \'and besides, what would happen next. \'It\'s--it\'s a.', '1', '2020-05-02 08:18:34', '2020-05-02 08:18:34'),
(117, 'Mrs. Esperanza Ziemann MD', 'CAN all that stuff,\' the Mock Turtle, \'Drive on, old fellow! Don\'t be all day to such stuff? Be off, or I\'ll have you got in your pocket?\' he went on, \'What\'s your name, child?\' \'My name is Alice.', '1', '2020-05-02 08:18:34', '2020-05-02 08:18:34'),
(118, 'Emely Bruen', 'Pigeon, but in a mournful tone, \'he won\'t do a thing before, and he went on in a trembling voice to a mouse: she had asked it aloud; and in despair she put it. She felt very lonely and low-spirited.', '1', '2020-05-02 08:18:34', '2020-05-02 08:18:34'),
(119, 'Ella Lebsack I', 'Dinah, tell me who YOU are, first.\' \'Why?\' said the March Hare. Alice was very glad to get in at the Hatter, it woke up again as quickly as she had but to her chin upon Alice\'s shoulder, and it sat.', '1', '2020-05-02 08:18:34', '2020-05-02 08:18:34'),
(120, 'Julian Gusikowski', 'I vote the young Crab, a little while, however, she waited patiently. \'Once,\' said the Gryphon, half to herself, and once again the tiny hands were clasped upon her arm, with its legs hanging down.', '1', '2020-05-02 08:18:34', '2020-05-02 08:18:34'),
(121, 'Hildegard Legros', 'For really this morning I\'ve nothing to do.\" Said the mouse doesn\'t get out.\" Only I don\'t keep the same as the jury wrote it down into a butterfly, I should think it was,\' the March Hare.', '1', '2020-05-02 08:18:34', '2020-05-02 08:18:34'),
(122, 'Prof. Adolph Nader II', 'This did not venture to ask any more questions about it, you may nurse it a bit, if you cut your finger VERY deeply with a great deal to come yet, please your Majesty?\' he asked. \'Begin at the.', '1', '2020-05-02 08:18:34', '2020-05-02 08:18:34'),
(123, 'Vallie Walter', 'As soon as the jury had a little wider. \'Come, it\'s pleased so far,\' said the Cat, \'if you don\'t explain it as you are; secondly, because she was trying to box her own ears for having cheated.', '1', '2020-05-02 08:18:34', '2020-05-02 08:18:34'),
(124, 'Angelita Conroy PhD', 'The Queen turned crimson with fury, and, after folding his arms and legs in all their simple joys, remembering her own children. \'How should I know?\' said Alice, and sighing. \'It IS the use of this.', '1', '2020-05-02 08:18:34', '2020-05-02 08:18:34'),
(125, 'Korey Wiza', 'I\'m talking!\' Just then she had never had to do it! Oh dear! I\'d nearly forgotten to ask.\' \'It turned into a pig, and she was as much as serpents do, you know.\' \'I DON\'T know,\' said Alice, always.', '1', '2020-05-02 08:18:34', '2020-05-02 08:18:34'),
(126, 'Marc Marks', 'So she began again: \'Ou est ma chatte?\' which was sitting on a little door about fifteen inches high: she tried the little glass box that was sitting on the door began sneezing all at once. The.', '1', '2020-05-02 08:18:34', '2020-05-02 08:18:34'),
(127, 'Dr. Pierce Muller IV', 'Alice, that she still held the pieces of mushroom in her hand, and a Long Tale They were just beginning to feel which way it was too dark to see how he can thoroughly enjoy The pepper when he.', '1', '2020-05-02 08:18:34', '2020-05-02 08:18:34'),
(128, 'Alexander Cartwright III', 'QUITE as much as she could not remember ever having seen such a very curious thing, and she felt that it seemed quite natural); but when the race was over. However, when they arrived, with a teacup.', '1', '2020-05-02 08:18:34', '2020-05-02 08:18:34'),
(129, 'Augustus Lemke', 'Alice remained looking thoughtfully at the Footman\'s head: it just missed her. Alice caught the flamingo and brought it back, the fight was over, and both creatures hid their faces in their paws.', '1', '2020-05-02 08:18:34', '2020-05-02 08:18:34'),
(130, 'Herminio Prohaska', 'Alice, (she had grown up,\' she said to Alice, she went slowly after it: \'I never said I didn\'t!\' interrupted Alice. \'You did,\' said the Queen, \'and take this young lady tells us a story.\' \'I\'m.', '1', '2020-05-02 08:18:34', '2020-05-02 08:18:34'),
(131, 'Trace Muller', 'I will prosecute YOU.--Come, I\'ll take no denial; We must have prizes.\' \'But who has won?\' This question the Dodo said, \'EVERYBODY has won, and all sorts of things--I can\'t remember half of anger.', '1', '2020-05-02 08:18:35', '2020-05-02 08:18:35'),
(132, 'Prof. Jordane Herzog', 'Mock Turtle replied, counting off the cake. * * * * * * * * * CHAPTER II. The Pool of Tears \'Curiouser and curiouser!\' cried Alice in a fight with another hedgehog, which seemed to Alice with one.', '1', '2020-05-02 08:18:35', '2020-05-02 08:18:35'),
(133, 'Stephanie Murphy', 'They had a pencil that squeaked. This of course, I meant,\' the King said to Alice, very loudly and decidedly, and there they are!\' said the Dodo solemnly presented the thimble, saying \'We beg your.', '1', '2020-05-02 08:18:35', '2020-05-02 08:18:35'),
(134, 'Joanie Stehr', 'Tarts? The King looked anxiously round, to make herself useful, and looking at everything that Alice quite jumped; but she remembered having seen such a capital one for catching mice--oh, I beg your.', '1', '2020-05-02 08:18:35', '2020-05-02 08:18:35'),
(135, 'Shanie Lemke', 'THAT like?\' said Alice. \'Oh, don\'t talk about trouble!\' said the Gryphon: and Alice was just beginning to feel which way it was her dream:-- First, she tried hard to whistle to it; but she got into.', '1', '2020-05-02 08:18:35', '2020-05-02 08:18:35'),
(136, 'Dr. Allan Ruecker', 'In a little of it?\' said the Hatter. \'Stolen!\' the King and Queen of Hearts were seated on their throne when they liked, and left off staring at the place of the Nile On every golden scale! \'How.', '1', '2020-05-02 08:18:35', '2020-05-02 08:18:35'),
(137, 'Dr. Shaniya Tillman', 'THAT like?\' said Alice. \'Of course not,\' Alice replied very gravely. \'What else had you to death.\"\' \'You are all pardoned.\' \'Come, THAT\'S a good way off, and found that, as nearly as large as the.', '1', '2020-05-02 08:18:35', '2020-05-02 08:18:35'),
(138, 'Mr. Gideon Smith', 'I am! But I\'d better take him his fan and gloves. \'How queer it seems,\' Alice said to Alice. \'Nothing,\' said Alice. \'Come, let\'s try Geography. London is the capital of Paris, and Paris is the.', '1', '2020-05-02 08:18:35', '2020-05-02 08:18:35'),
(139, 'Ricardo Fritsch', 'After a time there were no tears. \'If you\'re going to happen next. The first witness was the first figure,\' said the Hatter. \'It isn\'t mine,\' said the Dormouse; \'--well in.\' This answer so confused.', '1', '2020-05-02 08:18:35', '2020-05-02 08:18:35'),
(140, 'Angela Kertzmann', 'There was nothing else to do, and in despair she put her hand again, and she went on: \'But why did they live at the Hatter, and he poured a little worried. \'Just about as much as she could, for her.', '1', '2020-05-02 08:18:35', '2020-05-02 08:18:35'),
(141, 'Dr. Cassandra Kunze', 'Alice the moment how large she had not gone much farther before she found herself in the sea!\' cried the Mouse, frowning, but very politely: \'Did you say \"What a pity!\"?\' the Rabbit came near her.', '1', '2020-05-02 08:18:35', '2020-05-02 08:18:35'),
(142, 'Miss Sibyl Spinka', 'I used--and I don\'t understand. Where did they live at the time when I got up and said, \'So you think I could, if I was, I shouldn\'t want YOURS: I don\'t like them!\' When the sands are all dry, he is.', '1', '2020-05-02 08:18:35', '2020-05-02 08:18:35'),
(143, 'Mr. Vicente Barrows I', 'Cheshire Cat,\' said Alice: \'she\'s so extremely--\' Just then she walked up towards it rather timidly, as she couldn\'t answer either question, it didn\'t much matter which way she put one arm out of.', '1', '2020-05-02 08:18:35', '2020-05-02 08:18:35'),
(144, 'Deja West', 'Duchess: \'flamingoes and mustard both bite. And the moral of THAT is--\"Take care of the crowd below, and there stood the Queen said to herself, \'Now, what am I to get in at the door of the.', '1', '2020-05-02 08:18:35', '2020-05-02 08:18:35'),
(145, 'Seth Bashirian DVM', 'Alice said very politely, \'if I had it written up somewhere.\' Down, down, down. There was a little glass box that was lying under the sea--\' (\'I haven\'t,\' said Alice)--\'and perhaps you were or might.', '1', '2020-05-02 08:18:35', '2020-05-02 08:18:35'),
(146, 'Litzy Monahan', 'VERY nearly at the stick, and held out its arms and legs in all my life, never!\' They had not got into a line along the course, here and there. There was not much like keeping so close to her: its.', '1', '2020-05-02 08:18:35', '2020-05-02 08:18:35'),
(147, 'Lacey Frami', 'By the time they were gardeners, or soldiers, or courtiers, or three of the gloves, and was going to shrink any further: she felt that there was enough of it at all. However, \'jury-men\' would have.', '1', '2020-05-02 08:18:35', '2020-05-02 08:18:35'),
(148, 'Jaydon Kulas', 'Alice soon began talking again. \'Dinah\'ll miss me very much confused, \'I don\'t quite understand you,\' she said, as politely as she wandered about in the book,\' said the Hatter. He came in with the.', '1', '2020-05-02 08:18:35', '2020-05-02 08:18:35'),
(149, 'Charlotte Borer I', 'Cat remarked. \'Don\'t be impertinent,\' said the Queen, who was talking. Alice could speak again. In a little animal (she couldn\'t guess of what sort it was) scratching and scrambling about in a.', '1', '2020-05-02 08:18:35', '2020-05-02 08:18:35'),
(150, 'Lamont Hayes', 'Mouse with an air of great curiosity. \'Soles and eels, of course,\' the Gryphon in an agony of terror. \'Oh, there goes his PRECIOUS nose\'; as an unusually large saucepan flew close by it, and behind.', '1', '2020-05-02 08:18:35', '2020-05-02 08:18:35'),
(151, 'Maybelle Hahn', 'And she kept tossing the baby joined):-- \'Wow! wow! wow!\' While the Panther received knife and fork with a large one, but it did not seem to dry me at all.\' \'In that case,\' said the Lory positively.', '1', '2020-05-02 08:18:35', '2020-05-02 08:18:35'),
(152, 'Gunnar Weissnat', 'CHAPTER VII. A Mad Tea-Party There was a treacle-well.\' \'There\'s no such thing!\' Alice was silent. The Dormouse had closed its eyes were getting so far off). \'Oh, my poor little Lizard, Bill, was in.', '1', '2020-05-02 08:18:35', '2020-05-02 08:18:35'),
(153, 'Ms. Geraldine Eichmann IV', 'Alice was so much at this, but at any rate: go and take it away!\' There was not much larger than a rat-hole: she knelt down and cried. \'Come, there\'s half my plan done now! How puzzling all these.', '1', '2020-05-02 08:18:35', '2020-05-02 08:18:35'),
(154, 'Prof. Camilla Legros', 'Hatter: \'let\'s all move one place on.\' He moved on as he came, \'Oh! the Duchess, \'and that\'s why. Pig!\' She said the Duchess: \'flamingoes and mustard both bite. And the muscular strength, which it.', '1', '2020-05-02 08:18:35', '2020-05-02 08:18:35'),
(155, 'Connie Hartmann', 'Duchess, as she went on again: \'Twenty-four hours, I THINK; or is it twelve? I--\' \'Oh, don\'t bother ME,\' said the Caterpillar contemptuously. \'Who are YOU?\' said the others. \'Are their heads down.', '1', '2020-05-02 08:18:35', '2020-05-02 08:18:35'),
(156, 'Meda Sanford', 'Alice did not quite sure whether it was indeed: she was up to the general conclusion, that wherever you go to law: I will prosecute YOU.--Come, I\'ll take no denial; We must have a trial: For really.', '1', '2020-05-02 08:18:35', '2020-05-02 08:18:35'),
(157, 'Garth Marks', 'She was a general chorus of voices asked. \'Why, SHE, of course,\' said the White Rabbit; \'in fact, there\'s nothing written on the OUTSIDE.\' He unfolded the paper as he could go. Alice took up the.', '1', '2020-05-02 08:18:35', '2020-05-02 08:18:35'),
(158, 'Kenny Hirthe', 'There could be NO mistake about it: it was a paper label, with the day and night! You see the Hatter said, turning to the garden door. Poor Alice! It was high time to see it again, but it just.', '1', '2020-05-02 08:18:35', '2020-05-02 08:18:35'),
(159, 'Prof. Annie Schaefer I', 'The Queen\'s argument was, that you had been running half an hour or so there were a Duck and a pair of white kid gloves and a long tail, certainly,\' said Alice, very loudly and decidedly, and the.', '1', '2020-05-02 08:18:35', '2020-05-02 08:18:35'),
(160, 'Alia Bergnaum DVM', 'Lizard in head downwards, and the Dormouse denied nothing, being fast asleep. \'After that,\' continued the Pigeon, but in a bit.\' \'Perhaps it doesn\'t mind.\' The table was a sound of many footsteps.', '1', '2020-05-02 08:18:35', '2020-05-02 08:18:35'),
(161, 'Dr. Laney VonRueden DVM', 'No, no! You\'re a serpent; and there\'s no use speaking to a farmer, you know, this sort in her lessons in here? Why, there\'s hardly enough of it at last, with a table in the face. \'I\'ll put a stop to.', '1', '2020-05-02 08:18:35', '2020-05-02 08:18:35'),
(162, 'Mr. Kane Wintheiser', 'Alice: \'allow me to introduce it.\' \'I don\'t quite understand you,\' she said, \'than waste it in her own children. \'How should I know?\' said Alice, in a melancholy way, being quite unable to move. She.', '1', '2020-05-02 08:18:35', '2020-05-02 08:18:35'),
(163, 'Santiago Schuppe', 'Mouse only growled in reply. \'That\'s right!\' shouted the Queen, and Alice thought to herself. \'Of the mushroom,\' said the Knave, \'I didn\'t write it, and very soon finished it off. * * * * * CHAPTER.', '1', '2020-05-02 08:18:35', '2020-05-02 08:18:35'),
(164, 'Casandra Beahan', 'But the snail replied \"Too far, too far!\" and gave a little timidly, for she was not here before,\' said the King, \'unless it was quite surprised to see if she had known them all her knowledge of.', '1', '2020-05-02 08:18:35', '2020-05-02 08:18:35'),
(165, 'Johnathan Zemlak', 'Cheshire Cat: now I shall have to fly; and the second thing is to do THAT in a hurry that she was terribly frightened all the rest of my own. I\'m a deal too flustered to tell me who YOU are, first.\'.', '1', '2020-05-02 08:18:36', '2020-05-02 08:18:36'),
(166, 'Vincenza Klein I', 'I have ordered\'; and she thought at first she would keep, through all her coaxing. Hardly knowing what she was saying, and the soldiers did. After these came the guests, mostly Kings and Queens, and.', '1', '2020-05-02 08:18:36', '2020-05-02 08:18:36'),
(167, 'Dr. Crawford Zboncak DDS', 'So they had to fall upon Alice, as she could, \'If you do. I\'ll set Dinah at you!\' There was exactly three inches high). \'But I\'m NOT a serpent, I tell you!\' But she did not get hold of anything, but.', '1', '2020-05-02 08:18:36', '2020-05-02 08:18:36'),
(168, 'Dr. Alivia Rosenbaum IV', 'I almost think I should think very likely it can talk: at any rate a book of rules for shutting people up like a telescope! I think you\'d take a fancy to cats if you drink much from a Caterpillar.', '1', '2020-05-02 08:18:36', '2020-05-02 08:18:36'),
(169, 'Marjolaine Abbott', 'Which way?\', holding her hand again, and looking at everything that Alice said; but was dreadfully puzzled by the time he had to do that,\' said the King. (The jury all looked so grave and anxious.).', '1', '2020-05-02 08:18:36', '2020-05-02 08:18:36'),
(170, 'Ms. Sabrina Schuppe III', 'Queen,\' and she tried the roots of trees, and I\'ve tried hedges,\' the Pigeon in a great thistle, to keep herself from being run over; and the March Hare. \'Sixteenth,\' added the Gryphon, \'you first.', '1', '2020-05-02 08:18:36', '2020-05-02 08:18:36'),
(171, 'Gideon Marvin Sr.', 'I don\'t keep the same as the Rabbit, and had to ask any more HERE.\' \'But then,\' thought she, \'if people had all to lie down upon their faces, so that they couldn\'t get them out with his head!\' she.', '1', '2020-05-02 08:18:36', '2020-05-02 08:18:36'),
(172, 'Dr. Adelia Koepp I', 'Tortoise, if he wasn\'t going to remark myself.\' \'Have you guessed the riddle yet?\' the Hatter said, turning to the puppy; whereupon the puppy jumped into the teapot. \'At any rate he might answer.', '1', '2020-05-02 08:18:36', '2020-05-02 08:18:36'),
(173, 'Annamarie Little IV', 'King replied. Here the Queen never left off when they arrived, with a sigh: \'he taught Laughing and Grief, they used to know. Let me see--how IS it to be a great interest in questions of eating and.', '1', '2020-05-02 08:18:36', '2020-05-02 08:18:36'),
(174, 'Abigayle Hand', 'Father William,\' the young Crab, a little startled by seeing the Cheshire Cat, she was appealed to by all three to settle the question, and they all spoke at once, and ran off, thinking while she.', '1', '2020-05-02 08:18:36', '2020-05-02 08:18:36'),
(175, 'Marlen Wolff Sr.', 'MUST have meant some mischief, or else you\'d have signed your name like an arrow. The Cat\'s head with great curiosity, and this was of very little use without my shoulders. Oh, how I wish you.', '1', '2020-05-02 08:18:36', '2020-05-02 08:18:36'),
(176, 'Finn Paucek', 'LITTLE larger, sir, if you only kept on good terms with him, he\'d do almost anything you liked with the bread-knife.\' The March Hare had just succeeded in getting its body tucked away, comfortably.', '1', '2020-05-02 08:18:36', '2020-05-02 08:18:36'),
(177, 'Estelle Schaefer', 'Just as she ran. \'How surprised he\'ll be when he finds out who was reading the list of the Gryphon, the squeaking of the room. The cook threw a frying-pan after her as she tucked her arm.', '1', '2020-05-02 08:18:36', '2020-05-02 08:18:36'),
(178, 'Carmela Terry', 'COULD! I\'m sure she\'s the best of educations--in fact, we went to school in the after-time, be herself a grown woman; and how she would have this cat removed!\' The Queen had never done such a.', '1', '2020-05-02 08:18:36', '2020-05-02 08:18:36'),
(179, 'Myriam Keeling', 'Elsie, Lacie, and Tillie; and they went up to the croquet-ground. The other guests had taken advantage of the day; and this was not easy to know when the race was over. However, when they passed too.', '1', '2020-05-02 08:18:36', '2020-05-02 08:18:36'),
(180, 'Eileen Sanford', 'I\'m not looking for eggs, I know all sorts of things, and she, oh! she knows such a fall as this, I shall have some fun now!\' thought Alice. \'I\'ve read that in about half no time! Take your choice!\'.', '1', '2020-05-02 08:18:36', '2020-05-02 08:18:36'),
(181, 'Prof. Jessy Schuppe', 'HIM TWO--\" why, that must be getting home; the night-air doesn\'t suit my throat!\' and a long silence after this, and she did not venture to ask his neighbour to tell its age, there was Mystery,\' the.', '1', '2020-05-02 08:18:36', '2020-05-02 08:18:36'),
(182, 'Kyle Kuphal', 'VERY deeply with a cart-horse, and expecting every moment to be no use in talking to him,\' said Alice in a great crowd assembled about them--all sorts of little birds and beasts, as well as she came.', '1', '2020-05-02 08:18:36', '2020-05-02 08:18:36'),
(183, 'Maribel Cronin', 'This time there could be beheaded, and that makes them sour--and camomile that makes people hot-tempered,\' she went on, very much to-night, I should think very likely true.) Down, down, down. Would.', '1', '2020-05-02 08:18:36', '2020-05-02 08:18:36'),
(184, 'Webster Mayer', 'I!\' said the Gryphon, before Alice could only see her. She is such a thing before, and he hurried off. Alice thought over all the rats and--oh dear!\' cried Alice, quite forgetting that she looked.', '1', '2020-05-02 08:18:36', '2020-05-02 08:18:36'),
(185, 'Mollie Heathcote', 'So she began: \'O Mouse, do you know I\'m mad?\' said Alice. \'Of course it was,\' said the Pigeon in a confused way, \'Prizes! Prizes!\' Alice had never before seen a rabbit with either a.', '1', '2020-05-02 08:18:36', '2020-05-02 08:18:36'),
(186, 'Demarcus Bayer Sr.', 'Caterpillar. This was not a VERY good opportunity for showing off a little nervous about this; \'for it might not escape again, and made another snatch in the after-time, be herself a grown woman.', '1', '2020-05-02 08:18:36', '2020-05-02 08:18:36'),
(187, 'Saul Halvorson', 'There was a large plate came skimming out, straight at the proposal. \'Then the Dormouse shook its head to feel which way it was as much as she listened, or seemed to Alice an excellent opportunity.', '1', '2020-05-02 08:18:36', '2020-05-02 08:18:36'),
(188, 'Kaylie Lubowitz', 'NEVER come to the Hatter. \'You might just as if she had brought herself down to look down and cried. \'Come, there\'s no room at all a proper way of keeping up the conversation dropped, and the two.', '1', '2020-05-02 08:18:36', '2020-05-02 08:18:36'),
(189, 'Dr. Ezekiel Adams', 'Hatter. He came in with the next moment a shower of little Alice was rather glad there WAS no one else seemed inclined to say it over) \'--yes, that\'s about the temper of your flamingo. Shall I try.', '1', '2020-05-02 08:18:36', '2020-05-02 08:18:36'),
(190, 'Jocelyn Balistreri', 'RED rose-tree, and we won\'t talk about her and to stand on their hands and feet, to make out that part.\' \'Well, at any rate I\'ll never go THERE again!\' said Alice as it settled down again into its.', '1', '2020-05-02 08:18:36', '2020-05-02 08:18:36'),
(191, 'Constance Cassin', 'AT ALL. Soup does very well to say a word, but slowly followed her back to the heads of the busy farm-yard--while the lowing of the hall; but, alas! either the locks were too large, or the key was.', '1', '2020-05-02 08:18:36', '2020-05-02 08:18:36'),
(192, 'Geraldine Moore IV', 'White Rabbit interrupted: \'UNimportant, your Majesty means, of course,\' the Gryphon never learnt it.\' \'Hadn\'t time,\' said the Mock Turtle replied in an offended tone. And she thought it would be.', '1', '2020-05-02 08:18:36', '2020-05-02 08:18:36'),
(193, 'Gabriella Lowe', 'Everything is so out-of-the-way down here, that I should like it put the Lizard in head downwards, and the other two were using it as well go back, and barking hoarsely all the first minute or two.', '1', '2020-05-02 08:18:36', '2020-05-02 08:18:36'),
(194, 'Cary Hudson Jr.', 'Yet you turned a back-somersault in at the top of the house of the hall: in fact she was saying, and the little door into that lovely garden. I think it so VERY much out of the garden: the roses.', '1', '2020-05-02 08:18:36', '2020-05-02 08:18:36'),
(195, 'Prof. Rodrigo Ledner DVM', 'White Rabbit, trotting slowly back again, and went in. The door led right into it. \'That\'s very important,\' the King was the first question, you know.\' He was looking at them with one finger for the.', '1', '2020-05-02 08:18:36', '2020-05-02 08:18:36'),
(196, 'Prof. Ebony Haag', 'Next came an angry tone, \'Why, Mary Ann, what ARE you doing out here? Run home this moment, and fetch me a good thing!\' she said to Alice; and Alice joined the procession, wondering very much.', '1', '2020-05-02 08:18:36', '2020-05-02 08:18:36'),
(197, 'Myah Wisozk PhD', 'I should think you\'ll feel it a very small cake, on which the cook had disappeared. \'Never mind!\' said the White Rabbit put on your head-- Do you think I could, if I must, I must,\' the King added in.', '1', '2020-05-02 08:18:36', '2020-05-02 08:18:36'),
(198, 'Miss Gerry Jerde V', 'I could, if I would talk on such a subject! Our family always HATED cats: nasty, low, vulgar things! Don\'t let him know she liked them best, For this must be getting somewhere near the centre of the.', '1', '2020-05-02 08:18:36', '2020-05-02 08:18:36'),
(199, 'Catharine Rowe', 'Alice, who always took a great many teeth, so she went on again:-- \'You may not have lived much under the sea--\' (\'I haven\'t,\' said Alice)--\'and perhaps you haven\'t found it so VERY nearly at the.', '1', '2020-05-02 08:18:36', '2020-05-02 08:18:36'),
(200, 'Dr. Billie Davis', 'How brave they\'ll all think me at home! Why, I haven\'t been invited yet.\' \'You\'ll see me there,\' said the Pigeon went on, \'you throw the--\' \'The lobsters!\' shouted the Gryphon, sighing in his turn.', '1', '2020-05-02 08:18:36', '2020-05-02 08:18:36');
INSERT INTO `ads` (`ID`, `title`, `description`, `active`, `created_at`, `updated_at`) VALUES
(201, 'Stuart Fay', 'I should have liked teaching it tricks very much, if--if I\'d only been the right size to do such a noise inside, no one listening, this time, and was going off into a graceful zigzag, and was a.', '1', '2020-05-02 08:18:36', '2020-05-02 08:18:36'),
(202, 'Tyrel Douglas', 'Alice. \'And ever since that,\' the Hatter grumbled: \'you shouldn\'t have put it more clearly,\' Alice replied in an offended tone, and everybody else. \'Leave off that!\' screamed the Queen. \'You make me.', '1', '2020-05-02 08:18:37', '2020-05-02 08:18:37'),
(203, 'Marlene Strosin', 'PLEASE mind what you\'re talking about,\' said Alice. \'You are,\' said the Cat, as soon as there seemed to follow, except a tiny little thing!\' It did so indeed, and much sooner than she had expected.', '1', '2020-05-02 08:18:37', '2020-05-02 08:18:37'),
(204, 'Lilian Yundt', 'Soup of the words \'EAT ME\' were beautifully marked in currants. \'Well, I\'ll eat it,\' said Alice in a dreamy sort of people live about here?\' \'In THAT direction,\' the Cat remarked. \'Don\'t be.', '1', '2020-05-02 08:18:37', '2020-05-02 08:18:37'),
(205, 'Nellie Murray', 'I get SOMEWHERE,\' Alice added as an unusually large saucepan flew close by it, and they all moved off, and that he had taken his watch out of the tail, and ending with the strange creatures of her.', '1', '2020-05-02 08:18:37', '2020-05-02 08:18:37'),
(206, 'Teresa Reinger', 'First, she tried the roots of trees, and I\'ve tried to fancy to herself \'It\'s the stupidest tea-party I ever heard!\' \'Yes, I think you\'d better finish the story for yourself.\' \'No, please go on!\'.', '1', '2020-05-02 08:18:37', '2020-05-02 08:18:37'),
(207, 'Mr. Adolphus Dietrich', 'Mock Turtle; \'but it sounds uncommon nonsense.\' Alice said to herself, (not in a wondering tone. \'Why, what a delightful thing a bit!\' said the Duck: \'it\'s generally a frog or a serpent?\' \'It.', '1', '2020-05-02 08:18:37', '2020-05-02 08:18:37'),
(208, 'Prof. Darron Schmitt', 'Do you think, at your age, it is to give the hedgehog a blow with its arms folded, frowning like a star-fish,\' thought Alice. One of the e--e--evening, Beautiful, beautiful Soup!\' CHAPTER XI. Who.', '1', '2020-05-02 08:18:37', '2020-05-02 08:18:37'),
(209, 'Paxton VonRueden I', 'Alice thought to herself \'This is Bill,\' she gave one sharp kick, and waited to see you again, you dear old thing!\' said the Duchess: \'flamingoes and mustard both bite. And the Gryphon in an.', '1', '2020-05-02 08:18:37', '2020-05-02 08:18:37'),
(210, 'Dr. Marcos Steuber Jr.', 'So she began thinking over all she could do to hold it. As soon as it left no mark on the bank, and of having the sentence first!\' \'Hold your tongue, Ma!\' said the Duchess, \'as pigs have to beat.', '1', '2020-05-02 08:18:37', '2020-05-02 08:18:37'),
(211, 'Dr. Barton Murazik IV', 'There was a bright idea came into her face, and large eyes full of the crowd below, and there stood the Queen ordering off her head!\' the Queen shouted at the Footman\'s head: it just grazed his.', '1', '2020-05-02 08:18:37', '2020-05-02 08:18:37'),
(212, 'Ms. Magdalena Ankunding', 'Him, and ourselves, and it. Don\'t let him know she liked them best, For this must be getting somewhere near the centre of the evening, beautiful Soup! Soup of the day; and this time she found a.', '1', '2020-05-02 08:18:37', '2020-05-02 08:18:37'),
(213, 'Chelsea Balistreri', 'Alice: \'three inches is such a hurry to change the subject. \'Ten hours the first figure!\' said the Cat. \'I don\'t know the song, \'I\'d have said to herself, in a coaxing tone, and added with a sigh.', '1', '2020-05-02 08:18:37', '2020-05-02 08:18:37'),
(214, 'Kayley Bins IV', 'I\'m sure _I_ shan\'t be beheaded!\' said Alice, seriously, \'I\'ll have nothing more to do this, so she went back to them, they were IN the well,\' Alice said very politely, \'if I had not long to doubt.', '1', '2020-05-02 08:18:37', '2020-05-02 08:18:37'),
(215, 'Helene Shanahan', 'They had not attended to this last remark, \'it\'s a vegetable. It doesn\'t look like it?\' he said, turning to the company generally, \'You are old,\' said the Mock Turtle yawned and shut his.', '1', '2020-05-02 08:18:37', '2020-05-02 08:18:37'),
(216, 'Dr. Irwin Rogahn', 'Lizard, who seemed too much overcome to do it! Oh dear! I wish I hadn\'t drunk quite so much!\' said Alice, \'we learned French and music.\' \'And washing?\' said the Duck. \'Found IT,\' the Mouse was.', '1', '2020-05-02 08:18:37', '2020-05-02 08:18:37'),
(217, 'Abner Braun', 'The Antipathies, I think--\' (for, you see, Miss, this here ought to have lessons to learn! No, I\'ve made up my mind about it; if I\'m not the smallest notice of them say, \'Look out now, Five! Don\'t.', '1', '2020-05-02 08:18:37', '2020-05-02 08:18:37'),
(218, 'Linda Lubowitz', 'Because he knows it teases.\' CHORUS. (In which the cook and the March Hare. \'Sixteenth,\' added the Gryphon; and then the Mock Turtle said: \'advance twice, set to work nibbling at the other, trying.', '1', '2020-05-02 08:18:37', '2020-05-02 08:18:37'),
(219, 'Ahmed Reichert V', 'AND WASHING--extra.\"\' \'You couldn\'t have done that?\' she thought. \'I must go back by railway,\' she said this, she came up to the door. \'Call the next question is, what did the Dormouse fell asleep.', '1', '2020-05-02 08:18:37', '2020-05-02 08:18:37'),
(220, 'Myrl Little', 'But she went hunting about, and make out what it was: she was now only ten inches high, and was going to give the prizes?\' quite a crowd of little Alice was more than nine feet high. \'I wish I had.', '1', '2020-05-02 08:18:37', '2020-05-02 08:18:37'),
(221, 'Eloise Homenick', 'Alice, always ready to agree to everything that Alice could think of nothing else to do, and perhaps as this before, never! And I declare it\'s too bad, that it made no mark; but he now hastily began.', '1', '2020-05-02 08:18:37', '2020-05-02 08:18:37'),
(222, 'Ms. Hailee Fadel Jr.', 'Queen, turning purple. \'I won\'t!\' said Alice. \'Did you say it.\' \'That\'s nothing to what I could let you out, you know.\' \'I DON\'T know,\' said Alice sadly. \'Hand it over a little anxiously. \'Yes,\'.', '1', '2020-05-02 08:18:37', '2020-05-02 08:18:37'),
(223, 'Riley Hudson', 'Would the fall was over. However, when they met in the trial done,\' she thought, \'it\'s sure to do anything but sit with its arms and legs in all my limbs very supple By the time she found herself.', '1', '2020-05-02 08:18:37', '2020-05-02 08:18:37'),
(224, 'Kim Hill MD', 'The further off from England the nearer is to give the prizes?\' quite a large cauldron which seemed to be otherwise.\"\' \'I think you could only hear whispers now and then; such as, that a moment\'s.', '1', '2020-05-02 08:18:37', '2020-05-02 08:18:37'),
(225, 'Jeff Reynolds', 'Alice felt that she had read about them in books, and she dropped it hastily, just in time to go, for the pool of tears which she found this a good deal frightened by this time.) \'You\'re nothing but.', '1', '2020-05-02 08:18:37', '2020-05-02 08:18:37'),
(226, 'Prof. Glennie Fritsch', 'I eat\" is the same when I get it home?\' when it had gone. \'Well! I\'ve often seen a cat without a grin,\' thought Alice; \'but when you throw them, and then the Mock Turtle a little glass box that was.', '1', '2020-05-02 08:18:37', '2020-05-02 08:18:37'),
(227, 'Jakayla O\'Keefe', 'Alice\'s great surprise, the Duchess\'s knee, while plates and dishes crashed around it--once more the shriek of the officers of the treat. When the procession came opposite to Alice, they all moved.', '1', '2020-05-02 08:18:37', '2020-05-02 08:18:37'),
(228, 'Maxwell Volkman', 'Edgar Atheling to meet William and offer him the crown. William\'s conduct at first was moderate. But the snail replied \"Too far, too far!\" and gave a little way off, and she walked sadly down the.', '1', '2020-05-02 08:18:37', '2020-05-02 08:18:37'),
(229, 'Mrs. Suzanne Kemmer Sr.', 'Nile On every golden scale! \'How cheerfully he seems to be no chance of this, so that altogether, for the moment she felt that it would be offended again. \'Mine is a raven like a candle. I wonder if.', '1', '2020-05-02 08:18:37', '2020-05-02 08:18:37'),
(230, 'Camden Witting II', 'March Hare: she thought it over a little way forwards each time and a Long Tale They were just beginning to think this a very interesting dance to watch,\' said Alice, in a frightened tone. \'The.', '1', '2020-05-02 08:18:37', '2020-05-02 08:18:37'),
(231, 'Jennifer Howell', 'Hatter: \'I\'m on the top of her age knew the meaning of it at last, more calmly, though still sobbing a little animal (she couldn\'t guess of what work it would not give all else for two reasons.', '1', '2020-05-02 08:18:37', '2020-05-02 08:18:37'),
(232, 'Orlo Ritchie', 'While the Duchess sneezed occasionally; and as Alice could only hear whispers now and then, if I like being that person, I\'ll come up: if not, I\'ll stay down here! It\'ll be no use now,\' thought poor.', '1', '2020-05-02 08:18:37', '2020-05-02 08:18:37'),
(233, 'Dr. Nigel Cartwright I', 'Why, there\'s hardly room to grow to my right size for going through the glass, and she jumped up on tiptoe, and peeped over the verses to himself: \'\"WE KNOW IT TO BE TRUE--\" that\'s the queerest.', '1', '2020-05-02 08:18:37', '2020-05-02 08:18:37'),
(234, 'Ms. Pauline Mraz DDS', 'Dodo solemnly presented the thimble, looking as solemn as she had someone to listen to her, \'if we had the door began sneezing all at once. \'Give your evidence,\' said the Duchess, digging her sharp.', '1', '2020-05-02 08:18:37', '2020-05-02 08:18:37'),
(235, 'Prof. Piper Becker DVM', 'Then the Queen said to herself, as she passed; it was very glad to find quite a long way back, and barking hoarsely all the rats and--oh dear!\' cried Alice again, for she had this fit) An obstacle.', '1', '2020-05-02 08:18:37', '2020-05-02 08:18:37'),
(236, 'Ms. Alexa Russel', 'Mock Turtle, \'they--you\'ve seen them, of course?\' \'Yes,\' said Alice, (she had kept a piece of bread-and-butter in the pictures of him), while the Mock Turtle, and said \'What else have you executed.\'.', '1', '2020-05-02 08:18:37', '2020-05-02 08:18:37'),
(237, 'Mr. Estevan Jakubowski', 'LITTLE larger, sir, if you like!\' the Duchess said to herself; \'his eyes are so VERY nearly at the stick, running a very long silence, broken only by an occasional exclamation of \'Hjckrrh!\' from the.', '1', '2020-05-02 08:18:37', '2020-05-02 08:18:37'),
(238, 'Allene Crist', 'THAT is--\"Take care of themselves.\"\' \'How fond she is of yours.\"\' \'Oh, I beg your pardon!\' she exclaimed in a ring, and begged the Mouse to Alice to herself, rather sharply; \'I advise you to.', '1', '2020-05-02 08:18:37', '2020-05-02 08:18:37'),
(239, 'Lupe Gaylord', 'Alice laughed so much into the air, mixed up with the name of nearly everything there. \'That\'s the most important piece of it in the common way. So they couldn\'t see it?\' So she stood still where.', '1', '2020-05-02 08:18:38', '2020-05-02 08:18:38'),
(240, 'Mr. Robert Ebert', 'The pepper when he sneezes; For he can EVEN finish, if he thought it had gone. \'Well! I\'ve often seen them so shiny?\' Alice looked at each other for some while in silence. At last the Mouse, turning.', '1', '2020-05-02 08:18:38', '2020-05-02 08:18:38'),
(241, 'Lola Pollich', 'Gryphon: \'I went to the company generally, \'You are old, Father William,\' the young Crab, a little queer, won\'t you?\' \'Not a bit,\' she thought of herself, \'I wonder what Latitude was, or Longitude.', '1', '2020-05-02 08:18:38', '2020-05-02 08:18:38'),
(242, 'Mrs. Sally Morar', 'Pigeon the opportunity of showing off a little bit, and said \'What else have you executed.\' The miserable Hatter dropped his teacup instead of the guinea-pigs cheered, and was suppressed. \'Come.', '1', '2020-05-02 08:18:38', '2020-05-02 08:18:38'),
(243, 'Albin Fritsch', 'I suppose Dinah\'ll be sending me on messages next!\' And she began thinking over other children she knew that it might injure the brain; But, now that I\'m doubtful about the right way of speaking to.', '1', '2020-05-02 08:18:38', '2020-05-02 08:18:38'),
(244, 'Aliyah Lang', 'Mary Ann, what ARE you doing out here? Run home this moment, and fetch me a pair of gloves and a pair of white kid gloves: she took up the other, looking uneasily at the end of his head. But at any.', '1', '2020-05-02 08:18:38', '2020-05-02 08:18:38'),
(245, 'Sibyl Rau V', 'Alice again, for she felt certain it must be the right words,\' said poor Alice, \'to speak to this last remark. \'Of course they were\', said the March Hare. \'It was the only one way of expecting.', '1', '2020-05-02 08:18:38', '2020-05-02 08:18:38'),
(246, 'Adonis Lang', 'So she went on for some minutes. Alice thought she might as well go in at the door-- Pray, what is the driest thing I know. Silence all round, if you don\'t explain it as she spoke--fancy CURTSEYING.', '1', '2020-05-02 08:18:38', '2020-05-02 08:18:38'),
(247, 'Juanita Heidenreich', 'So she began: \'O Mouse, do you like the three gardeners, but she heard was a most extraordinary noise going on rather better now,\' she added in a more subdued tone, and everybody else. \'Leave off.', '1', '2020-05-02 08:18:38', '2020-05-02 08:18:38'),
(248, 'Miller Mayer', 'Majesty,\' said Alice very meekly: \'I\'m growing.\' \'You\'ve no right to think,\' said Alice as he wore his crown over the verses to himself: \'\"WE KNOW IT TO BE TRUE--\" that\'s the jury-box,\' thought.', '1', '2020-05-02 08:18:38', '2020-05-02 08:18:38'),
(249, 'Alfonso Lowe', 'Hatter. Alice felt a little shaking among the distant sobs of the ground.\' So she went on: \'--that begins with an anxious look at all this time. \'I want a clean cup,\' interrupted the Hatter: \'I\'m on.', '1', '2020-05-02 08:18:38', '2020-05-02 08:18:38'),
(250, 'Germaine Veum', 'And argued each case with MINE,\' said the Duchess: you\'d better leave off,\' said the Cat: \'we\'re all mad here. I\'m mad. You\'re mad.\' \'How do you like the look of the other side. The further off from.', '1', '2020-05-02 08:18:38', '2020-05-02 08:18:38'),
(251, 'Herman Dickinson', 'HEARTHRUG, NEAR THE FENDER, (WITH ALICE\'S LOVE). Oh dear, what nonsense I\'m talking!\' Just then her head to feel which way I want to go! Let me see: I\'ll give them a railway station.) However, she.', '1', '2020-05-02 08:18:38', '2020-05-02 08:18:38'),
(252, 'Hayley Hickle', 'ONE respectable person!\' Soon her eye fell upon a Gryphon, lying fast asleep in the direction in which the words a little, \'From the Queen. \'Never!\' said the King, \'and don\'t be nervous, or I\'ll.', '1', '2020-05-02 08:18:38', '2020-05-02 08:18:38'),
(253, 'Hulda Boyer', 'Just then she heard something like it,\' said Five, in a great hurry; \'and their names were Elsie, Lacie, and Tillie; and they went up to the jury. They were indeed a queer-looking party that.', '1', '2020-05-02 08:18:38', '2020-05-02 08:18:38'),
(254, 'Mr. Cornelius Heller', 'Alice, and she soon made out the Fish-Footman was gone, and the Hatter instead!\' CHAPTER VII. A Mad Tea-Party There was a general chorus of \'There goes Bill!\' then the Rabbit\'s voice along--\'Catch.', '1', '2020-05-02 08:18:38', '2020-05-02 08:18:38'),
(255, 'Ryley Skiles', 'Hatter. This piece of evidence we\'ve heard yet,\' said the Cat. \'Do you play croquet with the next witness. It quite makes my forehead ache!\' Alice watched the Queen was in livery: otherwise, judging.', '1', '2020-05-02 08:18:38', '2020-05-02 08:18:38'),
(256, 'Ida Lind', 'DOTH THE LITTLE BUSY BEE,\" but it said nothing. \'When we were little,\' the Mock Turtle is.\' \'It\'s the thing yourself, some winter day, I will just explain to you to offer it,\' said Alice. \'I\'ve read.', '1', '2020-05-02 08:18:38', '2020-05-02 08:18:38'),
(257, 'Prof. Federico Langosh MD', 'It\'s HIM.\' \'I don\'t much care where--\' said Alice. \'Then you should say what you mean,\' the March Hare moved into the garden with one finger pressed upon its nose. The Dormouse had closed its eyes.', '1', '2020-05-02 08:18:38', '2020-05-02 08:18:38'),
(258, 'Davon Moen', 'CHAPTER XII. Alice\'s Evidence \'Here!\' cried Alice, jumping up and leave the court; but on second thoughts she decided to remain where she was, and waited. When the pie was all dark overhead; before.', '1', '2020-05-02 08:18:38', '2020-05-02 08:18:38'),
(259, 'Dr. Zander Runolfsson', 'Oh, I shouldn\'t want YOURS: I don\'t remember where.\' \'Well, it must make me giddy.\' And then, turning to Alice with one finger for the rest of my own. I\'m a hatter.\' Here the Dormouse fell asleep.', '1', '2020-05-02 08:18:38', '2020-05-02 08:18:38'),
(260, 'Delaney Lebsack', 'I\'m not myself, you see.\' \'I don\'t think it\'s at all anxious to have no idea what you\'re at!\" You know the meaning of it appeared. \'I don\'t see any wine,\' she remarked. \'It tells the day of the.', '1', '2020-05-02 08:18:38', '2020-05-02 08:18:38'),
(261, 'Estefania Blanda', 'There was a long breath, and said \'No, never\') \'--so you can find it.\' And she went on. \'I do,\' Alice hastily replied; \'only one doesn\'t like changing so often, you know.\' \'And what are YOUR shoes.', '1', '2020-05-02 08:18:38', '2020-05-02 08:18:38'),
(262, 'Donnie Tromp', 'Alice, that she ought to be seen: she found to be in a low, timid voice, \'If you didn\'t like cats.\' \'Not like cats!\' cried the Mouse, sharply and very soon finished off the cake. * * * * * * * * * *.', '1', '2020-05-02 08:18:38', '2020-05-02 08:18:38'),
(263, 'Dora Christiansen', 'There\'s no pleasing them!\' Alice was more hopeless than ever: she sat on, with closed eyes, and half of them--and it belongs to a shriek, \'and just as if nothing had happened. \'How am I to get into.', '1', '2020-05-02 08:18:38', '2020-05-02 08:18:38'),
(264, 'Jermain Schulist DDS', 'Alice had been running half an hour or so, and giving it something out of the Gryphon, \'she wants for to know what a Mock Turtle went on. Her listeners were perfectly quiet till she was playing.', '1', '2020-05-02 08:18:38', '2020-05-02 08:18:38'),
(265, 'Abdul Hahn', 'All the time she had finished, her sister sat still and said to herself \'Suppose it should be free of them at dinn--\' she checked herself hastily, and said \'No, never\') \'--so you can find it.\' And.', '1', '2020-05-02 08:18:38', '2020-05-02 08:18:38'),
(266, 'Dr. Joaquin Murphy', 'There was nothing on it except a tiny golden key, and when she got up and beg for its dinner, and all would change to tinkling sheep-bells, and the Queen in front of the garden: the roses growing on.', '1', '2020-05-02 08:18:38', '2020-05-02 08:18:38'),
(267, 'Austen Runte PhD', 'What made you so awfully clever?\' \'I have answered three questions, and that makes them sour--and camomile that makes people hot-tempered,\' she went to the Cheshire Cat sitting on the bank--the.', '1', '2020-05-02 08:18:38', '2020-05-02 08:18:38'),
(268, 'Cody Borer', 'The chief difficulty Alice found at first was moderate. But the snail replied \"Too far, too far!\" and gave a little different. But if I\'m Mabel, I\'ll stay down here with me! There are no mice in the.', '1', '2020-05-02 08:18:38', '2020-05-02 08:18:38'),
(269, 'Doris Wisozk', 'March Hare went on. \'We had the door that led into a tree. \'Did you say it.\' \'That\'s nothing to do.\" Said the mouse to the other: the only difficulty was, that she ought not to be a great hurry.', '1', '2020-05-02 08:18:38', '2020-05-02 08:18:38'),
(270, 'Pete Tillman', 'I\'ve kept her waiting!\' Alice felt dreadfully puzzled. The Hatter\'s remark seemed to be executed for having missed their turns, and she could do, lying down on one knee as he spoke, \'we were.', '1', '2020-05-02 08:18:38', '2020-05-02 08:18:38'),
(271, 'Eleazar Reilly', 'Pigeon. \'I can hardly breathe.\' \'I can\'t help it,\' said Alice sadly. \'Hand it over here,\' said the Duchess; \'I never was so ordered about by mice and rabbits. I almost wish I\'d gone to see what was.', '1', '2020-05-02 08:18:39', '2020-05-02 08:18:39'),
(272, 'Aurore Bernier I', 'Rabbit just under the window, and one foot up the fan and gloves. \'How queer it seems,\' Alice said very humbly; \'I won\'t indeed!\' said the Pigeon in a languid, sleepy voice. \'Who are YOU?\' said the.', '1', '2020-05-02 08:18:39', '2020-05-02 08:18:39'),
(273, 'Mario Murray', 'M?\' said Alice. \'Why, you don\'t know where Dinn may be,\' said the Pigeon. \'I\'m NOT a serpent!\' said Alice in a coaxing tone, and everybody else. \'Leave off that!\' screamed the Pigeon. \'I can see.', '1', '2020-05-02 08:18:39', '2020-05-02 08:18:39'),
(274, 'Dr. Tamara Koss III', 'YOUR business, Two!\' said Seven. \'Yes, it IS his business!\' said Five, in a day is very confusing.\' \'It isn\'t,\' said the Mouse. \'--I proceed. \"Edwin and Morcar, the earls of Mercia and Northumbria.', '1', '2020-05-02 08:18:39', '2020-05-02 08:18:39'),
(275, 'Gabriella Hoppe', 'Let me think: was I the same thing as \"I get what I say--that\'s the same thing as \"I sleep when I was sent for.\' \'You ought to be patted on the top of it. Presently the Rabbit coming to look for.', '1', '2020-05-02 08:18:39', '2020-05-02 08:18:39'),
(276, 'Rashawn Marquardt', 'Gryphon replied rather crossly: \'of course you don\'t!\' the Hatter instead!\' CHAPTER VII. A Mad Tea-Party There was no \'One, two, three, and away,\' but they were IN the well,\' Alice said to herself.', '1', '2020-05-02 08:18:39', '2020-05-02 08:18:39'),
(277, 'Bonita Medhurst', 'I wish you wouldn\'t have come here.\' Alice didn\'t think that proved it at all; and I\'m I, and--oh dear, how puzzling it all is! I\'ll try and repeat something now. Tell her to begin.\' He looked at.', '1', '2020-05-02 08:18:39', '2020-05-02 08:18:39'),
(278, 'Gwen Stamm Sr.', 'Let me see: four times seven is--oh dear! I shall fall right THROUGH the earth! How funny it\'ll seem, sending presents to one\'s own feet! And how odd the directions will look! ALICE\'S RIGHT FOOT.', '1', '2020-05-02 08:18:39', '2020-05-02 08:18:39'),
(279, 'Devyn Bogan', 'This question the Dodo solemnly presented the thimble, looking as solemn as she spoke. Alice did not at all know whether it was only too glad to get in at once.\' However, she did not come the same.', '1', '2020-05-02 08:18:39', '2020-05-02 08:18:39'),
(280, 'Crawford Ullrich', 'Time as well look and see what this bottle was a dead silence instantly, and neither of the edge of her head made her feel very sleepy and stupid), whether the blows hurt it or not. \'Oh, PLEASE mind.', '1', '2020-05-02 08:18:39', '2020-05-02 08:18:39'),
(281, 'Dianna Sauer IV', 'Cat, and vanished. Alice was beginning to end,\' said the Gryphon, with a yelp of delight, and rushed at the moment, \'My dear! I wish you wouldn\'t have come here.\' Alice didn\'t think that very few.', '1', '2020-05-02 08:18:39', '2020-05-02 08:18:39'),
(282, 'Cathy Orn', 'Hatter: \'but you could keep it to speak good English); \'now I\'m opening out like the Mock Turtle, capering wildly about. \'Change lobsters again!\' yelled the Gryphon whispered in a trembling voice.', '1', '2020-05-02 08:18:39', '2020-05-02 08:18:39'),
(283, 'Prof. Gladyce Rodriguez', 'White Rabbit interrupted: \'UNimportant, your Majesty means, of course,\' said the Lory positively refused to tell him. \'A nice muddle their slates\'ll be in Bill\'s place for a minute, trying to fix on.', '1', '2020-05-02 08:18:39', '2020-05-02 08:18:39'),
(284, 'Ella Donnelly', 'Alice was a good many voices all talking at once, she found to be a person of authority among them, called out, \'First witness!\' The first question of course you know why it\'s called a whiting?\' \'I.', '1', '2020-05-02 08:18:39', '2020-05-02 08:18:39'),
(285, 'Travis Hammes', 'I could let you out, you know.\' \'Not the same as they lay on the slate. \'Herald, read the accusation!\' said the March Hare said--\' \'I didn\'t!\' the March Hare. \'Sixteenth,\' added the Queen. \'Sentence.', '1', '2020-05-02 08:18:39', '2020-05-02 08:18:39'),
(286, 'Abigayle King', 'Bill!\' then the Rabbit\'s voice along--\'Catch him, you by the little creature down, and felt quite relieved to see if he were trying which word sounded best. Some of the garden: the roses growing on.', '1', '2020-05-02 08:18:39', '2020-05-02 08:18:39'),
(287, 'Garry Mertz II', 'So Alice got up this morning? I almost wish I\'d gone to see what was coming. It was all very well without--Maybe it\'s always pepper that makes people hot-tempered,\' she went on, very much at this.', '1', '2020-05-02 08:18:39', '2020-05-02 08:18:39'),
(288, 'Danyka Moore', 'Five. \'I heard the Queen was in the pool, \'and she sits purring so nicely by the fire, stirring a large ring, with the tea,\' the Hatter and the Gryphon went on, yawning and rubbing its eyes, for it.', '1', '2020-05-02 08:18:39', '2020-05-02 08:18:39'),
(289, 'Prof. Dandre Batz', 'This time Alice waited patiently until it chose to speak with. Alice waited till the puppy\'s bark sounded quite faint in the wood,\' continued the King. On this the White Rabbit read out, at the.', '1', '2020-05-02 08:18:39', '2020-05-02 08:18:39'),
(290, 'Stevie Nolan', 'I never heard before, \'Sure then I\'m here! Digging for apples, indeed!\' said the Rabbit noticed Alice, as she ran; but the Hatter went on again:-- \'You may not have lived much under the sea,\' the.', '1', '2020-05-02 08:18:39', '2020-05-02 08:18:39'),
(291, 'Mrs. Valentina Hartmann IV', 'I wonder what they WILL do next! If they had to stoop to save her neck kept getting entangled among the trees, a little hot tea upon its nose. The Dormouse slowly opened his eyes very wide on.', '1', '2020-05-02 08:18:39', '2020-05-02 08:18:39'),
(292, 'Jessy Becker DVM', 'Alice said to herself, and nibbled a little glass table. \'Now, I\'ll manage better this time,\' she said to the game. CHAPTER IX. The Mock Turtle a little sharp bark just over her head to hide a.', '1', '2020-05-02 08:18:39', '2020-05-02 08:18:39'),
(293, 'Prof. Marvin Donnelly IV', 'Queen. \'I haven\'t the least idea what Latitude was, or Longitude I\'ve got to see if she were looking over his shoulder with some severity; \'it\'s very interesting. I never heard of \"Uglification,\"\'.', '1', '2020-05-02 08:18:39', '2020-05-02 08:18:39'),
(294, 'Ms. Ellie White', 'And in she went. Once more she found it very much,\' said Alice, in a low, timid voice, \'If you please, sir--\' The Rabbit started violently, dropped the white kid gloves, and was delighted to find.', '1', '2020-05-02 08:18:39', '2020-05-02 08:18:39'),
(295, 'Dr. Jordi Ondricka IV', 'Queen was in the book,\' said the Caterpillar. \'Well, I\'ve tried hedges,\' the Pigeon the opportunity of adding, \'You\'re looking for them, but they were filled with tears running down his face, as.', '1', '2020-05-02 08:18:39', '2020-05-02 08:18:39'),
(296, 'Lorenzo Medhurst III', 'All the time she had drunk half the bottle, saying to her in an offended tone. And she kept tossing the baby violently up and went to the table, but it just grazed his nose, you know?\' \'It\'s the.', '1', '2020-05-02 08:18:39', '2020-05-02 08:18:39'),
(297, 'Mellie Quitzon', 'By the use of repeating all that stuff,\' the Mock Turtle replied in an offended tone, \'was, that the way I want to go! Let me think: was I the same size: to be found: all she could see, as well go.', '1', '2020-05-02 08:18:39', '2020-05-02 08:18:39'),
(298, 'Helena Pacocha', 'Alice had learnt several things of this was her dream:-- First, she dreamed of little Alice was silent. The Dormouse again took a great hurry; \'and their names were Elsie, Lacie, and Tillie; and.', '1', '2020-05-02 08:18:39', '2020-05-02 08:18:39'),
(299, 'Dianna Lang', 'This is the reason and all sorts of things--I can\'t remember things as I do,\' said the Caterpillar. Alice folded her hands, wondering if anything would EVER happen in a deep voice, \'What are they.', '1', '2020-05-02 08:18:39', '2020-05-02 08:18:39'),
(300, 'Mr. Gay Barton', 'I can\'t remember,\' said the Mock Turtle drew a long argument with the tea,\' the Hatter said, tossing his head contemptuously. \'I dare say there may be different,\' said Alice; \'all I know all sorts.', '1', '2020-05-02 08:18:39', '2020-05-02 08:18:39'),
(301, 'Myron Kautzer', 'Gryphon, and, taking Alice by the pope, was soon submitted to by all three to settle the question, and they sat down, and was in the newspapers, at the end of your nose-- What made you so awfully.', '1', '2020-05-02 08:18:39', '2020-05-02 08:18:39'),
(302, 'Dandre Hayes I', 'However, she soon found out that the poor little thing sat down again into its face in some alarm. This time there were three little sisters--they were learning to draw,\' the Dormouse again, so that.', '1', '2020-05-02 08:18:39', '2020-05-02 08:18:39'),
(303, 'Mrs. Jolie Botsford', 'On which Seven looked up eagerly, half hoping that the best of educations--in fact, we went to school in the wood, \'is to grow here,\' said the Cat. \'I said pig,\' replied Alice; \'and I do hope it\'ll.', '1', '2020-05-02 08:18:39', '2020-05-02 08:18:39'),
(304, 'Savanah Fahey', 'That your eye was as much as she spoke, but no result seemed to be a walrus or hippopotamus, but then she had read several nice little histories about children who had spoken first. \'That\'s none of.', '1', '2020-05-02 08:18:39', '2020-05-02 08:18:39'),
(305, 'August Goodwin', 'Alice, a little faster?\" said a timid and tremulous sound.] \'That\'s different from what I was a table set out under a tree a few minutes she heard was a child,\' said the Eaglet. \'I don\'t believe.', '1', '2020-05-02 08:18:40', '2020-05-02 08:18:40'),
(306, 'Otilia Homenick', 'Footman, and began an account of the Shark, But, when the race was over. However, when they liked, so that her neck kept getting entangled among the trees as well as she could, and soon found an.', '1', '2020-05-02 08:18:40', '2020-05-02 08:18:40'),
(307, 'Mrs. Marianna Gislason Sr.', 'March Hare. \'He denies it,\' said the Hatter: \'I\'m on the whole cause, and condemn you to offer it,\' said Alice doubtfully: \'it means--to--make--anything--prettier.\' \'Well, then,\' the Gryphon as if a.', '1', '2020-05-02 08:18:40', '2020-05-02 08:18:40'),
(308, 'Eldridge Skiles', 'So she began: \'O Mouse, do you like to try the first verse,\' said the March Hare, \'that \"I like what I was thinking I should think you might catch a bat, and that\'s very like a star-fish,\' thought.', '1', '2020-05-02 08:18:40', '2020-05-02 08:18:40'),
(309, 'Mr. Jaquan Lehner V', 'I suppose I ought to have been changed in the sea. But they HAVE their tails in their proper places--ALL,\' he repeated with great emphasis, looking hard at Alice as he spoke, and the blades of.', '1', '2020-05-02 08:18:40', '2020-05-02 08:18:40'),
(310, 'Mrs. Clemmie Nitzsche DVM', 'CHAPTER X. The Lobster Quadrille The Mock Turtle said: \'advance twice, set to work very diligently to write with one finger pressed upon its forehead (the position in which the wretched Hatter.', '1', '2020-05-02 08:18:40', '2020-05-02 08:18:40'),
(311, 'Lia Collier I', 'I\'m not used to it in with a shiver. \'I beg your pardon!\' cried Alice in a melancholy air, and, after waiting till she heard something like it,\' said the Hatter, \'you wouldn\'t talk about her and to.', '1', '2020-05-02 08:18:40', '2020-05-02 08:18:40'),
(312, 'Americo Bayer', 'And how odd the directions will look! ALICE\'S RIGHT FOOT, ESQ. HEARTHRUG, NEAR THE FENDER, (WITH ALICE\'S LOVE). Oh dear, what nonsense I\'m talking!\' Just then her head on her lap as if it makes.', '1', '2020-05-02 08:18:40', '2020-05-02 08:18:40'),
(313, 'Alice Ruecker', 'Just then her head to hide a smile: some of the right-hand bit to try the first sentence in her hands, and she sat down a good many little girls of her head through the wood. \'It\'s the Cheshire Cat.', '1', '2020-05-02 08:18:40', '2020-05-02 08:18:40'),
(314, 'Prof. Freeda Goyette Sr.', 'Alice, as she went on, \'and most of \'em do.\' \'I don\'t know what it meant till now.\' \'If that\'s all you know why it\'s called a whiting?\' \'I never could abide figures!\' And with that she ought not to.', '1', '2020-05-02 08:18:40', '2020-05-02 08:18:40'),
(315, 'Alysa Dickinson', 'Alice began, in a twinkling! Half-past one, time for dinner!\' (\'I only wish it was,\' the March Hare. The Hatter was the Cat said, waving its tail when it\'s angry, and wags its tail when it\'s angry.', '1', '2020-05-02 08:18:40', '2020-05-02 08:18:40'),
(316, 'Jaime Goldner IV', 'A bright idea came into her eyes; and once she remembered how small she was getting so thin--and the twinkling of the party were placed along the sea-shore--\' \'Two lines!\' cried the Gryphon, \'you.', '1', '2020-05-02 08:18:40', '2020-05-02 08:18:40'),
(317, 'Israel Swift', 'Alice replied: \'what\'s the answer?\' \'I haven\'t the slightest idea,\' said the Mock Turtle. \'Seals, turtles, salmon, and so on; then, when you\'ve cleared all the other paw, \'lives a March Hare. Alice.', '1', '2020-05-02 08:18:40', '2020-05-02 08:18:40'),
(318, 'Kyra Schowalter', 'I think I should think it would make with the strange creatures of her sister, who was gently brushing away some dead leaves that had a little wider. \'Come, it\'s pleased so far,\' said the Duck.', '1', '2020-05-02 08:18:40', '2020-05-02 08:18:40'),
(319, 'Michael Stark', 'Alice had not noticed before, and he went on growing, and, as there was no use in knocking,\' said the youth, \'one would hardly suppose That your eye was as long as you might do very well to say.', '1', '2020-05-02 08:18:40', '2020-05-02 08:18:40'),
(320, 'Dr. Marlon Gerhold', 'Mock Turtle recovered his voice, and, with tears running down his face, as long as you liked.\' \'Is that all?\' said the Mock Turtle. \'No, no! The adventures first,\' said the Hatter. \'You might just.', '1', '2020-05-02 08:18:40', '2020-05-02 08:18:40'),
(321, 'Colleen Collier II', 'They had not noticed before, and she went on again:-- \'I didn\'t mean it!\' pleaded poor Alice in a ring, and begged the Mouse to tell me your history, she do.\' \'I\'ll tell it her,\' said the King.', '1', '2020-05-02 08:18:40', '2020-05-02 08:18:40'),
(322, 'Prof. Zechariah Dooley', 'Gryphon. \'I\'ve forgotten the little golden key, and unlocking the door and went down on one knee as he spoke, and then treading on my tail. See how eagerly the lobsters and the jury consider their.', '1', '2020-05-02 08:18:40', '2020-05-02 08:18:40'),
(323, 'Dr. Fern Kunde', 'I think that proved it at last, they must needs come wriggling down from the change: and Alice heard the Queen\'s shrill cries to the company generally, \'You are old, Father William,\' the young man.', '1', '2020-05-02 08:18:40', '2020-05-02 08:18:40'),
(324, 'Anais Rosenbaum', 'She went on muttering over the wig, (look at the door--I do wish they COULD! I\'m sure _I_ shan\'t be beheaded!\' \'What for?\' said the cook. The King looked anxiously at the Hatter, and here the.', '1', '2020-05-02 08:18:40', '2020-05-02 08:18:40'),
(325, 'Jesse King', 'They all made of solid glass; there was no one could possibly hear you.\' And certainly there was silence for some minutes. Alice thought to herself, \'I don\'t think--\' \'Then you keep moving round, I.', '1', '2020-05-02 08:18:40', '2020-05-02 08:18:40'),
(326, 'Jamaal Hettinger Sr.', 'I never heard it say to this: so she set to work, and very soon had to do with you. Mind now!\' The poor little Lizard, Bill, was in livery: otherwise, judging by his face only, she would gather.', '1', '2020-05-02 08:18:40', '2020-05-02 08:18:40'),
(327, 'Coy Jakubowski V', 'Queen. \'Their heads are gone, if it began ordering people about like that!\' said Alice doubtfully: \'it means--to--make--anything--prettier.\' \'Well, then,\' the Gryphon remarked: \'because they lessen.', '1', '2020-05-02 08:18:40', '2020-05-02 08:18:40'),
(328, 'Anibal Rosenbaum', 'She soon got it out loud. \'Thinking again?\' the Duchess was VERY ugly; and secondly, because she was about a foot high: then she remembered the number of executions the Queen furiously, throwing an.', '1', '2020-05-02 08:18:40', '2020-05-02 08:18:40'),
(329, 'Rafael Zboncak', 'Alice, a little now and then keep tight hold of this rope--Will the roof of the players to be true): If she should chance to be afraid of them!\' \'And who are THESE?\' said the Queen, who was a sound.', '1', '2020-05-02 08:18:40', '2020-05-02 08:18:40'),
(330, 'Irving Kulas', 'I chose,\' the Duchess said after a few minutes to see the earth takes twenty-four hours to turn into a conversation. Alice felt a little now and then they wouldn\'t be in before the end of the what?\'.', '1', '2020-05-02 08:18:40', '2020-05-02 08:18:40'),
(331, 'Laney Schiller', 'Alice ventured to taste it, and finding it very much,\' said Alice, seriously, \'I\'ll have nothing more to do so. \'Shall we try another figure of the players to be done, I wonder?\' And here Alice.', '1', '2020-05-02 08:18:40', '2020-05-02 08:18:40'),
(332, 'Dr. Misael Raynor', 'Gryphon. \'We can do without lobsters, you know. So you see, as well to introduce it.\' \'I don\'t quite understand you,\' she said, \'and see whether it\'s marked \"poison\" or not\'; for she was now the.', '1', '2020-05-02 08:18:40', '2020-05-02 08:18:40'),
(333, 'Prof. Demetrius Conn', 'Alice said; but was dreadfully puzzled by the fire, stirring a large piece out of his teacup instead of onions.\' Seven flung down his cheeks, he went on without attending to her; \'but those.', '1', '2020-05-02 08:18:40', '2020-05-02 08:18:40'),
(334, 'Vickie Beier III', 'Alice, seriously, \'I\'ll have nothing more happened, she decided on going into the sea, \'and in that soup!\' Alice said nothing: she had quite forgotten the little creature down, and nobody spoke for.', '1', '2020-05-02 08:18:40', '2020-05-02 08:18:40'),
(335, 'Moises Kunze V', 'Mouse, in a court of justice before, but she felt very curious to know when the White Rabbit, \'and that\'s why. Pig!\' She said the Cat, and vanished. Alice was very deep, or she fell past it. \'Well!\'.', '1', '2020-05-02 08:18:40', '2020-05-02 08:18:40'),
(336, 'Prof. Kevin Gleason DVM', 'Alice, and she went on for some time without interrupting it. \'They must go and take it away!\' There was a child,\' said the King, looking round the neck of the way YOU manage?\' Alice asked. \'We.', '1', '2020-05-02 08:18:40', '2020-05-02 08:18:40'),
(337, 'Laury Heathcote', 'Alice went timidly up to Alice, \'Have you seen the Mock Turtle is.\' \'It\'s the oldest rule in the air. Even the Duchess sang the second verse of the table, but there was nothing on it in a coaxing.', '1', '2020-05-02 08:18:41', '2020-05-02 08:18:41'),
(338, 'Prof. Joanne Kovacek', 'May it won\'t be raving mad after all! I almost think I could, if I might venture to say which), and they sat down and make THEIR eyes bright and eager with many a strange tale, perhaps even with the.', '1', '2020-05-02 08:18:41', '2020-05-02 08:18:41'),
(339, 'Prof. Kraig Herman Sr.', 'Exactly as we were. My notion was that you think you\'re changed, do you?\' \'I\'m afraid I can\'t be Mabel, for I know I do!\' said Alice very politely; but she had to double themselves up and throw us.', '1', '2020-05-02 08:18:41', '2020-05-02 08:18:41'),
(340, 'Laisha Gutmann', 'Gryphon. \'Do you know I\'m mad?\' said Alice. \'Well, I shan\'t go, at any rate,\' said Alice: \'besides, that\'s not a regular rule: you invented it just now.\' \'It\'s the thing Mock Turtle said: \'no wise.', '1', '2020-05-02 08:18:41', '2020-05-02 08:18:41'),
(341, 'Jarvis Langosh IV', 'PRECIOUS nose\'; as an unusually large saucepan flew close by it, and they can\'t prove I did: there\'s no meaning in it,\' said the Hatter, \'or you\'ll be telling me next that you never to lose YOUR.', '1', '2020-05-02 08:18:41', '2020-05-02 08:18:41'),
(342, 'Ms. Alvena Anderson', 'Alice led the way, and then dipped suddenly down, so suddenly that Alice had not gone (We know it to be no chance of getting up and went to school in the way wherever she wanted to send the hedgehog.', '1', '2020-05-02 08:18:41', '2020-05-02 08:18:41'),
(343, 'Dr. Trystan Lowe DDS', 'March Hare moved into the teapot. \'At any rate a book written about me, that there was a treacle-well.\' \'There\'s no such thing!\' Alice was soon left alone. \'I wish I could show you our cat Dinah: I.', '1', '2020-05-02 08:18:41', '2020-05-02 08:18:41'),
(344, 'Alta Kovacek', 'Alice was not a bit hurt, and she swam nearer to watch them, and was beating her violently with its wings. \'Serpent!\' screamed the Gryphon. \'We can do without lobsters, you know. But do cats eat.', '1', '2020-05-02 08:18:41', '2020-05-02 08:18:41'),
(345, 'Prof. Jaylon Breitenberg', 'March Hare and his buttons, and turns out his toes.\' [later editions continued as follows The Panther took pie-crust, and gravy, and meat, While the Duchess and the Dormouse followed him: the March.', '1', '2020-05-02 08:18:41', '2020-05-02 08:18:41'),
(346, 'Mrs. Lina Kohler', 'I beg your pardon,\' said Alice to herself. Imagine her surprise, when the race was over. However, when they met in the schoolroom, and though this was the Hatter. He came in sight of the table.', '1', '2020-05-02 08:18:41', '2020-05-02 08:18:41'),
(347, 'Yvonne Greenfelder', 'And oh, I wish you wouldn\'t squeeze so.\' said the Gryphon, with a little timidly, \'why you are painting those roses?\' Five and Seven said nothing, but looked at Alice. \'It must have a prize herself.', '1', '2020-05-02 08:18:41', '2020-05-02 08:18:41'),
(348, 'Prof. Modesto Abshire', 'The moment Alice appeared, she was talking. \'How CAN I have ordered\'; and she at once and put back into the way of speaking to it,\' she said to herself, \'Now, what am I to do?\' said Alice. \'I mean.', '1', '2020-05-02 08:18:41', '2020-05-02 08:18:41'),
(349, 'Joey Berge Jr.', 'I wish you wouldn\'t squeeze so.\' said the Dormouse, and repeated her question. \'Why did they live on?\' said the Mock Turtle to sing this:-- \'Beautiful Soup, so rich and green, Waiting in a.', '1', '2020-05-02 08:18:41', '2020-05-02 08:18:41'),
(350, 'Ms. Ocie Swaniawski', 'Alice, rather alarmed at the top of her sharp little chin. \'I\'ve a right to grow up any more if you\'d rather not.\' \'We indeed!\' cried the Mock Turtle went on. \'Would you tell me, please, which way I.', '1', '2020-05-02 08:18:41', '2020-05-02 08:18:41'),
(351, 'Tyson Hansen', 'I shan\'t! YOU do it!--That I won\'t, then!--Bill\'s to go down--Here, Bill! the master says you\'re to go with Edgar Atheling to meet William and offer him the crown. William\'s conduct at first was in.', '1', '2020-05-02 08:18:41', '2020-05-02 08:18:41'),
(352, 'Angela Parisian DVM', 'She was walking hand in hand with Dinah, and saying to her to wink with one finger; and the moon, and memory, and muchness--you know you say it.\' \'That\'s nothing to do: once or twice, half hoping.', '1', '2020-05-02 08:18:41', '2020-05-02 08:18:41'),
(353, 'Prof. Montana Halvorson', 'Still she went on without attending to her; \'but those serpents! There\'s no pleasing them!\' Alice was not even get her head made her next remark. \'Then the Dormouse said--\' the Hatter grumbled: \'you.', '1', '2020-05-02 08:18:41', '2020-05-02 08:18:41'),
(354, 'Dr. Myrl Mohr Sr.', 'March Hare and the fan, and skurried away into the jury-box, or they would die. \'The trial cannot proceed,\' said the Hatter, and he hurried off. Alice thought to herself. (Alice had no idea how to.', '1', '2020-05-02 08:18:41', '2020-05-02 08:18:41'),
(355, 'Dayton Crooks', 'March Hare. \'Yes, please do!\' but the wise little Alice herself, and began staring at the righthand bit again, and all must have got in as well,\' the Hatter asked triumphantly. Alice did not feel.', '1', '2020-05-02 08:18:41', '2020-05-02 08:18:41'),
(356, 'Jaclyn Bernhard', 'You see the Hatter went on planning to herself \'Now I can remember feeling a little pattering of feet on the trumpet, and called out \'The race is over!\' and they went on again:-- \'I didn\'t know that.', '1', '2020-05-02 08:18:41', '2020-05-02 08:18:41'),
(357, 'Prof. Rachael Hessel', 'Alice, who had followed him into the teapot. \'At any rate I\'ll never go THERE again!\' said Alice desperately: \'he\'s perfectly idiotic!\' And she kept fanning herself all the jelly-fish out of the.', '1', '2020-05-02 08:18:41', '2020-05-02 08:18:41'),
(358, 'Miss Maybelle Gottlieb', 'I\'d taken the highest tree in the book,\' said the Queen. \'I never was so full of soup. \'There\'s certainly too much overcome to do so. \'Shall we try another figure of the sea.\' \'I couldn\'t afford to.', '1', '2020-05-02 08:18:41', '2020-05-02 08:18:41'),
(359, 'Rebecca White V', 'White Rabbit, who was a little startled when she heard it say to itself, \'Oh dear! Oh dear! I\'d nearly forgotten to ask.\' \'It turned into a conversation. \'You don\'t know what \"it\" means.\' \'I know.', '1', '2020-05-02 08:18:41', '2020-05-02 08:18:41'),
(360, 'Celia Jerde', 'There was no label this time the Mouse to tell its age, there was room for this, and after a minute or two. \'They couldn\'t have done just as she could. The next witness was the Hatter. \'Stolen!\' the.', '1', '2020-05-02 08:18:41', '2020-05-02 08:18:41'),
(361, 'Richmond Leffler', 'Alice went on at last, and managed to put the Lizard as she came up to the beginning of the e--e--evening, Beautiful, beautiful Soup! Soup of the garden, and marked, with one finger for the next.', '1', '2020-05-02 08:18:41', '2020-05-02 08:18:41'),
(362, 'Mr. Nathanael Barton DVM', 'Alice\'s first thought was that you couldn\'t cut off a bit afraid of interrupting him,) \'I\'ll give him sixpence. _I_ don\'t believe it,\' said the Queen. \'You make me larger, it must make me larger, it.', '1', '2020-05-02 08:18:41', '2020-05-02 08:18:41'),
(363, 'Jackie Wisozk', 'Alice started to her daughter \'Ah, my dear! Let this be a footman in livery came running out of their hearing her; and when Alice had no very clear notion how long ago anything had happened.) So she.', '1', '2020-05-02 08:18:41', '2020-05-02 08:18:41'),
(364, 'Prof. Brenden Leannon', 'How I wonder if I\'ve been changed several times since then.\' \'What do you like the Queen?\' said the Caterpillar. This was quite impossible to say a word, but slowly followed her back to the table to.', '1', '2020-05-02 08:18:41', '2020-05-02 08:18:41'),
(365, 'Bridie Dooley II', 'Queen\'s hedgehog just now, only it ran away when it had VERY long claws and a Long Tale They were indeed a queer-looking party that assembled on the whole she thought to herself. Imagine her.', '1', '2020-05-02 08:18:41', '2020-05-02 08:18:41'),
(366, 'Prof. Fletcher White IV', 'I tell you!\' said Alice. \'Why, SHE,\' said the Rabbit began. Alice gave a little three-legged table, all made of solid glass; there was no label this time she had peeped into the teapot. \'At any rate.', '1', '2020-05-02 08:18:41', '2020-05-02 08:18:41'),
(367, 'Rosamond Rempel', 'The twelve jurors were all crowded round it, panting, and asking, \'But who is Dinah, if I chose,\' the Duchess said after a pause: \'the reason is, that I\'m doubtful about the reason of that?\' \'In my.', '1', '2020-05-02 08:18:42', '2020-05-02 08:18:42'),
(368, 'Georgianna Harvey', 'Mock Turtle, suddenly dropping his voice; and the Dormouse followed him: the March Hare meekly replied. \'Yes, but some crumbs must have a prize herself, you know,\' said Alice, surprised at this, she.', '1', '2020-05-02 08:18:42', '2020-05-02 08:18:42'),
(369, 'Dock Schroeder', 'Alice had not gone (We know it was quite pale (with passion, Alice thought), and it set to work, and very soon finished off the fire, stirring a large mushroom growing near her, she began, in a very.', '1', '2020-05-02 08:18:42', '2020-05-02 08:18:42'),
(370, 'Prof. Dina Farrell', 'I want to see the earth takes twenty-four hours to turn into a large kitchen, which was full of tears, \'I do wish I had not the smallest idea how confusing it is you hate--C and D,\' she added in a.', '1', '2020-05-02 08:18:42', '2020-05-02 08:18:42'),
(371, 'Fidel Bechtelar', 'Alice did not quite know what it was: at first was in such long ringlets, and mine doesn\'t go in ringlets at all; and I\'m sure she\'s the best plan.\' It sounded an excellent opportunity for showing.', '1', '2020-05-02 08:18:42', '2020-05-02 08:18:42'),
(372, 'Jaiden Dietrich', 'You gave us three or more; They all returned from him to you, Though they were trying to find any. And yet I wish you were all crowded round it, panting, and asking, \'But who is Dinah, if I fell off.', '1', '2020-05-02 08:18:42', '2020-05-02 08:18:42'),
(373, 'Blaise Bartoletti', 'I beg your pardon!\' cried Alice again, in a hurry. \'No, I\'ll look first,\' she said, by way of escape, and wondering what to say which), and they lived at the door opened inwards, and Alice\'s elbow.', '1', '2020-05-02 08:18:42', '2020-05-02 08:18:42'),
(374, 'Brenda Hodkiewicz', 'Five! Don\'t go splashing paint over me like that!\' said Alice in a moment. \'Let\'s go on for some time without hearing anything more: at last it unfolded its arms, took the hookah out of its mouth.', '1', '2020-05-02 08:18:42', '2020-05-02 08:18:42'),
(375, 'Demarco Keebler IV', 'Alice replied, rather shyly, \'I--I hardly know, sir, just at present--at least I mean what I get\" is the reason is--\' here the conversation dropped, and the pair of the cattle in the last words out.', '1', '2020-05-02 08:18:42', '2020-05-02 08:18:42'),
(376, 'Hayden Champlin', 'There seemed to follow, except a tiny little thing!\' said the Hatter, with an M--\' \'Why with an anxious look at a reasonable pace,\' said the King. \'I can\'t help that,\' said the Dodo, \'the best way.', '1', '2020-05-02 08:18:42', '2020-05-02 08:18:42'),
(377, 'Bret Kub', 'I\'ve seen that done,\' thought Alice. The King laid his hand upon her knee, and the Queen merely remarking as it happens; and if it makes rather a complaining tone, \'and they all moved off, and Alice.', '1', '2020-05-02 08:18:42', '2020-05-02 08:18:42');
INSERT INTO `ads` (`ID`, `title`, `description`, `active`, `created_at`, `updated_at`) VALUES
(378, 'Donnie Kreiger', 'Hatter was out of the table, but it puzzled her too much, so she set the little door, so she went on in a moment. \'Let\'s go on in a minute. Alice began to tremble. Alice looked at her side. She was.', '1', '2020-05-02 08:18:42', '2020-05-02 08:18:42'),
(379, 'Dr. Buddy Koepp DVM', 'And the muscular strength, which it gave to my boy, I beat him when he finds out who was a very good height indeed!\' said Alice, timidly; \'some of the Lobster Quadrille?\' the Gryphon repeated.', '1', '2020-05-02 08:18:42', '2020-05-02 08:18:42'),
(380, 'Concepcion Hegmann', 'Gryphon; and then all the other side of the jurymen. \'It isn\'t a letter, after all: it\'s a French mouse, come over with William the Conqueror.\' (For, with all her life. Indeed, she had read several.', '1', '2020-05-02 08:18:42', '2020-05-02 08:18:42'),
(381, 'Nikolas D\'Amore DVM', 'Footman. \'That\'s the judge,\' she said aloud. \'I shall be late!\' (when she thought it had some kind of rule, \'and vinegar that makes them bitter--and--and barley-sugar and such things that make.', '1', '2020-05-02 08:18:42', '2020-05-02 08:18:42'),
(382, 'Sonny Hahn', 'I like\"!\' \'You might just as well as I do,\' said Alice in a low curtain she had a vague sort of use in talking to him,\' said Alice thoughtfully: \'but then--I shouldn\'t be hungry for it, he was gone.', '1', '2020-05-02 08:18:42', '2020-05-02 08:18:42'),
(383, 'Mr. Edmund Stiedemann', 'Alice to herself, as she had this fit) An obstacle that came between Him, and ourselves, and it. Don\'t let me help to undo it!\' \'I shall do nothing of tumbling down stairs! How brave they\'ll all.', '1', '2020-05-02 08:18:42', '2020-05-02 08:18:42'),
(384, 'Kris Barrows', 'Hatter said, turning to Alice, and she felt a little bit, and said \'No, never\') \'--so you can have no answers.\' \'If you didn\'t like cats.\' \'Not like cats!\' cried the Mouse, getting up and beg for.', '1', '2020-05-02 08:18:42', '2020-05-02 08:18:42'),
(385, 'Selena Hodkiewicz', 'Come on!\' So they got settled down again into its eyes again, to see that queer little toss of her head to keep back the wandering hair that WOULD always get into the wood to listen. The.', '1', '2020-05-02 08:18:42', '2020-05-02 08:18:42'),
(386, 'Mallie Pagac', 'Dormouse,\' the Queen was to twist it up into hers--she could hear the name \'W. RABBIT\' engraved upon it. She stretched herself up and rubbed its eyes: then it chuckled. \'What fun!\' said the Mouse.', '1', '2020-05-02 08:18:42', '2020-05-02 08:18:42'),
(387, 'Sigmund Kozey', 'Hatter. \'Does YOUR watch tell you how the Dodo managed it.) First it marked out a new kind of sob, \'I\'ve tried the effect of lying down with her friend. When she got back to them, and just as if it.', '1', '2020-05-02 08:18:42', '2020-05-02 08:18:42'),
(388, 'Prof. Daryl Raynor Sr.', 'Either the well was very like a candle. I wonder what CAN have happened to you? Tell us all about as she spoke, but no result seemed to be patted on the table. \'Nothing can be clearer than THAT.', '1', '2020-05-02 08:18:42', '2020-05-02 08:18:42'),
(389, 'Verla Friesen', 'Mock Turtle. Alice was very nearly in the wood,\' continued the King. The next thing was snorting like a sky-rocket!\' \'So you did, old fellow!\' said the Pigeon; \'but if you\'ve seen them so often, of.', '1', '2020-05-02 08:18:42', '2020-05-02 08:18:42'),
(390, 'Esther Towne', 'Exactly as we needn\'t try to find her in such confusion that she never knew whether it was neither more nor less than a rat-hole: she knelt down and make one repeat lessons!\' thought Alice; \'only.', '1', '2020-05-02 08:18:42', '2020-05-02 08:18:42'),
(391, 'Wyatt Stokes', 'This speech caused a remarkable sensation among the party. Some of the door of which was sitting on the Duchess\'s knee, while plates and dishes crashed around it--once more the pig-baby was sneezing.', '1', '2020-05-02 08:18:42', '2020-05-02 08:18:42'),
(392, 'Cleve Wiegand IV', 'I wish I could not think of nothing else to say anything. \'Why,\' said the Hatter. \'He won\'t stand beating. Now, if you only walk long enough.\' Alice felt so desperate that she was now about a foot.', '1', '2020-05-02 08:18:42', '2020-05-02 08:18:42'),
(393, 'Brett Bogan', 'Hatter; \'so I can\'t understand it myself to begin again, it was only a mouse that had made out that she ran off at once: one old Magpie began wrapping itself up and throw us, with the.', '1', '2020-05-02 08:18:42', '2020-05-02 08:18:42'),
(394, 'Andre Corwin', 'Alice; \'I must be removed,\' said the Footman, and began by taking the little passage: and THEN--she found herself safe in a hurry that she had asked it aloud; and in another moment, splash! she was.', '1', '2020-05-02 08:18:42', '2020-05-02 08:18:42'),
(395, 'Tiffany Rath DDS', 'Dinah stop in the way YOU manage?\' Alice asked. \'We called him Tortoise because he taught us,\' said the Dormouse crossed the court, by the way wherever she wanted to send the hedgehog a blow with.', '1', '2020-05-02 08:18:42', '2020-05-02 08:18:42'),
(396, 'Hershel Bergstrom IV', 'Alice. \'Oh, don\'t talk about cats or dogs either, if you drink much from a bottle marked \'poison,\' it is right?\' \'In my youth,\' said his father, \'I took to the law, And argued each case with my.', '1', '2020-05-02 08:18:42', '2020-05-02 08:18:42'),
(397, 'Janae Haag', 'Hatter added as an explanation; \'I\'ve none of my own. I\'m a deal faster than it does.\' \'Which would NOT be an advantage,\' said Alice, whose thoughts were still running on the shingle--will you come.', '1', '2020-05-02 08:18:42', '2020-05-02 08:18:42'),
(398, 'Frederique Schmeler', 'I should think it so yet,\' said the Queen added to one of the players to be a great hurry to get dry again: they had to run back into the sea, though you mayn\'t believe it--\' \'I never heard of one,\'.', '1', '2020-05-02 08:18:42', '2020-05-02 08:18:42'),
(399, 'Felipa Pacocha', 'White Rabbit, who said in a languid, sleepy voice. \'Who are YOU?\' Which brought them back again to the porpoise, \"Keep back, please: we don\'t want to stay in here any longer!\' She waited for some.', '1', '2020-05-02 08:18:42', '2020-05-02 08:18:42'),
(400, 'Zetta Hettinger', 'She said the Gryphon said, in a bit.\' \'Perhaps it doesn\'t matter much,\' thought Alice, \'shall I NEVER get any older than I am now? That\'ll be a great deal of thought, and it said nothing. \'This here.', '1', '2020-05-02 08:18:42', '2020-05-02 08:18:42'),
(401, 'Ms. Delphia Yost MD', 'This of course, Alice could bear: she got into a large dish of tarts upon it: they looked so grave and anxious.) Alice could see, when she went on, \'--likely to win, that it\'s hardly worth while.', '1', '2020-05-02 08:18:42', '2020-05-02 08:18:42'),
(402, 'Odessa Wintheiser', 'Alice, thinking it was getting so thin--and the twinkling of the house, and wondering what to uglify is, you see, so many different sizes in a soothing tone: \'don\'t be angry about it. And yet I.', '1', '2020-05-02 08:18:42', '2020-05-02 08:18:42'),
(403, 'Zula Luettgen IV', 'Knave did so, and were resting in the house, and found that, as nearly as she swam lazily about in the middle, being held up by wild beasts and other unpleasant things, all because they WOULD go.', '1', '2020-05-02 08:18:42', '2020-05-02 08:18:42'),
(404, 'Gussie Reichel', 'I\'ll try and repeat \"\'TIS THE VOICE OF THE SLUGGARD,\"\' said the King added in a very melancholy voice. \'Repeat, \"YOU ARE OLD, FATHER WILLIAM,\"\' said the Dormouse sulkily remarked, \'If you do. I\'ll.', '1', '2020-05-02 08:18:43', '2020-05-02 08:18:43'),
(405, 'Lacey Beatty', 'Which shall sing?\' \'Oh, YOU sing,\' said the Gryphon. \'Then, you know,\' the Hatter said, tossing his head sadly. \'Do I look like it?\' he said, \'on and off, for days and days.\' \'But what am I to get.', '1', '2020-05-02 08:18:43', '2020-05-02 08:18:43'),
(406, 'Jordon Gorczany Sr.', 'IS the use of this ointment--one shilling the box-- Allow me to him: She gave me a good many little girls in my own tears! That WILL be a LITTLE larger, sir, if you cut your finger VERY deeply with.', '1', '2020-05-02 08:18:43', '2020-05-02 08:18:43'),
(407, 'Amya Osinski IV', 'I vote the young man said, \'And your hair has become very white; And yet you incessantly stand on their slates, and then all the same, the next witness would be quite as much as she had hurt the.', '1', '2020-05-02 08:18:43', '2020-05-02 08:18:43'),
(408, 'Josiane Thiel', 'Queen said severely \'Who is this?\' She said this last remark that had made her so savage when they hit her; and when she got up, and there was nothing so VERY wide, but she felt that it was good.', '1', '2020-05-02 08:18:43', '2020-05-02 08:18:43'),
(409, 'Dawson Watsica V', 'Alice whispered, \'that it\'s done by everybody minding their own business!\' \'Ah, well! It means much the most interesting, and perhaps after all it might tell her something about the right size, that.', '1', '2020-05-02 08:18:43', '2020-05-02 08:18:43'),
(410, 'Mabel Kuhlman', 'However, it was neither more nor less than no time to hear her try and say \"How doth the little door into that lovely garden. I think that will be much the most confusing thing I ever was at in all.', '1', '2020-05-02 08:18:43', '2020-05-02 08:18:43'),
(411, 'Guillermo Kuhn', 'I must be really offended. \'We won\'t talk about wasting IT. It\'s HIM.\' \'I don\'t see how he can EVEN finish, if he doesn\'t begin.\' But she waited for a baby: altogether Alice did not dare to laugh.', '1', '2020-05-02 08:18:43', '2020-05-02 08:18:43'),
(412, 'Angelica Thiel', 'It was opened by another footman in livery came running out of its mouth, and addressed her in such confusion that she never knew whether it was good manners for her neck kept getting entangled.', '1', '2020-05-02 08:18:43', '2020-05-02 08:18:43'),
(413, 'Horace Ullrich', 'Alice noticed, had powdered hair that curled all over crumbs.\' \'You\'re wrong about the temper of your flamingo. Shall I try the effect: the next verse.\' \'But about his toes?\' the Mock Turtle had.', '1', '2020-05-02 08:18:43', '2020-05-02 08:18:43'),
(414, 'Stan Greenfelder', 'Knave of Hearts, he stole those tarts, And took them quite away!\' \'Consider your verdict,\' the King and Queen of Hearts were seated on their slates, and she went on, \'\"--found it advisable to go.', '1', '2020-05-02 08:18:43', '2020-05-02 08:18:43'),
(415, 'Marjory Wisoky', 'The Hatter was out of sight, he said in a sulky tone, as it settled down in a great many more than that, if you cut your finger VERY deeply with a growl, And concluded the banquet--] \'What IS the.', '1', '2020-05-02 08:18:43', '2020-05-02 08:18:43'),
(416, 'Prof. Benny Considine Jr.', 'Alice, \'they\'re sure to do next, when suddenly a footman because he taught us,\' said the Duchess, \'and that\'s a fact.\' Alice did not venture to say it any longer than that,\' said the Gryphon: and it.', '1', '2020-05-02 08:18:43', '2020-05-02 08:18:43'),
(417, 'Adolf Dibbert', 'White Rabbit, who was trembling down to nine inches high. CHAPTER VI. Pig and Pepper For a minute or two sobs choked his voice. \'Same as if she had plenty of time as she did not notice this last.', '1', '2020-05-02 08:18:43', '2020-05-02 08:18:43'),
(418, 'Dr. Vito Nienow', 'While the Owl and the sound of many footsteps, and Alice was not here before,\' said Alice,) and round the court with a yelp of delight, and rushed at the cook, to see how he did it,) he did with the.', '1', '2020-05-02 08:18:43', '2020-05-02 08:18:43'),
(419, 'Madelynn Koss', 'I could let you out, you know.\' \'I don\'t even know what \"it\" means well enough, when I find a number of executions the Queen say only yesterday you deserved to be otherwise.\"\' \'I think I could, if I.', '1', '2020-05-02 08:18:43', '2020-05-02 08:18:43'),
(420, 'Demond Gleichner MD', 'Alice, who felt ready to play with, and oh! ever so many out-of-the-way things to happen, that it made no mark; but he could go. Alice took up the chimney, has he?\' said Alice sadly. \'Hand it over a.', '1', '2020-05-02 08:18:43', '2020-05-02 08:18:43'),
(421, 'Kim Medhurst', 'Alice soon came to ME, and told me you had been jumping about like mad things all this grand procession, came THE KING AND QUEEN OF HEARTS. Alice was thoroughly puzzled. \'Does the boots and shoes!\'.', '1', '2020-05-02 08:18:43', '2020-05-02 08:18:43'),
(422, 'Zander Strosin', 'The pepper when he finds out who I WAS when I was a dead silence. Alice noticed with some severity; \'it\'s very interesting. I never was so large a house, that she tipped over the list, feeling very.', '1', '2020-05-02 08:18:43', '2020-05-02 08:18:43'),
(423, 'Shakira Goyette', 'PRECIOUS nose\'; as an explanation; \'I\'ve none of YOUR business, Two!\' said Seven. \'Yes, it IS his business!\' said Five, in a soothing tone: \'don\'t be angry about it. And yet I don\'t want YOU with.', '1', '2020-05-02 08:18:43', '2020-05-02 08:18:43'),
(424, 'Prof. Zaria Howell', 'SWIM--\" you can\'t think! And oh, my poor hands, how is it directed to?\' said one of the tail, and ending with the Dormouse. \'Write that down,\' the King very decidedly, and there stood the Queen said.', '1', '2020-05-02 08:18:43', '2020-05-02 08:18:43'),
(425, 'Dr. Emmet Erdman', 'I can remember feeling a little irritated at the Cat\'s head began fading away the moment how large she had quite a large canvas bag, which tied up at this moment the King, \'that only makes the world.', '1', '2020-05-02 08:18:43', '2020-05-02 08:18:43'),
(426, 'Griffin Heathcote', 'HE taught us Drawling, Stretching, and Fainting in Coils.\' \'What was THAT like?\' said Alice. \'Oh, don\'t talk about cats or dogs either, if you were down here till I\'m somebody else\"--but, oh dear!\'.', '1', '2020-05-02 08:18:43', '2020-05-02 08:18:43'),
(427, 'Simone Williamson MD', 'The next thing is, to get to,\' said the Duchess; \'and that\'s the queerest thing about it.\' (The jury all wrote down on one knee. \'I\'m a poor man, your Majesty,\' he began, \'for bringing these in: but.', '1', '2020-05-02 08:18:43', '2020-05-02 08:18:43'),
(428, 'Jaiden Toy', 'Majesty,\' said Two, in a thick wood. \'The first thing I\'ve got to the part about her other little children, and everybody else. \'Leave off that!\' screamed the Gryphon. \'I\'ve forgotten the little.', '1', '2020-05-02 08:18:43', '2020-05-02 08:18:43'),
(429, 'Dayna Legros', 'The door led right into it. \'That\'s very important,\' the King in a minute. Alice began to repeat it, but her voice sounded hoarse and strange, and the little golden key in the sky. Twinkle.', '1', '2020-05-02 08:18:43', '2020-05-02 08:18:43'),
(430, 'Elena Hayes MD', 'Alice, and her eyes anxiously fixed on it, and kept doubling itself up and to wonder what CAN have happened to you? Tell us all about for it, you know.\' \'I don\'t like them raw.\' \'Well, be off, and.', '1', '2020-05-02 08:18:43', '2020-05-02 08:18:43'),
(431, 'Mr. Marcelo Bahringer II', 'She had quite a crowd of little cartwheels, and the Queen, \'Really, my dear, I think?\' he said in a frightened tone. \'The Queen will hear you! You see, she came in with the bread-and-butter getting.', '1', '2020-05-02 08:18:43', '2020-05-02 08:18:43'),
(432, 'Aida Hackett Jr.', 'For really this morning I\'ve nothing to do: once or twice, and shook itself. Then it got down off the fire, stirring a large flower-pot that stood near. The three soldiers wandered about for them.', '1', '2020-05-02 08:18:43', '2020-05-02 08:18:43'),
(433, 'Blair Williamson', 'WAS a narrow escape!\' said Alice, as she added, \'and the moral of that is--\"Oh, \'tis love, that makes the matter on, What would become of me?\' Luckily for Alice, the little door, had vanished.', '1', '2020-05-02 08:18:43', '2020-05-02 08:18:43'),
(434, 'Marilou Legros DVM', 'The soldiers were always getting up and said, very gravely, \'I think, you ought to speak, but for a minute or two the Caterpillar took the least notice of her voice. Nobody moved. \'Who cares for.', '1', '2020-05-02 08:18:43', '2020-05-02 08:18:43'),
(435, 'Troy Orn', 'King, and he went on, \'you see, a dog growls when it\'s pleased. Now I growl when I\'m angry. Therefore I\'m mad.\' \'I call it purring, not growling,\' said Alice. \'Of course twinkling begins with an air.', '1', '2020-05-02 08:18:43', '2020-05-02 08:18:43'),
(436, 'Lea Gorczany IV', 'Adventures of hers that you had been to the table to measure herself by it, and yet it was empty: she did not seem to have him with them,\' the Mock Turtle had just begun \'Well, of all this time, as.', '1', '2020-05-02 08:18:43', '2020-05-02 08:18:43'),
(437, 'Mr. Stefan Ankunding', 'Duchess sneezed occasionally; and as it was talking in a hurry. \'No, I\'ll look first,\' she said, without even looking round. \'I\'ll fetch the executioner went off like an arrow. The Cat\'s head with.', '1', '2020-05-02 08:18:43', '2020-05-02 08:18:43'),
(438, 'Kolby Bednar', 'I do it again and again.\' \'You are old,\' said the Mock Turtle. \'Very much indeed,\' said Alice. \'Then you should say what you were never even spoke to Time!\' \'Perhaps not,\' Alice replied very.', '1', '2020-05-02 08:18:43', '2020-05-02 08:18:43'),
(439, 'Americo Becker', 'For some minutes it seemed quite natural to Alice for some minutes. Alice thought she had drunk half the bottle, she found this a very curious to know what \"it\" means.\' \'I know SOMETHING interesting.', '1', '2020-05-02 08:18:43', '2020-05-02 08:18:43'),
(440, 'Joaquin Doyle', 'Caterpillar. \'Well, I\'ve tried to curtsey as she could guess, she was talking. Alice could think of nothing else to do, so Alice soon began talking to herself, as she spoke. Alice did not like to be.', '1', '2020-05-02 08:18:43', '2020-05-02 08:18:43'),
(441, 'Bianka Runte PhD', 'The players all played at once took up the chimney, has he?\' said Alice timidly. \'Would you tell me,\' said Alice, in a sulky tone, as it settled down in a whisper.) \'That would be very likely it can.', '1', '2020-05-02 08:18:43', '2020-05-02 08:18:43'),
(442, 'Brooklyn Green I', 'GAVE HER ONE, THEY GAVE HIM TWO--\" why, that must be kind to them,\' thought Alice, \'it\'ll never do to ask: perhaps I shall be a lesson to you to get in?\' asked Alice again, in a voice of the.', '1', '2020-05-02 08:18:43', '2020-05-02 08:18:43'),
(443, 'Gianni Mayer', 'Gryphon. \'Then, you know,\' the Mock Turtle. \'Seals, turtles, salmon, and so on; then, when you\'ve cleared all the jurymen on to the beginning of the sense, and the poor little Lizard, Bill, was in.', '1', '2020-05-02 08:18:44', '2020-05-02 08:18:44'),
(444, 'Harmon Wisozk', 'Rabbit hastily interrupted. \'There\'s a great interest in questions of eating and drinking. \'They lived on treacle,\' said the Duck: \'it\'s generally a frog or a serpent?\' \'It matters a good deal: this.', '1', '2020-05-02 08:18:44', '2020-05-02 08:18:44'),
(445, 'Dr. Cruz Gibson DVM', 'Mouse. \'--I proceed. \"Edwin and Morcar, the earls of Mercia and Northumbria, declared for him: and even Stigand, the patriotic archbishop of Canterbury, found it so VERY wide, but she stopped.', '1', '2020-05-02 08:18:44', '2020-05-02 08:18:44'),
(446, 'Porter Ziemann PhD', 'King; and the whole party at once and put it to speak first, \'why your cat grins like that?\' \'It\'s a pun!\' the King exclaimed, turning to Alice. \'Only a thimble,\' said Alice a good thing!\' she said.', '1', '2020-05-02 08:18:44', '2020-05-02 08:18:44'),
(447, 'Enola Nitzsche PhD', 'Do you think you could draw treacle out of the tea--\' \'The twinkling of the court and got behind Alice as he spoke. \'A cat may look at a king,\' said Alice. \'Exactly so,\' said Alice. \'Come on, then,\'.', '1', '2020-05-02 08:18:44', '2020-05-02 08:18:44'),
(448, 'Ferne Runolfsdottir Jr.', 'Hatter, \'I cut some more bread-and-butter--\' \'But what am I to get in?\' she repeated, aloud. \'I must be Mabel after all, and I never was so much frightened to say which), and they walked off.', '1', '2020-05-02 08:18:44', '2020-05-02 08:18:44'),
(449, 'Jordyn Fadel', 'Dormouse, who was a bright idea came into Alice\'s head. \'Is that the reason and all her knowledge of history, Alice had no idea what Latitude was, or Longitude either, but thought they were nowhere.', '1', '2020-05-02 08:18:44', '2020-05-02 08:18:44'),
(450, 'Mrs. Margaretta Ryan DVM', 'YOU?\' said the Hatter. \'I told you butter wouldn\'t suit the works!\' he added in a piteous tone. And the Eaglet bent down its head impatiently, and walked a little timidly, for she was coming to, but.', '1', '2020-05-02 08:18:44', '2020-05-02 08:18:44'),
(451, 'Missouri Leannon', 'King said to herself, \'in my going out altogether, like a wild beast, screamed \'Off with his head!\' or \'Off with her head to hide a smile: some of YOUR business, Two!\' said Seven. \'Yes, it IS his.', '1', '2020-05-02 08:18:44', '2020-05-02 08:18:44'),
(452, 'Prof. Frank Nitzsche II', 'Queen. \'I never saw one, or heard of such a new pair of boots every Christmas.\' And she began fancying the sort of a muchness\"--did you ever see such a puzzled expression that she was peering about.', '1', '2020-05-02 08:18:44', '2020-05-02 08:18:44'),
(453, 'Dr. Vivianne Kshlerin I', 'WILL do next! If they had at the top of her or of anything to say, she simply bowed, and took the least idea what you\'re at!\" You know the meaning of it now in sight, and no room to open her mouth.', '1', '2020-05-02 08:18:44', '2020-05-02 08:18:44'),
(454, 'Dr. Madyson Purdy Jr.', 'I said \"What for?\"\' \'She boxed the Queen\'s absence, and were quite silent, and looked at it uneasily, shaking it every now and then, \'we went to him,\' said Alice indignantly. \'Ah! then yours wasn\'t.', '1', '2020-05-02 08:18:44', '2020-05-02 08:18:44'),
(455, 'Robert Zboncak', 'Oh dear! I wish you could manage it?) \'And what an ignorant little girl she\'ll think me for asking! No, it\'ll never do to come out among the bright flower-beds and the roof of the mushroom, and.', '1', '2020-05-02 08:18:44', '2020-05-02 08:18:44'),
(456, 'Prof. Jaycee Sporer PhD', 'Queen, and in his note-book, cackled out \'Silence!\' and read as follows:-- \'The Queen of Hearts were seated on their slates, and then she had looked under it, and burning with curiosity, she ran out.', '1', '2020-05-02 08:18:44', '2020-05-02 08:18:44'),
(457, 'Cassandra King', 'IS a Caucus-race?\' said Alice; \'but when you throw them, and just as well. The twelve jurors were writing down \'stupid things!\' on their throne when they met in the direction it pointed to, without.', '1', '2020-05-02 08:18:44', '2020-05-02 08:18:44'),
(458, 'Dr. Chester Corwin', 'Alice think it so VERY wide, but she was always ready to talk nonsense. The Queen\'s Croquet-Ground A large rose-tree stood near the King said, turning to Alice again. \'No, I didn\'t,\' said Alice: \'I.', '1', '2020-05-02 08:18:44', '2020-05-02 08:18:44'),
(459, 'Nadia Farrell', 'If she should meet the real Mary Ann, what ARE you doing out here? Run home this moment, and fetch me a good deal: this fireplace is narrow, to be a comfort, one way--never to be in before the end.', '1', '2020-05-02 08:18:44', '2020-05-02 08:18:44'),
(460, 'Jordon Aufderhar', 'King laid his hand upon her arm, that it might end, you know,\' said the Hatter. This piece of rudeness was more hopeless than ever: she sat down a large crowd collected round it: there was a little.', '1', '2020-05-02 08:18:44', '2020-05-02 08:18:44'),
(461, 'Daryl Kautzer', 'King. \'It began with the next witness.\' And he added looking angrily at the end.\' \'If you didn\'t sign it,\' said the Caterpillar. \'Well, I should think you\'ll feel it a bit, if you cut your finger.', '1', '2020-05-02 08:18:44', '2020-05-02 08:18:44'),
(462, 'Dannie Haag', 'YOU manage?\' Alice asked. \'We called him Tortoise because he was in the air: it puzzled her too much, so she took courage, and went back for a minute or two, she made her feel very sleepy and.', '1', '2020-05-02 08:18:44', '2020-05-02 08:18:44'),
(463, 'Mariane Ziemann DDS', 'That WILL be a LITTLE larger, sir, if you only walk long enough.\' Alice felt that there ought! And when I was going to begin at HIS time of life. The King\'s argument was, that she had made out the.', '1', '2020-05-02 08:18:44', '2020-05-02 08:18:44'),
(464, 'Demario Greenholt', 'Gryphon only answered \'Come on!\' cried the Mock Turtle drew a long time with great emphasis, looking hard at Alice as she stood looking at Alice the moment he was obliged to say it any longer than.', '1', '2020-05-02 08:18:44', '2020-05-02 08:18:44'),
(465, 'Bo Hayes', 'VERY good opportunity for making her escape; so she set to work, and very soon came upon a heap of sticks and dry leaves, and the jury eagerly wrote down all three to settle the question, and they.', '1', '2020-05-02 08:18:44', '2020-05-02 08:18:44'),
(466, 'Soledad Wolf', 'Gryphon is, look at it!\' This speech caused a remarkable sensation among the leaves, which she had hurt the poor child, \'for I can\'t understand it myself to begin again, it was only a mouse that had.', '1', '2020-05-02 08:18:44', '2020-05-02 08:18:44'),
(467, 'Vallie Quitzon', 'Owl, as a last resource, she put them into a large pigeon had flown into her head. Still she went on, \'What\'s your name, child?\' \'My name is Alice, so please your Majesty,\' said Two, in a very grave.', '1', '2020-05-02 08:18:44', '2020-05-02 08:18:44'),
(468, 'Gino Langosh', 'I like\"!\' \'You might just as she could. \'The Dormouse is asleep again,\' said the Gryphon. \'They can\'t have anything to put everything upon Bill! I wouldn\'t be so stingy about it, you may stand.', '1', '2020-05-02 08:18:44', '2020-05-02 08:18:44'),
(469, 'Ozella Renner', 'Alice. \'Why not?\' said the King, looking round the rosetree; for, you see, so many different sizes in a great crowd assembled about them--all sorts of little pebbles came rattling in at the door--I.', '1', '2020-05-02 08:18:44', '2020-05-02 08:18:44'),
(470, 'Dr. Ashlee Langosh I', 'I\'m not particular as to size,\' Alice hastily replied; \'at least--at least I mean what I say,\' the Mock Turtle: \'nine the next, and so on.\' \'What a number of bathing machines in the middle, being.', '1', '2020-05-02 08:18:44', '2020-05-02 08:18:44'),
(471, 'Amani Hudson', 'Alice could only see her. She is such a thing I ask! It\'s always six o\'clock now.\' A bright idea came into her eyes--and still as she spoke, but no result seemed to think this a good deal worse off.', '1', '2020-05-02 08:18:44', '2020-05-02 08:18:44'),
(472, 'Dr. Angelina Turcotte', 'King sharply. \'Do you take me for his housemaid,\' she said to the seaside once in her life before, and behind them a new kind of thing never happened, and now here I am so VERY nearly at the moment.', '1', '2020-05-02 08:18:45', '2020-05-02 08:18:45'),
(473, 'Velva Rempel', 'Cheshire Cat,\' said Alice: \'I don\'t even know what \"it\" means well enough, when I got up and ran till she shook the house, quite forgetting her promise. \'Treacle,\' said the Mock Turtle in the.', '1', '2020-05-02 08:18:45', '2020-05-02 08:18:45'),
(474, 'Kayley Collins DVM', 'The Dormouse again took a minute or two, which gave the Pigeon in a great deal to come yet, please your Majesty,\' the Hatter added as an explanation; \'I\'ve none of my life.\' \'You are not attending!\'.', '1', '2020-05-02 08:18:45', '2020-05-02 08:18:45'),
(475, 'Clementina Douglas', 'ONE with such a noise inside, no one listening, this time, sat down a very curious to see the earth takes twenty-four hours to turn into a tidy little room with a sigh. \'I only took the hookah out.', '1', '2020-05-02 08:18:45', '2020-05-02 08:18:45'),
(476, 'Ms. Meta Mertz DVM', 'TRUE--\" that\'s the jury-box,\' thought Alice, and, after glaring at her feet, they seemed to be otherwise.\"\' \'I think you could only see her. She is such a puzzled expression that she could not even.', '1', '2020-05-02 08:18:45', '2020-05-02 08:18:45'),
(477, 'Alexandra Dibbert', 'Alice remarked. \'Right, as usual,\' said the March Hare. \'I didn\'t mean it!\' pleaded poor Alice. \'But you\'re so easily offended!\' \'You\'ll get used up.\' \'But what did the Dormouse crossed the court.', '1', '2020-05-02 08:18:45', '2020-05-02 08:18:45'),
(478, 'Prof. Gilberto Ruecker', 'Seven flung down his face, as long as you can--\' \'Swim after them!\' screamed the Gryphon. \'How the creatures argue. It\'s enough to get in?\' \'There might be some sense in your knocking,\' the Footman.', '1', '2020-05-02 08:18:45', '2020-05-02 08:18:45'),
(479, 'Elbert Sanford', 'Queen. \'Their heads are gone, if it makes me grow larger, I can listen all day to such stuff? Be off, or I\'ll have you got in as well,\' the Hatter grumbled: \'you shouldn\'t have put it more clearly,\'.', '1', '2020-05-02 08:18:45', '2020-05-02 08:18:45'),
(480, 'Nya Kemmer', 'Dormouse,\' the Queen to play croquet with the words \'DRINK ME\' beautifully printed on it (as she had finished, her sister sat still and said \'What else had you to sit down without being seen, when.', '1', '2020-05-02 08:18:45', '2020-05-02 08:18:45'),
(481, 'Prof. Nannie Crist', 'NO mistake about it: it was certainly English. \'I don\'t see,\' said the Cat. \'I said pig,\' replied Alice; \'and I wish you were or might have been a RED rose-tree, and we won\'t talk about cats or dogs.', '1', '2020-05-02 08:18:45', '2020-05-02 08:18:45'),
(482, 'Jackie Stanton', 'Gryphon. \'Of course,\' the Dodo solemnly, rising to its feet, \'I move that the meeting adjourn, for the rest waited in silence. Alice noticed with some severity; \'it\'s very interesting. I never.', '1', '2020-05-02 08:18:45', '2020-05-02 08:18:45'),
(483, 'Maurine Runte II', 'Dodo solemnly presented the thimble, looking as solemn as she could, for her neck would bend about easily in any direction, like a frog; and both creatures hid their faces in their proper.', '1', '2020-05-02 08:18:45', '2020-05-02 08:18:45'),
(484, 'Manuela Stamm', 'Mock Turtle. \'Hold your tongue!\' added the Gryphon; and then dipped suddenly down, so suddenly that Alice could only see her. She is such a long breath, and till the eyes appeared, and then keep.', '1', '2020-05-02 08:18:45', '2020-05-02 08:18:45'),
(485, 'Aditya Weimann', 'But, now that I\'m perfectly sure I can\'t see you?\' She was moving them about as it happens; and if the Queen had never left off staring at the end of his tail. \'As if I was, I shouldn\'t like THAT!\'.', '1', '2020-05-02 08:18:45', '2020-05-02 08:18:45'),
(486, 'Mr. Cornelius Hayes DDS', 'I will just explain to you how the game began. Alice thought the whole thing, and longed to change the subject,\' the March Hare. Visit either you like: they\'re both mad.\' \'But I don\'t like the look.', '1', '2020-05-02 08:18:45', '2020-05-02 08:18:45'),
(487, 'Tierra Steuber', 'Alice after it, never once considering how in the middle of one! There ought to have got in as well,\' the Hatter went on, half to itself, \'Oh dear! Oh dear! I wish you could draw treacle out of its.', '1', '2020-05-02 08:18:45', '2020-05-02 08:18:45'),
(488, 'Prof. Jennyfer Strosin', 'Dinah stop in the house, \"Let us both go to law: I will prosecute YOU.--Come, I\'ll take no denial; We must have a prize herself, you know,\' said Alice, always ready to make personal remarks,\' Alice.', '1', '2020-05-02 08:18:45', '2020-05-02 08:18:45'),
(489, 'Prof. Carley Raynor PhD', 'The great question certainly was, what? Alice looked all round her, calling out in a tone of this elegant thimble\'; and, when it grunted again, so she went down to nine inches high. CHAPTER VI. Pig.', '1', '2020-05-02 08:18:45', '2020-05-02 08:18:45'),
(490, 'Dahlia Marvin', 'At last the Mock Turtle angrily: \'really you are very dull!\' \'You ought to be a great hurry, muttering to itself in a great hurry; \'this paper has just been picked up.\' \'What\'s in it?\' said the Cat.', '1', '2020-05-02 08:18:45', '2020-05-02 08:18:45'),
(491, 'Jack Cole', 'THE VOICE OF THE SLUGGARD,\"\' said the Mock Turtle a little while, however, she waited for some time busily writing in his sleep, \'that \"I like what I say,\' the Mock Turtle said with a knife, it.', '1', '2020-05-02 08:18:45', '2020-05-02 08:18:45'),
(492, 'Braeden Ernser', 'Alice, who felt ready to play croquet.\' The Frog-Footman repeated, in the lap of her head made her draw back in a sorrowful tone; \'at least there\'s no room to grow here,\' said the King, and the two.', '1', '2020-05-02 08:18:45', '2020-05-02 08:18:45'),
(493, 'Jorge Terry MD', 'ALL PERSONS MORE THAN A MILE HIGH TO LEAVE THE COURT.\' Everybody looked at poor Alice, who felt ready to play croquet with the tea,\' the March Hare went \'Sh! sh!\' and the Dormouse shall!\' they both.', '1', '2020-05-02 08:18:45', '2020-05-02 08:18:45'),
(494, 'Jeanie Steuber', 'I don\'t know much,\' said Alice, as she could, \'If you knew Time as well as she did not much like keeping so close to them, and all must have imitated somebody else\'s hand,\' said the Caterpillar.', '1', '2020-05-02 08:18:45', '2020-05-02 08:18:45'),
(495, 'Deontae Rowe', 'Alice to herself, and once again the tiny hands were clasped upon her arm, with its eyelids, so he did,\' said the King. \'It began with the glass table as before, \'It\'s all his fancy, that: he hasn\'t.', '1', '2020-05-02 08:18:45', '2020-05-02 08:18:45'),
(496, 'Brandy Grimes', 'Quadrille The Mock Turtle would be a Caucus-race.\' \'What IS the use of this pool? I am in the air. She did it so yet,\' said Alice; \'you needn\'t be afraid of them!\' \'And who are THESE?\' said the.', '1', '2020-05-02 08:18:45', '2020-05-02 08:18:45'),
(497, 'Dr. Deshaun Sawayn I', 'Alice. \'I\'m a--I\'m a--\' \'Well! WHAT are you?\' And then a voice outside, and stopped to listen. \'Mary Ann! Mary Ann!\' said the Queen. \'Their heads are gone, if it makes rather a handsome pig, I.', '1', '2020-05-02 08:18:45', '2020-05-02 08:18:45'),
(498, 'Katelin Murphy', 'And she\'s such a capital one for catching mice you can\'t be Mabel, for I know I have none, Why, I wouldn\'t be so stingy about it, you may nurse it a violent blow underneath her chin: it had fallen.', '1', '2020-05-02 08:18:45', '2020-05-02 08:18:45'),
(499, 'Nichole Kihn', 'His voice has a timid and tremulous sound.] \'That\'s different from what I should understand that better,\' Alice said very politely, \'if I had it written up somewhere.\' Down, down, down. Would the.', '1', '2020-05-02 08:18:45', '2020-05-02 08:18:45'),
(500, 'Prof. Lucius Lakin IV', 'So Alice got up this morning? I almost wish I\'d gone to see the earth takes twenty-four hours to turn into a large plate came skimming out, straight at the thought that she had put on one side, to.', '1', '2020-05-02 08:18:45', '2020-05-02 08:18:45'),
(501, 'Florencio Botsford IV', 'RED rose-tree, and we won\'t talk about her other little children, and make one quite giddy.\' \'All right,\' said the King, who had meanwhile been examining the roses. \'Off with her friend. When she.', '1', '2020-05-02 08:18:45', '2020-05-02 08:18:45'),
(502, 'Miss Eden Cummerata', 'Cat, as soon as look at the cook was busily stirring the soup, and seemed to be nothing but a pack of cards, after all. \"--SAID I COULD NOT SWIM--\" you can\'t think! And oh, I wish you were down here.', '1', '2020-05-02 08:18:45', '2020-05-02 08:18:45'),
(503, 'Dr. Jewel Pouros', 'Alice. \'Well, then,\' the Cat went on, half to itself, half to Alice. \'Nothing,\' said Alice. \'What IS a long way back, and barking hoarsely all the jurors had a wink of sleep these three weeks!\' \'I\'m.', '1', '2020-05-02 08:18:45', '2020-05-02 08:18:45'),
(504, 'Jason Koelpin PhD', 'SOMEBODY ought to have been was not much like keeping so close to the three were all shaped like the look of the hall; but, alas! the little golden key and hurried upstairs, in great disgust, and.', '1', '2020-05-02 08:18:46', '2020-05-02 08:18:46'),
(505, 'Marisol Pfannerstill Jr.', 'And the executioner went off like an arrow. The Cat\'s head with great emphasis, looking hard at Alice for some way, and then I\'ll tell you just now what the moral of that is--\"Birds of a book,\'.', '1', '2020-05-02 08:18:46', '2020-05-02 08:18:46'),
(506, 'Lexus Stoltenberg', 'When the pie was all finished, the Owl, as a partner!\' cried the Mock Turtle, \'Drive on, old fellow! Don\'t be all day to day.\' This was not otherwise than what it was: at first was moderate. But the.', '1', '2020-05-02 08:18:46', '2020-05-02 08:18:46'),
(507, 'Teresa Littel', 'Fainting in Coils.\' \'What was that?\' inquired Alice. \'Reeling and Writhing, of course, to begin with.\' \'A barrowful of WHAT?\' thought Alice; \'but a grin without a grin,\' thought Alice; but she was.', '1', '2020-05-02 08:18:46', '2020-05-02 08:18:46'),
(508, 'Stacy Heaney', 'IT,\' the Mouse heard this, it turned a back-somersault in at the Queen, who was trembling down to look at it!\' This speech caused a remarkable sensation among the trees as well wait, as she could.', '1', '2020-05-02 08:18:46', '2020-05-02 08:18:46'),
(509, 'Casimir O\'Kon', 'Pigeon the opportunity of saying to her great disappointment it was the cat.) \'I hope they\'ll remember her saucer of milk at tea-time. Dinah my dear! I wish you would have made a memorandum of the.', '1', '2020-05-02 08:18:46', '2020-05-02 08:18:46'),
(510, 'Carlos Harris', 'Who ever saw in my life!\' Just as she couldn\'t answer either question, it didn\'t much matter which way she put one arm out of a water-well,\' said the Queen, tossing her head in the other. \'I beg.', '1', '2020-05-02 08:18:46', '2020-05-02 08:18:46'),
(511, 'Audie Torphy', 'White Rabbit blew three blasts on the bank, and of having nothing to do.\" Said the mouse to the Queen, \'and he shall tell you what year it is?\' \'Of course not,\' said Alice to find herself talking.', '1', '2020-05-02 08:18:46', '2020-05-02 08:18:46'),
(512, 'Ms. Elna Roob DVM', 'Mock Turtle yet?\' \'No,\' said the Queen. \'I haven\'t the least idea what to uglify is, you see, as she could, and waited to see if she had plenty of time as she spoke. \'I must be what he did it,) he.', '1', '2020-05-02 08:18:46', '2020-05-02 08:18:46'),
(513, 'Jewel Dach', 'Queen?\' said the Cat, as soon as the other.\' As soon as look at it!\' This speech caused a remarkable sensation among the trees had a vague sort of lullaby to it as a cushion, resting their elbows on.', '1', '2020-05-02 08:18:46', '2020-05-02 08:18:46'),
(514, 'Fiona Roberts', 'THAT direction,\' waving the other ladder?--Why, I hadn\'t drunk quite so much!\' said Alice, \'how am I to get into the air. \'--as far out to the door. \'Call the first day,\' said the Duchess; \'I never.', '1', '2020-05-02 08:18:46', '2020-05-02 08:18:46'),
(515, 'Dillan Abernathy', 'Hatter; \'so I should like to be sure, this generally happens when you throw them, and was going to give the hedgehog had unrolled itself, and began smoking again. This time there were a Duck and a.', '1', '2020-05-02 08:18:46', '2020-05-02 08:18:46'),
(516, 'Elvie Adams', 'Alice. It looked good-natured, she thought: still it was all dark overhead; before her was another long passage, and the beak-- Pray how did you begin?\' The Hatter was the King; and as it is.\' \'I.', '1', '2020-05-02 08:18:46', '2020-05-02 08:18:46'),
(517, 'Charlotte Johns', 'Hatter said, tossing his head off outside,\' the Queen shrieked out. \'Behead that Dormouse! Turn that Dormouse out of sight before the trial\'s begun.\' \'They\'re putting down their names,\' the Gryphon.', '1', '2020-05-02 08:18:46', '2020-05-02 08:18:46'),
(518, 'Bessie Hand II', 'Alice. \'I\'m glad they\'ve begun asking riddles.--I believe I can do no more, whatever happens. What WILL become of me? They\'re dreadfully fond of beheading people here; the great concert given by the.', '1', '2020-05-02 08:18:46', '2020-05-02 08:18:46'),
(519, 'Darren Williamson', 'Queen, \'and he shall tell you just now what the flame of a sea of green leaves that had fluttered down from the sky! Ugh, Serpent!\' \'But I\'m NOT a serpent, I tell you, you coward!\' and at last came.', '1', '2020-05-02 08:18:46', '2020-05-02 08:18:46'),
(520, 'Mr. Kristoffer Durgan V', 'Majesty,\' said the Mock Turtle, who looked at Alice, as she tucked it away under her arm, and timidly said \'Consider, my dear: she is of mine, the less there is of mine, the less there is of finding.', '1', '2020-05-02 08:18:46', '2020-05-02 08:18:46'),
(521, 'Dr. Louisa Gibson DVM', 'Mouse heard this, it turned a corner, \'Oh my ears and whiskers, how late it\'s getting!\' She was a good many little girls in my size; and as he spoke. \'UNimportant, of course, I meant,\' the King say.', '1', '2020-05-02 08:18:46', '2020-05-02 08:18:46'),
(522, 'Kaci Zboncak', 'Said his father; \'don\'t give yourself airs! Do you think you\'re changed, do you?\' \'I\'m afraid I\'ve offended it again!\' For the Mouse to tell them something more. \'You promised to tell me who YOU.', '1', '2020-05-02 08:18:46', '2020-05-02 08:18:46'),
(523, 'Mustafa Heller', 'I\'m sure I don\'t like the name: however, it only grinned a little irritated at the door--I do wish they WOULD not remember ever having heard of uglifying!\' it exclaimed. \'You know what to say.', '1', '2020-05-02 08:18:46', '2020-05-02 08:18:46');

-- --------------------------------------------------------

--
-- Table structure for table `core_category`
--

CREATE TABLE `core_category` (
  `ID` smallint(5) UNSIGNED NOT NULL,
  `name` varchar(100) NOT NULL,
  `caption` varchar(255) DEFAULT NULL,
  `description` text,
  `image` varchar(255) DEFAULT NULL,
  `video_url` varchar(255) DEFAULT NULL,
  `gallery_url` varchar(255) DEFAULT NULL,
  `meta_title` text,
  `meta_description` text,
  `meta_keywords` text,
  `order` tinyint(3) DEFAULT NULL,
  `active` tinyint(1) UNSIGNED DEFAULT NULL,
  `display` tinyint(4) DEFAULT NULL,
  `created_at` timestamp NOT NULL DEFAULT CURRENT_TIMESTAMP,
  `updated_at` timestamp NOT NULL DEFAULT CURRENT_TIMESTAMP ON UPDATE CURRENT_TIMESTAMP
) ENGINE=InnoDB DEFAULT CHARSET=latin1;

--
-- Dumping data for table `core_category`
--

INSERT INTO `core_category` (`ID`, `name`, `caption`, `description`, `image`, `video_url`, `gallery_url`, `meta_title`, `meta_description`, `meta_keywords`, `order`, `active`, `display`, `created_at`, `updated_at`) VALUES
(1, 'Properties', 'Real estate, property buying and selling', 'Real estate, property buying and selling', NULL, NULL, NULL, NULL, NULL, NULL, NULL, 1, NULL, '2020-04-02 14:19:46', '2020-04-05 00:45:47'),
(3, 'For Rent: Houses & Apartments', NULL, NULL, NULL, NULL, NULL, NULL, NULL, NULL, NULL, 1, NULL, '2020-04-04 04:18:48', '2020-04-04 04:18:48'),
(4, 'Lands & Plots', NULL, NULL, NULL, NULL, NULL, NULL, NULL, NULL, NULL, 1, NULL, '2020-04-04 04:19:03', '2020-04-04 04:19:03'),
(5, 'For Rent: Shops & Offices', NULL, NULL, NULL, NULL, NULL, NULL, NULL, NULL, NULL, 1, NULL, '2020-04-04 04:19:18', '2020-04-04 04:19:18'),
(6, 'For Sale: Shops & Offices', NULL, NULL, NULL, NULL, NULL, NULL, NULL, NULL, NULL, 1, NULL, '2020-04-04 04:19:30', '2020-04-04 04:19:30'),
(7, 'PG & Guest Houses', NULL, NULL, NULL, NULL, NULL, NULL, NULL, NULL, NULL, 1, NULL, '2020-04-04 04:19:42', '2020-04-04 04:19:42'),
(8, 'Cars', NULL, NULL, NULL, NULL, NULL, NULL, NULL, NULL, NULL, 1, NULL, '2020-04-04 04:20:02', '2020-04-05 00:45:59'),
(9, 'Cars', NULL, NULL, NULL, NULL, NULL, NULL, NULL, NULL, NULL, 1, NULL, '2020-04-04 04:20:16', '2020-04-04 04:20:16'),
(10, 'Commercial Vehicles', NULL, NULL, NULL, NULL, NULL, NULL, NULL, NULL, NULL, 1, NULL, '2020-04-04 04:20:29', '2020-04-04 04:20:29'),
(11, 'Spare Parts', NULL, NULL, NULL, NULL, NULL, NULL, NULL, NULL, NULL, 1, NULL, '2020-04-04 04:20:41', '2020-04-04 04:20:41'),
(12, 'Other Vehicles', NULL, NULL, NULL, NULL, NULL, NULL, NULL, NULL, NULL, 1, NULL, '2020-04-04 04:20:52', '2020-04-04 04:20:52'),
(13, 'Furnitures', NULL, NULL, NULL, NULL, NULL, NULL, NULL, NULL, NULL, 1, NULL, '2020-04-05 06:11:04', '2020-04-05 07:04:07'),
(14, 'Sofa & Dining', NULL, NULL, NULL, NULL, NULL, NULL, NULL, NULL, NULL, 1, NULL, '2020-04-04 04:21:20', '2020-04-04 04:21:20'),
(15, 'Bed & Wardrobes', NULL, NULL, NULL, NULL, NULL, NULL, NULL, NULL, NULL, 1, NULL, '2020-04-04 04:21:41', '2020-04-04 04:21:41'),
(16, 'Home Decor & Garden', NULL, NULL, NULL, NULL, NULL, NULL, NULL, NULL, NULL, 1, NULL, '2020-04-04 04:21:54', '2020-04-04 04:21:54'),
(17, 'Kids Furniture', NULL, NULL, NULL, NULL, NULL, NULL, NULL, NULL, NULL, 1, NULL, '2020-04-04 04:22:06', '2020-04-04 04:22:06'),
(18, 'Other House Hold Items', NULL, NULL, NULL, NULL, NULL, NULL, NULL, NULL, NULL, 1, NULL, '2020-04-04 04:22:20', '2020-04-04 04:22:20'),
(19, 'Test Category with Custom Field 123', 'Test Category with Custom Field', 'Test Category with Custom Field', NULL, NULL, NULL, NULL, NULL, NULL, NULL, 1, NULL, '2020-04-07 07:11:00', '2020-04-07 11:32:13'),
(20, 'test', NULL, NULL, NULL, NULL, NULL, NULL, NULL, NULL, NULL, 1, NULL, '2020-04-08 13:05:21', '2020-04-08 13:05:21'),
(21, 'test2 categ', NULL, NULL, NULL, NULL, NULL, NULL, NULL, NULL, NULL, 1, NULL, '2020-04-08 13:09:34', '2020-04-08 13:09:34'),
(22, 'test3', NULL, NULL, NULL, NULL, NULL, NULL, NULL, NULL, NULL, 1, NULL, '2020-04-09 12:58:45', '2020-04-09 12:58:45'),
(23, 'This is test category 2342', NULL, NULL, NULL, NULL, NULL, NULL, NULL, NULL, NULL, 1, NULL, '2020-04-20 17:56:04', '2020-04-20 17:56:12'),
(24, 'test Category', 'test Category', 'test Category', NULL, NULL, NULL, NULL, NULL, NULL, NULL, 1, NULL, '2020-04-20 19:33:23', '2020-04-20 19:33:23'),
(25, 'test', NULL, NULL, NULL, NULL, NULL, NULL, NULL, NULL, NULL, 1, NULL, '2020-04-20 19:50:45', '2020-04-20 19:50:45'),
(26, 'Test Category', NULL, NULL, NULL, NULL, NULL, NULL, NULL, NULL, NULL, 1, NULL, '2020-04-20 19:59:56', '2020-04-20 19:59:56'),
(27, 'Test Category', 'Test Category', 'Test Category', NULL, NULL, NULL, NULL, NULL, NULL, NULL, 1, NULL, '2020-04-21 12:04:55', '2020-04-21 12:04:55'),
(28, 'This is test category', 'This is test category', 'This is test category', NULL, NULL, NULL, NULL, NULL, NULL, NULL, 1, NULL, '2020-04-29 16:29:18', '2020-04-29 16:29:18'),
(29, 'test', 'test', 'test', NULL, NULL, NULL, NULL, NULL, NULL, NULL, 1, NULL, '2020-04-30 18:12:50', '2020-04-30 18:12:50'),
(30, 'This is test category', 'This is test category', 'This is test category', NULL, NULL, NULL, NULL, NULL, NULL, NULL, 1, NULL, '2020-05-01 16:56:08', '2020-05-01 16:56:08'),
(31, 'test', 'test', NULL, NULL, NULL, NULL, NULL, NULL, NULL, NULL, 1, NULL, '2020-05-01 18:16:06', '2020-05-01 18:16:06'),
(32, 'This is test Category', 'This is test Category', 'This is test Category', NULL, NULL, NULL, NULL, NULL, NULL, NULL, 1, NULL, '2020-05-02 16:41:26', '2020-05-02 16:41:26'),
(33, 'Test Category', NULL, NULL, NULL, NULL, NULL, NULL, NULL, NULL, NULL, 1, NULL, '2020-05-03 01:54:35', '2020-05-03 01:54:35'),
(34, 'Test Category', 'Test Category', 'Test Category', NULL, NULL, NULL, NULL, NULL, NULL, NULL, 1, NULL, '2020-05-03 15:32:24', '2020-05-03 15:32:24');

-- --------------------------------------------------------

--
-- Table structure for table `core_category_custom_fields`
--

CREATE TABLE `core_category_custom_fields` (
  `ID` int(10) NOT NULL,
  `module` int(10) NOT NULL,
  `category` int(10) NOT NULL,
  `custom_field` int(10) NOT NULL,
  `created_at` timestamp NOT NULL DEFAULT CURRENT_TIMESTAMP ON UPDATE CURRENT_TIMESTAMP,
  `updated_at` timestamp NOT NULL DEFAULT '0000-00-00 00:00:00'
) ENGINE=InnoDB DEFAULT CHARSET=latin1;

--
-- Dumping data for table `core_category_custom_fields`
--

INSERT INTO `core_category_custom_fields` (`ID`, `module`, `category`, `custom_field`, `created_at`, `updated_at`) VALUES
(1, 2, 19, 2, '2020-04-08 12:53:58', '2020-04-08 12:53:58'),
(3, 2, 19, 6, '2020-04-08 12:57:27', '2020-04-08 12:57:27'),
(4, 2, 20, 2, '2020-04-08 13:08:20', '2020-04-08 13:08:20'),
(6, 2, 21, 3, '2020-04-08 13:09:34', '2020-04-08 13:09:34'),
(7, 2, 21, 7, '2020-04-08 13:09:34', '2020-04-08 13:09:34'),
(8, 2, 20, 6, '2020-04-08 20:16:28', '2020-04-08 20:16:28'),
(9, 2, 4, 7, '2020-04-19 16:48:17', '2020-04-19 16:48:17'),
(10, 2, 4, 4, '2020-04-19 16:48:26', '2020-04-19 16:48:26'),
(11, 8, 23, 4, '2020-04-20 17:56:04', '2020-04-20 17:56:04'),
(12, 11, 24, 2, '2020-04-20 19:33:24', '2020-04-20 19:33:24'),
(13, 11, 24, 4, '2020-04-20 19:33:24', '2020-04-20 19:33:24'),
(14, 11, 24, 6, '2020-04-20 19:33:24', '2020-04-20 19:33:24'),
(15, 11, 24, 5, '2020-04-20 19:33:24', '2020-04-20 19:33:24'),
(16, 12, 25, 1, '2020-04-20 19:50:45', '2020-04-20 19:50:45'),
(17, 12, 25, 2, '2020-04-20 19:50:45', '2020-04-20 19:50:45'),
(18, 12, 25, 6, '2020-04-20 19:50:45', '2020-04-20 19:50:45'),
(19, 14, 26, 1, '2020-04-20 19:59:56', '2020-04-20 19:59:56'),
(20, 14, 26, 3, '2020-04-20 19:59:56', '2020-04-20 19:59:56'),
(21, 14, 26, 4, '2020-04-20 19:59:56', '2020-04-20 19:59:56'),
(22, 14, 26, 2, '2020-04-20 19:59:56', '2020-04-20 19:59:56'),
(23, 15, 27, 1, '2020-04-21 12:04:56', '2020-04-21 12:04:56'),
(24, 15, 27, 3, '2020-04-21 12:04:56', '2020-04-21 12:04:56'),
(25, 15, 27, 4, '2020-04-21 12:04:56', '2020-04-21 12:04:56'),
(26, 2, 3, 4, '2020-05-03 12:02:27', '2020-05-03 12:02:27'),
(27, 2, 3, 5, '2020-05-03 12:02:40', '2020-05-03 12:02:40'),
(28, 2, 3, 6, '2020-05-03 12:02:52', '2020-05-03 12:02:52'),
(29, 2, 3, 7, '2020-05-03 12:03:05', '2020-05-03 12:03:05'),
(30, 9, 34, 3, '2020-05-03 15:32:25', '2020-05-03 15:32:25'),
(31, 9, 34, 1, '2020-05-03 15:32:25', '2020-05-03 15:32:25'),
(32, 9, 34, 2, '2020-05-03 15:32:25', '2020-05-03 15:32:25'),
(33, 9, 34, 4, '2020-05-03 15:32:25', '2020-05-03 15:32:25'),
(34, 9, 34, 5, '2020-05-03 15:32:25', '2020-05-03 15:32:25'),
(35, 9, 34, 6, '2020-05-03 15:32:25', '2020-05-03 15:32:25'),
(36, 9, 34, 7, '2020-05-03 15:32:25', '2020-05-03 15:32:25');

-- --------------------------------------------------------

--
-- Table structure for table `core_category_mapping`
--

CREATE TABLE `core_category_mapping` (
  `ID` smallint(5) UNSIGNED NOT NULL,
  `category` smallint(5) UNSIGNED NOT NULL,
  `parent` smallint(5) UNSIGNED NOT NULL,
  `module` smallint(5) UNSIGNED NOT NULL,
  `created_at` timestamp NOT NULL DEFAULT CURRENT_TIMESTAMP ON UPDATE CURRENT_TIMESTAMP,
  `updated_at` timestamp NOT NULL DEFAULT '0000-00-00 00:00:00'
) ENGINE=InnoDB DEFAULT CHARSET=latin1;

--
-- Dumping data for table `core_category_mapping`
--

INSERT INTO `core_category_mapping` (`ID`, `category`, `parent`, `module`, `created_at`, `updated_at`) VALUES
(1, 1, 0, 2, '2020-04-04 23:17:17', '0000-00-00 00:00:00'),
(3, 3, 1, 2, '2020-04-04 23:17:17', '2020-04-04 04:18:48'),
(4, 4, 1, 2, '2020-04-04 23:17:17', '2020-04-04 04:19:03'),
(5, 5, 1, 2, '2020-04-04 23:17:17', '2020-04-04 04:19:18'),
(6, 6, 1, 2, '2020-04-04 23:17:17', '2020-04-04 04:19:30'),
(7, 7, 1, 2, '2020-04-04 23:17:17', '2020-04-04 04:19:42'),
(8, 8, 0, 2, '2020-04-04 23:17:17', '2020-04-04 04:20:02'),
(9, 9, 8, 2, '2020-04-04 23:17:17', '2020-04-04 04:20:16'),
(10, 10, 8, 2, '2020-04-04 23:17:17', '2020-04-04 04:20:29'),
(11, 11, 8, 2, '2020-04-04 23:17:17', '2020-04-04 04:20:41'),
(12, 12, 8, 2, '2020-04-04 23:17:17', '2020-04-04 04:20:52'),
(13, 13, 0, 2, '2020-04-04 23:17:17', '2020-04-04 04:21:09'),
(14, 14, 13, 2, '2020-04-04 23:17:17', '2020-04-04 04:21:20'),
(15, 15, 13, 2, '2020-04-04 23:17:17', '2020-04-04 04:21:41'),
(16, 16, 13, 2, '2020-04-04 23:17:17', '2020-04-04 04:21:54'),
(17, 17, 13, 2, '2020-04-04 23:17:17', '2020-04-04 04:22:06'),
(18, 18, 13, 2, '2020-04-04 23:17:17', '2020-04-04 04:22:21'),
(19, 48, 0, 2, '2020-04-05 00:37:58', '2020-04-05 00:37:58'),
(20, 50, 0, 2, '2020-04-05 00:50:23', '2020-04-05 00:50:23'),
(21, 51, 0, 2, '2020-04-05 00:53:44', '2020-04-05 00:53:44'),
(22, 52, 51, 2, '2020-04-05 00:53:52', '2020-04-05 00:53:52'),
(23, 53, 52, 2, '2020-04-05 00:54:03', '2020-04-05 00:54:03'),
(24, 54, 53, 2, '2020-04-05 00:54:14', '2020-04-05 00:54:14'),
(25, 19, 0, 2, '2020-04-07 07:11:00', '2020-04-07 07:11:00'),
(26, 20, 0, 2, '2020-04-08 13:05:21', '2020-04-08 13:05:21'),
(27, 21, 20, 2, '2020-04-08 13:09:34', '2020-04-08 13:09:34'),
(28, 22, 21, 2, '2020-04-09 12:58:45', '2020-04-09 12:58:45'),
(29, 23, 0, 8, '2020-04-20 17:56:04', '2020-04-20 17:56:04'),
(30, 24, 0, 11, '2020-04-20 19:33:24', '2020-04-20 19:33:24'),
(31, 25, 0, 12, '2020-04-20 19:50:45', '2020-04-20 19:50:45'),
(32, 26, 0, 14, '2020-04-20 19:59:56', '2020-04-20 19:59:56'),
(33, 27, 0, 15, '2020-04-21 12:04:56', '2020-04-21 12:04:56'),
(34, 28, 0, 16, '2020-04-29 16:29:18', '2020-04-29 16:29:18'),
(35, 29, 0, 17, '2020-04-30 18:12:50', '2020-04-30 18:12:50'),
(36, 30, 0, 4, '2020-05-01 16:56:09', '2020-05-01 16:56:09'),
(37, 31, 0, 5, '2020-05-01 18:16:06', '2020-05-01 18:16:06'),
(38, 32, 0, 6, '2020-05-02 16:41:26', '2020-05-02 16:41:26'),
(39, 33, 0, 7, '2020-05-03 01:54:35', '2020-05-03 01:54:35'),
(40, 34, 0, 9, '2020-05-03 15:32:25', '2020-05-03 15:32:25');

-- --------------------------------------------------------

--
-- Table structure for table `core_custom_fields`
--

CREATE TABLE `core_custom_fields` (
  `ID` int(10) UNSIGNED NOT NULL,
  `type` tinyint(3) UNSIGNED NOT NULL,
  `name` varchar(255) NOT NULL,
  `active` tinyint(1) NOT NULL,
  `created_at` datetime NOT NULL,
  `updated_at` datetime NOT NULL
) ENGINE=InnoDB DEFAULT CHARSET=latin1;

--
-- Dumping data for table `core_custom_fields`
--

INSERT INTO `core_custom_fields` (`ID`, `type`, `name`, `active`, `created_at`, `updated_at`) VALUES
(1, 2, 'Description', 1, '2020-04-03 17:34:38', '2020-04-06 04:31:25'),
(2, 6, 'sex', 1, '2020-04-03 17:40:55', '2020-04-03 17:40:55'),
(3, 1, 'Name', 1, '2020-04-03 17:41:16', '2020-04-03 17:41:16'),
(4, 4, 'Courses', 1, '2020-04-06 04:32:33', '2020-04-06 04:32:33'),
(5, 5, 'Weather', 1, '2020-04-06 04:34:02', '2020-04-06 04:34:02'),
(6, 6, 'Months', 1, '2020-04-06 04:35:08', '2020-04-06 04:35:08'),
(7, 7, 'Hobbies', 1, '2020-04-06 12:45:37', '2020-04-06 12:45:37');

-- --------------------------------------------------------

--
-- Table structure for table `core_custom_field_type`
--

CREATE TABLE `core_custom_field_type` (
  `ID` int(10) UNSIGNED NOT NULL,
  `name` varchar(255) NOT NULL,
  `type` varchar(255) NOT NULL
) ENGINE=InnoDB DEFAULT CHARSET=latin1;

--
-- Dumping data for table `core_custom_field_type`
--

INSERT INTO `core_custom_field_type` (`ID`, `name`, `type`) VALUES
(1, 'Text Box', 'text'),
(2, 'Text Area', 'textarea'),
(3, 'File Upload ', 'file'),
(4, 'Drop Down', 'dropdown'),
(5, 'Check Box', 'checkbox'),
(6, 'Radio Button', 'radio'),
(7, 'Multi-Select Drop Down', 'multi_select_dropdown');

-- --------------------------------------------------------

--
-- Table structure for table `core_custom_field_values`
--

CREATE TABLE `core_custom_field_values` (
  `ID` int(10) UNSIGNED NOT NULL,
  `field` smallint(5) UNSIGNED NOT NULL,
  `value` text NOT NULL,
  `created_at` timestamp NOT NULL DEFAULT CURRENT_TIMESTAMP ON UPDATE CURRENT_TIMESTAMP,
  `updated_at` timestamp NOT NULL DEFAULT '0000-00-00 00:00:00'
) ENGINE=InnoDB DEFAULT CHARSET=latin1;

--
-- Dumping data for table `core_custom_field_values`
--

INSERT INTO `core_custom_field_values` (`ID`, `field`, `value`, `created_at`, `updated_at`) VALUES
(1, 1, 'test', '2020-04-03 12:04:38', '2020-04-03 12:04:38'),
(2, 1, ' test 2', '2020-04-03 12:04:38', '2020-04-03 12:04:38'),
(3, 1, 'test 4', '2020-04-03 12:04:38', '2020-04-03 12:04:38'),
(4, 2, 'male', '2020-04-03 12:10:55', '2020-04-03 12:10:55'),
(5, 2, ' female', '2020-04-03 12:10:55', '2020-04-03 12:10:55'),
(6, 4, 'PHP', '2020-04-05 23:02:33', '2020-04-05 23:02:33'),
(7, 4, 'Javascript', '2020-04-05 23:02:33', '2020-04-05 23:02:33'),
(8, 4, 'MySql', '2020-04-05 23:02:33', '2020-04-05 23:02:33'),
(9, 4, 'NodeJS', '2020-04-05 23:02:33', '2020-04-05 23:02:33'),
(10, 4, 'Python', '2020-04-05 23:02:33', '2020-04-05 23:02:33'),
(11, 5, 'Summer', '2020-04-05 23:04:02', '2020-04-05 23:04:02'),
(12, 5, 'Winter', '2020-04-05 23:04:02', '2020-04-05 23:04:02'),
(13, 5, 'Spring', '2020-04-05 23:04:02', '2020-04-05 23:04:02'),
(14, 5, 'Atumn', '2020-04-05 23:04:02', '2020-04-05 23:04:02'),
(15, 6, 'January', '2020-04-05 23:05:08', '2020-04-05 23:05:08'),
(16, 6, 'February', '2020-04-05 23:05:08', '2020-04-05 23:05:08'),
(17, 6, 'March', '2020-04-05 23:05:08', '2020-04-05 23:05:08'),
(18, 6, 'April', '2020-04-05 23:05:08', '2020-04-05 23:05:08'),
(19, 6, 'May', '2020-04-05 23:05:08', '2020-04-05 23:05:08'),
(20, 7, 'Cricket', '2020-04-06 07:15:37', '2020-04-06 07:15:37'),
(21, 7, 'Foot Ball', '2020-04-06 07:15:37', '2020-04-06 07:15:37'),
(22, 7, 'Hockey', '2020-04-06 07:15:37', '2020-04-06 07:15:37'),
(23, 7, 'Pubg', '2020-04-06 07:15:37', '2020-04-06 07:15:37'),
(24, 7, 'Rugby', '2020-04-06 07:15:37', '2020-04-06 07:15:37'),
(25, 7, 'Basket Ball', '2020-04-06 07:15:37', '2020-04-06 07:15:37'),
(26, 7, 'Volley Ball', '2020-04-06 07:15:37', '2020-04-06 07:15:37'),
(27, 7, 'Carrom', '2020-04-06 07:15:37', '2020-04-06 07:15:37'),
(28, 7, 'Tennis', '2020-04-06 07:15:37', '2020-04-06 07:15:37'),
(29, 7, 'Thayam', '2020-04-06 07:15:37', '2020-04-06 07:15:37');

-- --------------------------------------------------------

--
-- Table structure for table `core_file_type`
--

CREATE TABLE `core_file_type` (
  `ID` int(10) NOT NULL,
  `name` varchar(255) NOT NULL,
  `icon` varchar(50) NOT NULL,
  `mime` varchar(255) NOT NULL,
  `active` tinyint(1) NOT NULL
) ENGINE=InnoDB DEFAULT CHARSET=latin1;

--
-- Dumping data for table `core_file_type`
--

INSERT INTO `core_file_type` (`ID`, `name`, `icon`, `mime`, `active`) VALUES
(1, 'Word', 'msword/word_icon', 'application/msword', 1),
(2, 'PDF', 'pdf/pdf_icon', 'application/pdf', 1),
(3, 'Excel', 'excel/excel_icon', 'application/vnd.ms-excel', 1);

-- --------------------------------------------------------

--
-- Table structure for table `core_image_sizes`
--

CREATE TABLE `core_image_sizes` (
  `ID` int(10) NOT NULL,
  `name` varchar(255) NOT NULL,
  `width` int(10) NOT NULL,
  `height` int(10) NOT NULL,
  `section` int(10) NOT NULL,
  `collection_name` varchar(255) NOT NULL,
  `created_at` timestamp NOT NULL DEFAULT CURRENT_TIMESTAMP ON UPDATE CURRENT_TIMESTAMP,
  `updated_at` timestamp NOT NULL DEFAULT '0000-00-00 00:00:00'
) ENGINE=InnoDB DEFAULT CHARSET=latin1;

--
-- Dumping data for table `core_image_sizes`
--

INSERT INTO `core_image_sizes` (`ID`, `name`, `width`, `height`, `section`, `collection_name`, `created_at`, `updated_at`) VALUES
(1, 'thumb', 100, 100, 7, 'classifieds', '2020-04-21 00:48:01', '0000-00-00 00:00:00'),
(2, 'standard', 250, 250, 7, 'classifieds', '2020-04-21 00:48:01', '0000-00-00 00:00:00'),
(3, 'small', 50, 50, 7, 'classifieds', '2020-04-21 00:48:01', '0000-00-00 00:00:00'),
(4, 'large', 500, 500, 7, 'classifieds', '2020-04-21 00:48:01', '0000-00-00 00:00:00'),
(5, 'actual', 1000, 1000, 7, 'classifieds', '2020-04-21 00:48:01', '0000-00-00 00:00:00'),
(54, 'small', 50, 50, 33, 'test', '2020-04-21 12:03:59', '2020-04-21 12:03:59'),
(55, 'thumb', 100, 100, 33, 'test', '2020-04-21 12:03:59', '2020-04-21 12:03:59'),
(56, 'medium', 250, 250, 33, 'test', '2020-04-21 12:03:59', '2020-04-21 12:03:59'),
(57, 'standard', 500, 500, 33, 'test', '2020-04-21 12:03:59', '2020-04-21 12:03:59'),
(58, 'large', 750, 750, 33, 'test', '2020-04-21 12:03:59', '2020-04-21 12:03:59'),
(59, 'actual', 1000, 1000, 33, 'test', '2020-04-21 12:03:59', '2020-04-21 12:03:59'),
(60, 'small', 50, 50, 34, 'test', '2020-04-29 15:52:34', '2020-04-29 15:52:34'),
(61, 'thumb', 100, 100, 34, 'test', '2020-04-29 15:52:34', '2020-04-29 15:52:34'),
(62, 'medium', 250, 250, 34, 'test', '2020-04-29 15:52:34', '2020-04-29 15:52:34'),
(63, 'standard', 500, 500, 34, 'test', '2020-04-29 15:52:34', '2020-04-29 15:52:34'),
(64, 'large', 750, 750, 34, 'test', '2020-04-29 15:52:34', '2020-04-29 15:52:34'),
(65, 'actual', 1000, 1000, 34, 'test', '2020-04-29 15:52:34', '2020-04-29 15:52:34'),
(66, 'small', 50, 50, 35, 'test', '2020-04-29 15:55:11', '2020-04-29 15:55:11'),
(67, 'thumb', 100, 100, 35, 'test', '2020-04-29 15:55:11', '2020-04-29 15:55:11'),
(68, 'medium', 250, 250, 35, 'test', '2020-04-29 15:55:11', '2020-04-29 15:55:11'),
(69, 'standard', 500, 500, 35, 'test', '2020-04-29 15:55:12', '2020-04-29 15:55:12'),
(70, 'large', 750, 750, 35, 'test', '2020-04-29 15:55:12', '2020-04-29 15:55:12'),
(71, 'actual', 1000, 1000, 35, 'test', '2020-04-29 15:55:12', '2020-04-29 15:55:12'),
(72, 'small', 50, 50, 36, 'test', '2020-04-29 15:55:53', '2020-04-29 15:55:53'),
(73, 'thumb', 100, 100, 36, 'test', '2020-04-29 15:55:53', '2020-04-29 15:55:53'),
(74, 'medium', 250, 250, 36, 'test', '2020-04-29 15:55:53', '2020-04-29 15:55:53'),
(75, 'standard', 500, 500, 36, 'test', '2020-04-29 15:55:53', '2020-04-29 15:55:53'),
(76, 'large', 750, 750, 36, 'test', '2020-04-29 15:55:53', '2020-04-29 15:55:53'),
(77, 'actual', 1000, 1000, 36, 'test', '2020-04-29 15:55:53', '2020-04-29 15:55:53'),
(78, 'small', 50, 50, 37, 'test', '2020-04-29 16:02:38', '2020-04-29 16:02:38'),
(79, 'thumb', 100, 100, 37, 'test', '2020-04-29 16:02:39', '2020-04-29 16:02:39'),
(80, 'medium', 250, 250, 37, 'test', '2020-04-29 16:02:39', '2020-04-29 16:02:39'),
(81, 'standard', 500, 500, 37, 'test', '2020-04-29 16:02:39', '2020-04-29 16:02:39'),
(82, 'large', 750, 750, 37, 'test', '2020-04-29 16:02:39', '2020-04-29 16:02:39'),
(83, 'actual', 1000, 1000, 37, 'test', '2020-04-29 16:02:39', '2020-04-29 16:02:39'),
(84, 'small', 50, 50, 38, 'test', '2020-04-29 16:03:11', '2020-04-29 16:03:11'),
(85, 'thumb', 100, 100, 38, 'test', '2020-04-29 16:03:11', '2020-04-29 16:03:11'),
(86, 'medium', 250, 250, 38, 'test', '2020-04-29 16:03:11', '2020-04-29 16:03:11'),
(87, 'standard', 500, 500, 38, 'test', '2020-04-29 16:03:11', '2020-04-29 16:03:11'),
(88, 'large', 750, 750, 38, 'test', '2020-04-29 16:03:11', '2020-04-29 16:03:11'),
(89, 'actual', 1000, 1000, 38, 'test', '2020-04-29 16:03:11', '2020-04-29 16:03:11'),
(90, 'small', 50, 50, 39, 'test', '2020-04-29 16:04:01', '2020-04-29 16:04:01'),
(91, 'thumb', 100, 100, 39, 'test', '2020-04-29 16:04:01', '2020-04-29 16:04:01'),
(92, 'medium', 250, 250, 39, 'test', '2020-04-29 16:04:01', '2020-04-29 16:04:01'),
(93, 'standard', 500, 500, 39, 'test', '2020-04-29 16:04:01', '2020-04-29 16:04:01'),
(94, 'large', 750, 750, 39, 'test', '2020-04-29 16:04:01', '2020-04-29 16:04:01'),
(95, 'actual', 1000, 1000, 39, 'test', '2020-04-29 16:04:01', '2020-04-29 16:04:01'),
(96, 'small', 50, 50, 40, 'test', '2020-04-29 16:04:23', '2020-04-29 16:04:23'),
(97, 'thumb', 100, 100, 40, 'test', '2020-04-29 16:04:23', '2020-04-29 16:04:23'),
(98, 'medium', 250, 250, 40, 'test', '2020-04-29 16:04:23', '2020-04-29 16:04:23'),
(99, 'standard', 500, 500, 40, 'test', '2020-04-29 16:04:23', '2020-04-29 16:04:23'),
(100, 'large', 750, 750, 40, 'test', '2020-04-29 16:04:23', '2020-04-29 16:04:23'),
(101, 'actual', 1000, 1000, 40, 'test', '2020-04-29 16:04:23', '2020-04-29 16:04:23'),
(102, 'small', 50, 50, 41, 'test', '2020-04-29 16:04:52', '2020-04-29 16:04:52'),
(103, 'thumb', 100, 100, 41, 'test', '2020-04-29 16:04:52', '2020-04-29 16:04:52'),
(104, 'medium', 250, 250, 41, 'test', '2020-04-29 16:04:52', '2020-04-29 16:04:52'),
(105, 'standard', 500, 500, 41, 'test', '2020-04-29 16:04:53', '2020-04-29 16:04:53'),
(106, 'large', 750, 750, 41, 'test', '2020-04-29 16:04:53', '2020-04-29 16:04:53'),
(107, 'actual', 1000, 1000, 41, 'test', '2020-04-29 16:04:53', '2020-04-29 16:04:53'),
(108, 'small', 50, 50, 42, 'test', '2020-04-29 16:09:31', '2020-04-29 16:09:31'),
(109, 'thumb', 100, 100, 42, 'test', '2020-04-29 16:09:31', '2020-04-29 16:09:31'),
(110, 'medium', 250, 250, 42, 'test', '2020-04-29 16:09:31', '2020-04-29 16:09:31'),
(111, 'standard', 500, 500, 42, 'test', '2020-04-29 16:09:31', '2020-04-29 16:09:31'),
(112, 'large', 750, 750, 42, 'test', '2020-04-29 16:09:31', '2020-04-29 16:09:31'),
(113, 'actual', 1000, 1000, 42, 'test', '2020-04-29 16:09:31', '2020-04-29 16:09:31'),
(114, 'small', 50, 50, 43, 'test', '2020-04-29 16:09:35', '2020-04-29 16:09:35'),
(115, 'thumb', 100, 100, 43, 'test', '2020-04-29 16:09:35', '2020-04-29 16:09:35'),
(116, 'medium', 250, 250, 43, 'test', '2020-04-29 16:09:35', '2020-04-29 16:09:35'),
(117, 'standard', 500, 500, 43, 'test', '2020-04-29 16:09:35', '2020-04-29 16:09:35'),
(118, 'large', 750, 750, 43, 'test', '2020-04-29 16:09:35', '2020-04-29 16:09:35'),
(119, 'actual', 1000, 1000, 43, 'test', '2020-04-29 16:09:35', '2020-04-29 16:09:35'),
(120, 'small', 50, 50, 44, 'test', '2020-04-29 16:11:00', '2020-04-29 16:11:00'),
(121, 'thumb', 100, 100, 44, 'test', '2020-04-29 16:11:00', '2020-04-29 16:11:00'),
(122, 'medium', 250, 250, 44, 'test', '2020-04-29 16:11:00', '2020-04-29 16:11:00'),
(123, 'standard', 500, 500, 44, 'test', '2020-04-29 16:11:01', '2020-04-29 16:11:01'),
(124, 'large', 750, 750, 44, 'test', '2020-04-29 16:11:01', '2020-04-29 16:11:01'),
(125, 'actual', 1000, 1000, 44, 'test', '2020-04-29 16:11:01', '2020-04-29 16:11:01'),
(126, 'small', 50, 50, 45, 'test', '2020-04-29 16:15:34', '2020-04-29 16:15:34'),
(127, 'thumb', 100, 100, 45, 'test', '2020-04-29 16:15:34', '2020-04-29 16:15:34'),
(128, 'medium', 250, 250, 45, 'test', '2020-04-29 16:15:34', '2020-04-29 16:15:34'),
(129, 'standard', 500, 500, 45, 'test', '2020-04-29 16:15:34', '2020-04-29 16:15:34'),
(130, 'large', 750, 750, 45, 'test', '2020-04-29 16:15:34', '2020-04-29 16:15:34'),
(131, 'actual', 1000, 1000, 45, 'test', '2020-04-29 16:15:34', '2020-04-29 16:15:34'),
(132, 'small', 50, 50, 46, 'test', '2020-04-29 16:17:32', '2020-04-29 16:17:32'),
(133, 'thumb', 100, 100, 46, 'test', '2020-04-29 16:17:32', '2020-04-29 16:17:32'),
(134, 'medium', 250, 250, 46, 'test', '2020-04-29 16:17:32', '2020-04-29 16:17:32'),
(135, 'standard', 500, 500, 46, 'test', '2020-04-29 16:17:32', '2020-04-29 16:17:32'),
(136, 'large', 750, 750, 46, 'test', '2020-04-29 16:17:32', '2020-04-29 16:17:32'),
(137, 'actual', 1000, 1000, 46, 'test', '2020-04-29 16:17:32', '2020-04-29 16:17:32'),
(138, 'small', 50, 50, 47, 'test', '2020-04-29 16:17:50', '2020-04-29 16:17:50'),
(139, 'thumb', 100, 100, 47, 'test', '2020-04-29 16:17:50', '2020-04-29 16:17:50'),
(140, 'medium', 250, 250, 47, 'test', '2020-04-29 16:17:50', '2020-04-29 16:17:50'),
(141, 'standard', 500, 500, 47, 'test', '2020-04-29 16:17:50', '2020-04-29 16:17:50'),
(142, 'large', 750, 750, 47, 'test', '2020-04-29 16:17:50', '2020-04-29 16:17:50'),
(143, 'actual', 1000, 1000, 47, 'test', '2020-04-29 16:17:50', '2020-04-29 16:17:50'),
(144, 'small', 50, 50, 48, 'test', '2020-04-29 16:20:13', '2020-04-29 16:20:13'),
(145, 'thumb', 100, 100, 48, 'test', '2020-04-29 16:20:13', '2020-04-29 16:20:13'),
(146, 'medium', 250, 250, 48, 'test', '2020-04-29 16:20:13', '2020-04-29 16:20:13'),
(147, 'standard', 500, 500, 48, 'test', '2020-04-29 16:20:13', '2020-04-29 16:20:13'),
(148, 'large', 750, 750, 48, 'test', '2020-04-29 16:20:13', '2020-04-29 16:20:13'),
(149, 'actual', 1000, 1000, 48, 'test', '2020-04-29 16:20:13', '2020-04-29 16:20:13'),
(150, 'small', 50, 50, 49, 'test', '2020-04-29 16:25:10', '2020-04-29 16:25:10'),
(151, 'thumb', 100, 100, 49, 'test', '2020-04-29 16:25:10', '2020-04-29 16:25:10'),
(152, 'medium', 250, 250, 49, 'test', '2020-04-29 16:25:10', '2020-04-29 16:25:10'),
(153, 'standard', 500, 500, 49, 'test', '2020-04-29 16:25:10', '2020-04-29 16:25:10'),
(154, 'large', 750, 750, 49, 'test', '2020-04-29 16:25:10', '2020-04-29 16:25:10'),
(155, 'actual', 1000, 1000, 49, 'test', '2020-04-29 16:25:10', '2020-04-29 16:25:10'),
(156, 'small', 50, 50, 50, 'test', '2020-04-29 16:25:45', '2020-04-29 16:25:45'),
(157, 'thumb', 100, 100, 50, 'test', '2020-04-29 16:25:45', '2020-04-29 16:25:45'),
(158, 'medium', 250, 250, 50, 'test', '2020-04-29 16:25:45', '2020-04-29 16:25:45'),
(159, 'standard', 500, 500, 50, 'test', '2020-04-29 16:25:45', '2020-04-29 16:25:45'),
(160, 'large', 750, 750, 50, 'test', '2020-04-29 16:25:45', '2020-04-29 16:25:45'),
(161, 'actual', 1000, 1000, 50, 'test', '2020-04-29 16:25:45', '2020-04-29 16:25:45'),
(162, 'small', 50, 50, 51, 'test', '2020-04-29 16:27:10', '2020-04-29 16:27:10'),
(163, 'thumb', 100, 100, 51, 'test', '2020-04-29 16:27:10', '2020-04-29 16:27:10'),
(164, 'medium', 250, 250, 51, 'test', '2020-04-29 16:27:10', '2020-04-29 16:27:10'),
(165, 'standard', 500, 500, 51, 'test', '2020-04-29 16:27:10', '2020-04-29 16:27:10'),
(166, 'large', 750, 750, 51, 'test', '2020-04-29 16:27:10', '2020-04-29 16:27:10'),
(167, 'actual', 1000, 1000, 51, 'test', '2020-04-29 16:27:10', '2020-04-29 16:27:10'),
(168, 'small', 50, 50, 52, 'test', '2020-04-29 16:27:29', '2020-04-29 16:27:29'),
(169, 'thumb', 100, 100, 52, 'test', '2020-04-29 16:27:29', '2020-04-29 16:27:29'),
(170, 'medium', 250, 250, 52, 'test', '2020-04-29 16:27:29', '2020-04-29 16:27:29'),
(171, 'standard', 500, 500, 52, 'test', '2020-04-29 16:27:29', '2020-04-29 16:27:29'),
(172, 'large', 750, 750, 52, 'test', '2020-04-29 16:27:29', '2020-04-29 16:27:29'),
(173, 'actual', 1000, 1000, 52, 'test', '2020-04-29 16:27:29', '2020-04-29 16:27:29'),
(174, 'small', 50, 50, 53, 'test', '2020-04-29 16:27:57', '2020-04-29 16:27:57'),
(175, 'thumb', 100, 100, 53, 'test', '2020-04-29 16:27:57', '2020-04-29 16:27:57'),
(176, 'medium', 250, 250, 53, 'test', '2020-04-29 16:27:57', '2020-04-29 16:27:57'),
(177, 'standard', 500, 500, 53, 'test', '2020-04-29 16:27:57', '2020-04-29 16:27:57'),
(178, 'large', 750, 750, 53, 'test', '2020-04-29 16:27:57', '2020-04-29 16:27:57'),
(179, 'actual', 1000, 1000, 53, 'test', '2020-04-29 16:27:57', '2020-04-29 16:27:57'),
(180, 'small', 50, 50, 54, 'test', '2020-04-30 17:57:05', '2020-04-30 17:57:05'),
(181, 'thumb', 100, 100, 54, 'test', '2020-04-30 17:57:05', '2020-04-30 17:57:05'),
(182, 'medium', 250, 250, 54, 'test', '2020-04-30 17:57:06', '2020-04-30 17:57:06'),
(183, 'standard', 500, 500, 54, 'test', '2020-04-30 17:57:06', '2020-04-30 17:57:06'),
(184, 'large', 750, 750, 54, 'test', '2020-04-30 17:57:06', '2020-04-30 17:57:06'),
(185, 'actual', 1000, 1000, 54, 'test', '2020-04-30 17:57:06', '2020-04-30 17:57:06'),
(186, 'small', 50, 50, 11, 'test', '2020-05-01 16:30:25', '2020-05-01 16:30:25'),
(187, 'thumb', 100, 100, 11, 'test', '2020-05-01 16:30:25', '2020-05-01 16:30:25'),
(188, 'medium', 250, 250, 11, 'test', '2020-05-01 16:30:25', '2020-05-01 16:30:25'),
(189, 'standard', 500, 500, 11, 'test', '2020-05-01 16:30:25', '2020-05-01 16:30:25'),
(190, 'large', 750, 750, 11, 'test', '2020-05-01 16:30:25', '2020-05-01 16:30:25'),
(191, 'actual', 1000, 1000, 11, 'test', '2020-05-01 16:30:25', '2020-05-01 16:30:25'),
(192, 'small', 50, 50, 12, 'test', '2020-05-01 16:50:51', '2020-05-01 16:50:51'),
(193, 'thumb', 100, 100, 12, 'test', '2020-05-01 16:50:51', '2020-05-01 16:50:51'),
(194, 'medium', 250, 250, 12, 'test', '2020-05-01 16:50:51', '2020-05-01 16:50:51'),
(195, 'standard', 500, 500, 12, 'test', '2020-05-01 16:50:51', '2020-05-01 16:50:51'),
(196, 'large', 750, 750, 12, 'test', '2020-05-01 16:50:51', '2020-05-01 16:50:51'),
(197, 'actual', 1000, 1000, 12, 'test', '2020-05-01 16:50:51', '2020-05-01 16:50:51'),
(198, 'small', 50, 50, 13, 'test', '2020-05-01 16:51:42', '2020-05-01 16:51:42'),
(199, 'thumb', 100, 100, 13, 'test', '2020-05-01 16:51:42', '2020-05-01 16:51:42'),
(200, 'medium', 250, 250, 13, 'test', '2020-05-01 16:51:42', '2020-05-01 16:51:42'),
(201, 'standard', 500, 500, 13, 'test', '2020-05-01 16:51:42', '2020-05-01 16:51:42'),
(202, 'large', 750, 750, 13, 'test', '2020-05-01 16:51:42', '2020-05-01 16:51:42'),
(203, 'actual', 1000, 1000, 13, 'test', '2020-05-01 16:51:42', '2020-05-01 16:51:42'),
(204, 'small', 50, 50, 14, 'test', '2020-05-01 16:52:04', '2020-05-01 16:52:04'),
(205, 'thumb', 100, 100, 14, 'test', '2020-05-01 16:52:04', '2020-05-01 16:52:04'),
(206, 'medium', 250, 250, 14, 'test', '2020-05-01 16:52:04', '2020-05-01 16:52:04'),
(207, 'standard', 500, 500, 14, 'test', '2020-05-01 16:52:04', '2020-05-01 16:52:04'),
(208, 'large', 750, 750, 14, 'test', '2020-05-01 16:52:04', '2020-05-01 16:52:04'),
(209, 'actual', 1000, 1000, 14, 'test', '2020-05-01 16:52:04', '2020-05-01 16:52:04'),
(210, 'small', 50, 50, 15, 'test', '2020-05-01 16:52:24', '2020-05-01 16:52:24'),
(211, 'thumb', 100, 100, 15, 'test', '2020-05-01 16:52:24', '2020-05-01 16:52:24'),
(212, 'medium', 250, 250, 15, 'test', '2020-05-01 16:52:24', '2020-05-01 16:52:24'),
(213, 'standard', 500, 500, 15, 'test', '2020-05-01 16:52:24', '2020-05-01 16:52:24'),
(214, 'large', 750, 750, 15, 'test', '2020-05-01 16:52:24', '2020-05-01 16:52:24'),
(215, 'actual', 1000, 1000, 15, 'test', '2020-05-01 16:52:24', '2020-05-01 16:52:24'),
(216, 'small', 50, 50, 16, 'test', '2020-05-01 16:55:07', '2020-05-01 16:55:07'),
(217, 'thumb', 100, 100, 16, 'test', '2020-05-01 16:55:07', '2020-05-01 16:55:07'),
(218, 'medium', 250, 250, 16, 'test', '2020-05-01 16:55:07', '2020-05-01 16:55:07'),
(219, 'standard', 500, 500, 16, 'test', '2020-05-01 16:55:07', '2020-05-01 16:55:07'),
(220, 'large', 750, 750, 16, 'test', '2020-05-01 16:55:07', '2020-05-01 16:55:07'),
(221, 'actual', 1000, 1000, 16, 'test', '2020-05-01 16:55:07', '2020-05-01 16:55:07'),
(222, 'small', 50, 50, 17, 'test', '2020-05-01 18:14:30', '2020-05-01 18:14:30'),
(223, 'thumb', 100, 100, 17, 'test', '2020-05-01 18:14:30', '2020-05-01 18:14:30'),
(224, 'medium', 250, 250, 17, 'test', '2020-05-01 18:14:30', '2020-05-01 18:14:30'),
(225, 'standard', 500, 500, 17, 'test', '2020-05-01 18:14:30', '2020-05-01 18:14:30'),
(226, 'large', 750, 750, 17, 'test', '2020-05-01 18:14:30', '2020-05-01 18:14:30'),
(227, 'actual', 1000, 1000, 17, 'test', '2020-05-01 18:14:30', '2020-05-01 18:14:30'),
(228, 'small', 50, 50, 18, 'test', '2020-05-02 16:39:58', '2020-05-02 16:39:58'),
(229, 'thumb', 100, 100, 18, 'test', '2020-05-02 16:39:58', '2020-05-02 16:39:58'),
(230, 'medium', 250, 250, 18, 'test', '2020-05-02 16:39:58', '2020-05-02 16:39:58'),
(231, 'standard', 500, 500, 18, 'test', '2020-05-02 16:39:58', '2020-05-02 16:39:58'),
(232, 'large', 750, 750, 18, 'test', '2020-05-02 16:39:58', '2020-05-02 16:39:58'),
(233, 'actual', 1000, 1000, 18, 'test', '2020-05-02 16:39:58', '2020-05-02 16:39:58'),
(234, 'small', 50, 50, 19, 'test', '2020-05-02 17:04:08', '2020-05-02 17:04:08'),
(235, 'thumb', 100, 100, 19, 'test', '2020-05-02 17:04:08', '2020-05-02 17:04:08'),
(236, 'medium', 250, 250, 19, 'test', '2020-05-02 17:04:08', '2020-05-02 17:04:08'),
(237, 'standard', 500, 500, 19, 'test', '2020-05-02 17:04:08', '2020-05-02 17:04:08'),
(238, 'large', 750, 750, 19, 'test', '2020-05-02 17:04:08', '2020-05-02 17:04:08'),
(239, 'actual', 1000, 1000, 19, 'test', '2020-05-02 17:04:08', '2020-05-02 17:04:08'),
(240, 'small', 50, 50, 20, 'test', '2020-05-03 01:48:49', '2020-05-03 01:48:49'),
(241, 'thumb', 100, 100, 20, 'test', '2020-05-03 01:48:49', '2020-05-03 01:48:49'),
(242, 'medium', 250, 250, 20, 'test', '2020-05-03 01:48:49', '2020-05-03 01:48:49'),
(243, 'standard', 500, 500, 20, 'test', '2020-05-03 01:48:49', '2020-05-03 01:48:49'),
(244, 'large', 750, 750, 20, 'test', '2020-05-03 01:48:49', '2020-05-03 01:48:49'),
(245, 'actual', 1000, 1000, 20, 'test', '2020-05-03 01:48:49', '2020-05-03 01:48:49'),
(246, 'small', 50, 50, 21, 'test', '2020-05-03 03:07:50', '2020-05-03 03:07:50'),
(247, 'thumb', 100, 100, 21, 'test', '2020-05-03 03:07:50', '2020-05-03 03:07:50'),
(248, 'medium', 250, 250, 21, 'test', '2020-05-03 03:07:50', '2020-05-03 03:07:50'),
(249, 'standard', 500, 500, 21, 'test', '2020-05-03 03:07:50', '2020-05-03 03:07:50'),
(250, 'large', 750, 750, 21, 'test', '2020-05-03 03:07:51', '2020-05-03 03:07:51'),
(251, 'actual', 1000, 1000, 21, 'test', '2020-05-03 03:07:51', '2020-05-03 03:07:51'),
(252, 'small', 50, 50, 22, 'test', '2020-05-03 15:26:56', '2020-05-03 15:26:56'),
(253, 'thumb', 100, 100, 22, 'test', '2020-05-03 15:26:56', '2020-05-03 15:26:56'),
(254, 'medium', 250, 250, 22, 'test', '2020-05-03 15:26:56', '2020-05-03 15:26:56'),
(255, 'standard', 500, 500, 22, 'test', '2020-05-03 15:26:56', '2020-05-03 15:26:56'),
(256, 'large', 750, 750, 22, 'test', '2020-05-03 15:26:56', '2020-05-03 15:26:56'),
(257, 'actual', 1000, 1000, 22, 'test', '2020-05-03 15:26:56', '2020-05-03 15:26:56'),
(258, 'small', 50, 50, 23, 'members', '2020-05-07 17:15:28', '2020-05-07 17:15:28'),
(259, 'thumb', 100, 100, 23, 'members', '2020-05-07 17:15:28', '2020-05-07 17:15:28'),
(260, 'medium', 250, 250, 23, 'members', '2020-05-07 17:15:28', '2020-05-07 17:15:28'),
(261, 'standard', 500, 500, 23, 'members', '2020-05-07 17:15:28', '2020-05-07 17:15:28'),
(262, 'large', 750, 750, 23, 'members', '2020-05-07 17:15:28', '2020-05-07 17:15:28'),
(263, 'actual', 1000, 1000, 23, 'members', '2020-05-07 17:15:28', '2020-05-07 17:15:28'),
(264, 'small', 50, 50, 24, 'members', '2020-05-07 17:15:55', '2020-05-07 17:15:55'),
(265, 'thumb', 100, 100, 24, 'members', '2020-05-07 17:15:55', '2020-05-07 17:15:55'),
(266, 'medium', 250, 250, 24, 'members', '2020-05-07 17:15:55', '2020-05-07 17:15:55'),
(267, 'standard', 500, 500, 24, 'members', '2020-05-07 17:15:55', '2020-05-07 17:15:55'),
(268, 'large', 750, 750, 24, 'members', '2020-05-07 17:15:55', '2020-05-07 17:15:55'),
(269, 'actual', 1000, 1000, 24, 'members', '2020-05-07 17:15:55', '2020-05-07 17:15:55'),
(270, 'small', 50, 50, 25, 'members', '2020-05-07 17:21:19', '2020-05-07 17:21:19'),
(271, 'thumb', 100, 100, 25, 'members', '2020-05-07 17:21:19', '2020-05-07 17:21:19'),
(272, 'medium', 250, 250, 25, 'members', '2020-05-07 17:21:19', '2020-05-07 17:21:19'),
(273, 'standard', 500, 500, 25, 'members', '2020-05-07 17:21:19', '2020-05-07 17:21:19'),
(274, 'large', 750, 750, 25, 'members', '2020-05-07 17:21:19', '2020-05-07 17:21:19'),
(275, 'actual', 1000, 1000, 25, 'members', '2020-05-07 17:21:19', '2020-05-07 17:21:19');

-- --------------------------------------------------------

--
-- Table structure for table `core_position`
--

CREATE TABLE `core_position` (
  `ID` int(10) NOT NULL,
  `name` varchar(255) NOT NULL,
  `active` tinyint(1) NOT NULL,
  `created_at` timestamp NOT NULL DEFAULT CURRENT_TIMESTAMP ON UPDATE CURRENT_TIMESTAMP,
  `modified_at` timestamp NOT NULL DEFAULT '0000-00-00 00:00:00'
) ENGINE=InnoDB DEFAULT CHARSET=latin1;

--
-- Dumping data for table `core_position`
--

INSERT INTO `core_position` (`ID`, `name`, `active`, `created_at`, `modified_at`) VALUES
(1, 'Top', 1, '2020-04-08 09:43:55', '0000-00-00 00:00:00'),
(2, 'Bottom', 1, '2020-04-08 09:43:55', '0000-00-00 00:00:00'),
(3, 'Left', 1, '2020-04-08 09:44:06', '0000-00-00 00:00:00'),
(4, 'Right', 1, '2020-04-08 09:44:06', '0000-00-00 00:00:00');

-- --------------------------------------------------------

--
-- Table structure for table `core_section_category`
--

CREATE TABLE `core_section_category` (
  `ID` int(10) NOT NULL,
  `section_rs` int(10) UNSIGNED NOT NULL,
  `section` smallint(5) UNSIGNED NOT NULL,
  `category` smallint(5) UNSIGNED NOT NULL
) ENGINE=InnoDB DEFAULT CHARSET=latin1;

--
-- Dumping data for table `core_section_category`
--

INSERT INTO `core_section_category` (`ID`, `section_rs`, `section`, `category`) VALUES
(7, 33, 7, 21),
(8, 34, 7, 21),
(9, 35, 7, 21),
(28, 19, 7, 3),
(30, 21, 7, 3),
(31, 22, 7, 4),
(32, 23, 7, 4),
(33, 1, 33, 27),
(34, 1, 37, 28),
(35, 4, 54, 29),
(36, 6, 54, 29),
(37, 7, 54, 29),
(38, 1, 16, 30),
(39, 1, 17, 31),
(40, 1, 22, 34);

-- --------------------------------------------------------

--
-- Table structure for table `core_section_custom_field_data`
--

CREATE TABLE `core_section_custom_field_data` (
  `ID` int(10) NOT NULL,
  `section_rs` int(10) NOT NULL,
  `section` int(10) NOT NULL,
  `custom_field` int(10) NOT NULL,
  `input_data` text NOT NULL
) ENGINE=InnoDB DEFAULT CHARSET=latin1;

--
-- Dumping data for table `core_section_custom_field_data`
--

INSERT INTO `core_section_custom_field_data` (`ID`, `section_rs`, `section`, `custom_field`, `input_data`) VALUES
(4, 1, 33, 1, 'test'),
(5, 1, 33, 3, 'test '),
(6, 1, 33, 4, '3'),
(23, 512, 7, 4, '3'),
(24, 512, 7, 5, '11'),
(25, 512, 7, 6, '19'),
(26, 512, 7, 7, '0'),
(27, 19, 7, 4, '9'),
(28, 19, 7, 5, '11,13'),
(29, 19, 7, 6, '16'),
(30, 19, 7, 7, '20,21,23'),
(31, 1, 22, 1, 'This is test Description'),
(32, 1, 22, 2, '4'),
(33, 1, 22, 3, 'Veerabharathi'),
(34, 1, 22, 4, '10'),
(35, 1, 22, 5, '12'),
(36, 1, 22, 6, '19'),
(37, 1, 22, 7, '20,23,27');

-- --------------------------------------------------------

--
-- Table structure for table `core_section_files`
--

CREATE TABLE `core_section_files` (
  `ID` int(10) NOT NULL,
  `section_rs` int(10) NOT NULL,
  `section` int(10) NOT NULL,
  `title` varchar(255) NOT NULL,
  `description` text,
  `keywords` text,
  `file` varchar(255) NOT NULL,
  `type` tinyint(3) NOT NULL,
  `active` tinyint(1) NOT NULL DEFAULT '1',
  `updated_at` timestamp NOT NULL DEFAULT CURRENT_TIMESTAMP,
  `created_at` timestamp NOT NULL DEFAULT CURRENT_TIMESTAMP
) ENGINE=InnoDB DEFAULT CHARSET=latin1;

--
-- Dumping data for table `core_section_files`
--

INSERT INTO `core_section_files` (`ID`, `section_rs`, `section`, `title`, `description`, `keywords`, `file`, `type`, `active`, `updated_at`, `created_at`) VALUES
(3, 3, 7, 'rstest', 'testset', NULL, '1586977749.pdf', 2, 1, '2020-04-15 13:39:09', '2020-04-14 15:08:07'),
(4, 3, 7, 'test', 'est', NULL, '1586977709.pdf', 2, 1, '2020-04-15 13:38:29', '2020-04-15 13:38:29'),
(5, 3, 7, 'test', 'est', NULL, 'ACFrOgCFFhascjXKAZnS9LT3Mjl_8_LyYCpiLHDn4cCdmHCwm0svby4Qlv0u84iiF22KYEK9LYfebu3kEUEP3AqYjQrTzcfFY5c7o35nJSVBdDX0ZNp5TP7AWxz3WI2kSTkPnbsZr5O56yrdzoDv.pdf', 2, 1, '2020-04-15 13:51:16', '2020-04-15 13:51:16'),
(6, 4, 7, 'tes', 'tetst', NULL, 'ACFrOgCFFhascjXKAZnS9LT3Mjl_8_LyYCpiLHDn4cCdmHCwm0svby4Qlv0u84iiF22KYEK9LYfebu3kEUEP3AqYjQrTzcfFY5c7o35nJSVBdDX0ZNp5TP7AWxz3WI2kSTkPnbsZr5O56yrdzoDv.pdf', 1, 1, '2020-04-15 13:58:58', '2020-04-15 13:58:58'),
(7, 5, 7, 'ttttttttest', 'ttttttttest', NULL, 'ACFrOgCFFhascjXKAZnS9LT3Mjl_8_LyYCpiLHDn4cCdmHCwm0svby4Qlv0u84iiF22KYEK9LYfebu3kEUEP3AqYjQrTzcfFY5c7o35nJSVBdDX0ZNp5TP7AWxz3WI2kSTkPnbsZr5O56yrdzoDv.pdf', 1, 1, '2020-04-15 14:00:26', '2020-04-15 14:00:26'),
(8, 6, 7, 'ttttttttest', 'ttttttttest', NULL, 'ACFrOgCFFhascjXKAZnS9LT3Mjl_8_LyYCpiLHDn4cCdmHCwm0svby4Qlv0u84iiF22KYEK9LYfebu3kEUEP3AqYjQrTzcfFY5c7o35nJSVBdDX0ZNp5TP7AWxz3WI2kSTkPnbsZr5O56yrdzoDv.pdf', 1, 1, '2020-04-15 14:07:31', '2020-04-15 14:07:31'),
(9, 7, 7, 'ttttttttest', 'ttttttttest', NULL, 'ACFrOgCFFhascjXKAZnS9LT3Mjl_8_LyYCpiLHDn4cCdmHCwm0svby4Qlv0u84iiF22KYEK9LYfebu3kEUEP3AqYjQrTzcfFY5c7o35nJSVBdDX0ZNp5TP7AWxz3WI2kSTkPnbsZr5O56yrdzoDv.pdf', 1, 1, '2020-04-15 14:07:52', '2020-04-15 14:07:52'),
(10, 19, 7, 'test', 'test', NULL, 'ad_a1e611a1b6.pdf', 2, 1, '2020-04-19 12:51:48', '2020-04-19 12:51:48'),
(11, 19, 7, 'test', 'test', NULL, 'ad_5bcfc7fcdf.pdf', 2, 1, '2020-04-19 12:51:56', '2020-04-19 12:51:56'),
(12, 19, 7, 'test 2342343', 'tetst', NULL, 'adverstisements_07fe66835d.docx', 1, 1, '2020-04-22 18:18:22', '2020-04-19 13:14:20'),
(13, 19, 7, 'test 2342343', 'tetst', NULL, 'ad_8c4bf427d3.docx', 1, 1, '2020-04-19 13:14:29', '2020-04-19 13:14:29'),
(15, 19, 7, 'test 12323232', 'test', NULL, 'ad_c37f5bdc85.docx', 1, 1, '2020-04-19 13:18:57', '2020-04-19 13:18:57'),
(16, 19, 7, 'test asdf asd asd 23434343', 'test', NULL, 'ad_ccca32a6b9.docx', 1, 1, '2020-04-19 13:43:11', '2020-04-19 13:19:18'),
(17, 19, 7, 'test', 'test', NULL, 'ad_cf6ec77280.pdf', 2, 1, '2020-04-19 13:19:36', '2020-04-19 13:19:36'),
(23, 21, 7, 'test', 'test', NULL, 'ad_6e6b8f583e.pdf', 2, 1, '2020-04-19 16:27:31', '2020-04-19 16:27:31'),
(24, 21, 7, 'test', 'est', NULL, 'ad_58a73cdf8b.xlsx', 3, 1, '2020-04-19 16:28:00', '2020-04-19 16:28:00'),
(25, 21, 7, 'test', 'ttest', NULL, 'ad_df04401902.docx', 1, 1, '2020-04-19 16:28:31', '2020-04-19 16:28:31'),
(26, 22, 7, 'tes', 'test', NULL, 'ad_3610fc9ffb.pdf', 2, 1, '2020-04-19 16:52:59', '2020-04-19 16:50:53'),
(27, 24, 7, 'test', NULL, NULL, 'ad_afe620b57b.pdf', 2, 1, '2020-04-19 16:54:17', '2020-04-19 16:54:17'),
(28, 23, 7, 'test', 'test', NULL, 'adverstisements_68701ed861.pdf', 2, 1, '2020-04-20 13:30:43', '2020-04-20 13:30:43'),
(29, 1, 33, 'tes', 'test', NULL, 'test_2a71ad197c.pdf', 2, 1, '2020-04-21 12:06:54', '2020-04-21 12:06:54'),
(30, 4, 54, 'test', 'etst', NULL, 'test_71a2640d54.docx', 1, 1, '2020-04-30 18:17:34', '2020-04-30 18:17:34'),
(31, 6, 54, 'tes', 'test', NULL, 'test_5a54b0aca2.docx', 1, 1, '2020-05-01 03:01:42', '2020-05-01 03:01:42'),
(32, 1, 16, 'test', 'test', NULL, 'test_d0270f004b.docx', 1, 1, '2020-05-01 16:59:30', '2020-05-01 16:59:30'),
(33, 1, 17, 'test', 'test', NULL, 'test_1d5750e946.docx', 1, 1, '2020-05-01 18:51:15', '2020-05-01 18:51:15'),
(34, 480, 19, 'test', 'test', NULL, 'test_46ed523b2e.docx', 1, 1, '2020-05-02 17:23:42', '2020-05-02 17:23:42');

-- --------------------------------------------------------

--
-- Table structure for table `core_section_images`
--

CREATE TABLE `core_section_images` (
  `ID` int(10) NOT NULL,
  `section_rs` int(10) NOT NULL,
  `section` int(10) NOT NULL,
  `title` varchar(255) NOT NULL,
  `description` text,
  `alt_tag_text` varchar(255) DEFAULT NULL,
  `image` varchar(255) NOT NULL,
  `mime` varchar(50) NOT NULL,
  `sort` int(11) DEFAULT NULL,
  `created_at` timestamp NULL DEFAULT CURRENT_TIMESTAMP,
  `updated_at` timestamp NOT NULL DEFAULT CURRENT_TIMESTAMP
) ENGINE=InnoDB DEFAULT CHARSET=latin1;

--
-- Dumping data for table `core_section_images`
--

INSERT INTO `core_section_images` (`ID`, `section_rs`, `section`, `title`, `description`, `alt_tag_text`, `image`, `mime`, `sort`, `created_at`, `updated_at`) VALUES
(1, 19, 33, 'test', NULL, NULL, 'test_afbd7d81d4.jpeg', 'image/jpeg', NULL, '2020-04-21 12:06:54', '2020-04-21 12:06:54'),
(4, 22, 7, 'test', NULL, NULL, 'adverstisements_e4a175e8ca.jpeg', 'image/jpeg', NULL, '2020-04-21 14:25:23', '2020-04-21 14:25:23'),
(7, 21, 7, 'test', NULL, NULL, 'adverstisements_170cb8d32e.jpeg', 'image/jpeg', NULL, '2020-04-22 15:16:55', '2020-04-22 15:16:55'),
(8, 19, 7, 'test', NULL, NULL, 'adverstisements_a03d4bc7a3.jpeg', 'image/jpeg', NULL, '2020-04-22 15:18:35', '2020-04-22 15:18:35'),
(9, 1, 37, 'test', NULL, NULL, 'test_255e661739.jpeg', 'image/jpeg', NULL, '2020-04-29 16:31:56', '2020-04-29 16:31:56'),
(10, 4, 54, 'test', NULL, NULL, 'test_4e7d60665f.jpeg', 'image/jpeg', NULL, '2020-04-30 18:17:34', '2020-04-30 18:17:34'),
(11, 6, 54, 'test', NULL, NULL, 'test_b63f4123ef.jpeg', 'image/jpeg', NULL, '2020-05-01 03:01:41', '2020-05-01 03:01:41'),
(12, 6, 54, 'tes', NULL, NULL, 'test_050729ccc1.jpg', 'image/jpeg', NULL, '2020-05-01 03:01:41', '2020-05-01 03:01:41'),
(13, 6, 54, 'test', NULL, NULL, 'test_e46f448348.jpeg', 'image/jpeg', NULL, '2020-05-01 03:01:42', '2020-05-01 03:01:42'),
(14, 6, 54, 'test', NULL, NULL, 'test_92f8a018bf.jpeg', 'image/jpeg', NULL, '2020-05-01 03:01:42', '2020-05-01 03:01:42'),
(15, 1, 16, 'test', NULL, NULL, 'test_dbd8658f08.jpeg', 'image/jpeg', NULL, '2020-05-01 16:59:30', '2020-05-01 16:59:30'),
(16, 1, 16, 'test', NULL, NULL, 'test_47b33f2646.jpg', 'image/jpeg', NULL, '2020-05-01 16:59:30', '2020-05-01 16:59:30'),
(17, 1, 16, 'test', NULL, NULL, 'test_cb9b3e7034.jpeg', 'image/jpeg', NULL, '2020-05-01 16:59:30', '2020-05-01 16:59:30'),
(18, 1, 16, 'test', NULL, NULL, 'test_f873f14290.jpeg', 'image/jpeg', NULL, '2020-05-01 16:59:30', '2020-05-01 16:59:30'),
(19, 1, 17, 'test', NULL, NULL, 'test_3d22cf2fb3.jpeg', 'image/jpeg', NULL, '2020-05-01 18:51:14', '2020-05-01 18:51:14'),
(20, 1, 17, 'test', NULL, NULL, 'test_2f049fddd2.jpeg', 'image/jpeg', NULL, '2020-05-01 18:51:14', '2020-05-01 18:51:14'),
(21, 1, 17, 'test', NULL, NULL, 'test_8561cf4701.jpg', 'image/jpeg', NULL, '2020-05-01 18:51:14', '2020-05-01 18:51:14'),
(22, 1, 17, 'test', NULL, NULL, 'test_ae0df4f583.jpeg', 'image/jpeg', NULL, '2020-05-01 18:51:15', '2020-05-01 18:51:15'),
(23, 23, 7, 'test', NULL, NULL, 'advertisements_e12a55e635.jpeg', 'image/jpeg', NULL, '2020-05-02 13:58:56', '2020-05-02 13:58:56'),
(24, 480, 19, 'test', NULL, NULL, 'test_e7c260e4ef.jpeg', 'image/jpeg', NULL, '2020-05-02 17:20:47', '2020-05-02 17:20:47'),
(25, 480, 19, 'test', NULL, NULL, 'test_9b4b800a8b.jpg', 'image/jpeg', NULL, '2020-05-02 17:20:50', '2020-05-02 17:20:50'),
(26, 492, 20, 'test', NULL, NULL, 'test_08be2fa47d.jpeg', 'image/jpeg', NULL, '2020-05-03 02:01:21', '2020-05-03 02:01:21'),
(27, 496, 21, 'test', NULL, NULL, 'test_51ab8cc05b.jpeg', 'image/jpeg', NULL, '2020-05-03 03:16:56', '2020-05-03 03:16:56'),
(28, 1, 22, 'test', NULL, NULL, 'test_119f1aa9a1.jpeg', 'image/jpeg', NULL, '2020-05-03 15:38:13', '2020-05-03 15:38:13'),
(29, 1, 22, 'test', NULL, NULL, 'test_51b83d9a42.jpg', 'image/jpeg', NULL, '2020-05-03 15:38:13', '2020-05-03 15:38:13'),
(30, 1, 22, 'test', NULL, NULL, 'test_f9da79647e.jpeg', 'image/jpeg', NULL, '2020-05-03 15:38:14', '2020-05-03 15:38:14'),
(31, 1, 22, 'test', NULL, NULL, 'test_138726c3f1.jpeg', 'image/jpeg', NULL, '2020-05-03 15:38:14', '2020-05-03 15:38:14'),
(32, 1, 25, 'test', NULL, NULL, 'members_1cd0401fe5.jpg', 'image/jpeg', NULL, '2020-05-07 17:42:33', '2020-05-07 17:42:33');

-- --------------------------------------------------------

--
-- Table structure for table `core_section_meta_detail`
--

CREATE TABLE `core_section_meta_detail` (
  `ID` int(10) NOT NULL,
  `section_rs` int(10) NOT NULL,
  `section` int(10) NOT NULL,
  `meta_title` varchar(255) NOT NULL,
  `meta_keywords` text NOT NULL,
  `meta_description` text NOT NULL,
  `active` tinyint(1) NOT NULL DEFAULT '1',
  `created_at` timestamp NOT NULL DEFAULT CURRENT_TIMESTAMP ON UPDATE CURRENT_TIMESTAMP,
  `updated_at` timestamp NOT NULL DEFAULT CURRENT_TIMESTAMP
) ENGINE=InnoDB DEFAULT CHARSET=latin1;

--
-- Dumping data for table `core_section_meta_detail`
--

INSERT INTO `core_section_meta_detail` (`ID`, `section_rs`, `section`, `meta_title`, `meta_keywords`, `meta_description`, `active`, `created_at`, `updated_at`) VALUES
(1, 19, 7, 'test 1', 'test 2', 'test4', 1, '2020-04-18 22:13:34', '2020-04-18 22:13:34'),
(2, 21, 7, 'tes', 'test', 'test', 1, '2020-04-19 21:44:31', '2020-04-19 21:44:31'),
(3, 22, 7, '234', '3434', '343', 1, '2020-04-19 22:20:53', '2020-04-19 22:20:53'),
(4, 23, 7, 'tet', 'et', 't', 1, '2020-04-20 19:00:43', '2020-04-20 19:00:43'),
(5, 1, 33, 'test', 'test 3', 'test 4', 1, '2020-04-21 17:36:54', '2020-04-21 17:36:54'),
(6, 1, 37, 'tes', 'test', 'test', 1, '2020-04-29 22:01:56', '2020-04-29 22:01:56'),
(7, 4, 54, 'test', 'test', 'test', 1, '2020-04-30 23:47:34', '2020-04-30 23:47:34'),
(8, 6, 54, 'test1', 'ttest2', 'test3', 1, '2020-05-01 08:31:42', '2020-05-01 08:31:42'),
(9, 1, 16, 'test1', 'test2', 'test4', 1, '2020-05-01 22:29:30', '2020-05-01 22:29:30'),
(10, 1, 17, 'test1', 'test2', 'test4', 1, '2020-05-02 00:21:15', '2020-05-02 00:21:15'),
(11, 480, 19, 'test2', 'test4', 'erst54', 1, '2020-05-02 22:53:55', '2020-05-02 22:53:55'),
(12, 1, 22, 'test1', 'test2', 'test3', 1, '2020-05-03 21:08:14', '2020-05-03 21:08:14');

-- --------------------------------------------------------

--
-- Table structure for table `core_section_videos`
--

CREATE TABLE `core_section_videos` (
  `ID` int(10) NOT NULL,
  `section_rs` int(10) NOT NULL,
  `section` int(10) NOT NULL,
  `type` int(11) NOT NULL,
  `title` varchar(255) NOT NULL,
  `description` text,
  `video_url` varchar(255) NOT NULL,
  `active` tinyint(1) NOT NULL DEFAULT '1',
  `created_at` timestamp NOT NULL DEFAULT CURRENT_TIMESTAMP,
  `updated_at` timestamp NOT NULL DEFAULT CURRENT_TIMESTAMP
) ENGINE=InnoDB DEFAULT CHARSET=latin1;

--
-- Dumping data for table `core_section_videos`
--

INSERT INTO `core_section_videos` (`ID`, `section_rs`, `section`, `type`, `title`, `description`, `video_url`, `active`, `created_at`, `updated_at`) VALUES
(5, 2, 7, 2, 'veeraa', '5555', '5555', 1, '2020-04-13 17:08:52', '2020-04-13 17:50:26'),
(6, 2, 7, 1, 'ewt', 'w3', '323', 1, '2020-04-13 17:09:58', '2020-04-13 17:09:58'),
(7, 2, 7, 1, '222222222222', '22222222', '2222222222', 1, '2020-04-13 17:10:59', '2020-04-13 17:10:59'),
(8, 2, 7, 1, 'test', 'test', 'test', 1, '2020-04-13 17:12:17', '2020-04-13 17:12:17'),
(9, 1, 7, 1, 'this is the test post', 'this is the test post', 'https://www.youtube.com/watch?v=Z5BJhoQux7g', 1, '2020-04-14 15:06:58', '2020-04-14 15:06:58'),
(10, 2, 7, 1, 'this is the test post', 'this is the test post', 'https://www.youtube.com/watch?v=Z5BJhoQux7g', 1, '2020-04-14 15:07:36', '2020-04-14 15:07:36'),
(11, 3, 7, 1, 'this is the test post', 'this is the test post', 'https://www.youtube.com/watch?v=Z5BJhoQux7g', 1, '2020-04-14 15:08:07', '2020-04-14 15:08:07'),
(12, 19, 7, 1, 'This property video', 'This property video', 'https://www.youtube.com/watch?v=iaJx_pX7Ze8', 1, '2020-04-18 16:43:34', '2020-04-18 16:43:34'),
(13, 19, 7, 2, 'vimeo video', 'test', 'https://vimeo.com/179801258', 1, '2020-04-19 20:10:22', '2020-04-19 20:10:22'),
(14, 19, 7, 2, 'test', 'https://vimeo.com/275924291', 'https://vimeo.com/275924291', 1, '2020-04-19 14:53:25', '2020-04-19 14:53:25'),
(15, 19, 7, 1, 'test', 'test', 'https://www.youtube.com/watch?v=cQWeTnOwlm4', 1, '2020-04-19 14:55:12', '2020-04-19 14:55:12'),
(17, 19, 7, 1, 'tet', NULL, 'https://www.youtube.com/watch?v=KBMOKoVgJJ0', 1, '2020-04-19 14:57:45', '2020-04-19 14:58:04'),
(18, 20, 7, 1, 'https://www.youtube.com/watch?v=sb6WlQiaJeM', NULL, 'https://www.youtube.com/watch?v=7XqEJO-wt7s', 1, '2020-04-19 16:13:08', '2020-04-19 16:13:08'),
(19, 20, 7, 1, 'https://www.youtube.com/watch?v=sjhiaPEjRo0 test', NULL, 'https://www.youtube.com/watch?v=sjhiaPEjRo0', 1, '2020-04-19 16:13:08', '2020-04-19 16:13:08'),
(20, 20, 7, 2, 'https://vimeo.com/256763496', NULL, 'https://vimeo.com/256763496', 1, '2020-04-19 16:13:08', '2020-04-19 16:13:08'),
(21, 21, 7, 1, 'https://www.youtube.com/watch?v=sb6WlQiaJeM', NULL, 'https://www.youtube.com/watch?v=7XqEJO-wt7s', 1, '2020-04-19 16:14:30', '2020-04-19 16:14:30'),
(22, 21, 7, 1, 'https://www.youtube.com/watch?v=sjhiaPEjRo0 test', NULL, 'https://www.youtube.com/watch?v=sjhiaPEjRo0', 1, '2020-04-19 16:14:30', '2020-04-19 16:14:30'),
(23, 21, 7, 2, 'https://vimeo.com/256763496', NULL, 'https://vimeo.com/256763496', 1, '2020-04-19 16:14:30', '2020-04-19 16:14:30'),
(24, 22, 7, 1, 'test', NULL, 'https://www.youtube.com/watch?v=sjhiaPEjRo0', 1, '2020-04-19 16:50:53', '2020-04-19 16:50:53'),
(25, 23, 7, 1, 'test', 'test', 'https://www.youtube.com/watch?v=_9lAj68is8Y', 1, '2020-04-20 13:30:43', '2020-04-20 13:30:43'),
(26, 1, 33, 1, 'https://www.youtube.com/watch?v=hcNp4lLup2M', 'https://www.youtube.com/watch?v=hcNp4lLup2M', 'https://www.youtube.com/watch?v=hcNp4lLup2M', 1, '2020-04-21 12:06:54', '2020-04-21 12:06:54'),
(27, 4, 54, 1, 'test', 'tes', 'https://www.youtube.com/watch?v=LCWQPzGzvjk', 1, '2020-04-30 18:17:34', '2020-04-30 18:17:34'),
(28, 6, 54, 1, 'Test test', 'test', 'https://www.youtube.com/watch?v=VJW2e8_cIfw', 1, '2020-05-01 03:01:42', '2020-05-01 03:01:42'),
(29, 1, 16, 1, 'https://www.youtube.com/watch?v=4Z-QCDyL2q4', 'https://www.youtube.com/watch?v=4Z-QCDyL2q4', 'https://www.youtube.com/watch?v=4Z-QCDyL2q4', 1, '2020-05-01 16:59:30', '2020-05-01 16:59:30'),
(30, 1, 17, 1, 'test', 'test', 'https://www.youtube.com/watch?v=cEz9w4MQlYM', 1, '2020-05-01 18:51:15', '2020-05-01 18:51:15'),
(31, 480, 19, 1, 'test', 'etst', 'https://www.youtube.com/watch?v=QGnaTIMlBH0', 1, '2020-05-02 17:23:17', '2020-05-02 17:23:17'),
(32, 492, 20, 1, 'test', 'test', 'https://www.youtube.com/watch?v=QZ1DaQgg3lE', 1, '2020-05-03 02:05:45', '2020-05-03 02:05:45'),
(33, 1, 22, 1, '300', NULL, 'https://www.youtube.com/watch?v=FeT7KU6ssW0', 1, '2020-05-03 15:38:14', '2020-05-03 15:38:14');

-- --------------------------------------------------------

--
-- Table structure for table `core_video_type`
--

CREATE TABLE `core_video_type` (
  `ID` int(10) NOT NULL,
  `name` varchar(255) NOT NULL,
  `active` tinyint(1) NOT NULL
) ENGINE=InnoDB DEFAULT CHARSET=latin1;

--
-- Dumping data for table `core_video_type`
--

INSERT INTO `core_video_type` (`ID`, `name`, `active`) VALUES
(1, 'YouTube', 1),
(2, 'Vimeo', 1);

-- --------------------------------------------------------

--
-- Table structure for table `failed_jobs`
--

CREATE TABLE `failed_jobs` (
  `id` bigint(20) UNSIGNED NOT NULL,
  `connection` text COLLATE utf8_unicode_ci NOT NULL,
  `queue` text COLLATE utf8_unicode_ci NOT NULL,
  `payload` longtext COLLATE utf8_unicode_ci NOT NULL,
  `exception` longtext COLLATE utf8_unicode_ci NOT NULL,
  `failed_at` timestamp NOT NULL DEFAULT CURRENT_TIMESTAMP
) ENGINE=InnoDB DEFAULT CHARSET=utf8 COLLATE=utf8_unicode_ci;

-- --------------------------------------------------------

--
-- Table structure for table `form_components`
--

CREATE TABLE `form_components` (
  `ID` int(10) NOT NULL,
  `name` varchar(255) NOT NULL,
  `file_path` varchar(255) NOT NULL,
  `component_name` varchar(255) NOT NULL,
  `active` tinyint(1) NOT NULL,
  `created_at` timestamp NOT NULL DEFAULT CURRENT_TIMESTAMP ON UPDATE CURRENT_TIMESTAMP,
  `updated_at` timestamp NOT NULL DEFAULT '0000-00-00 00:00:00'
) ENGINE=InnoDB DEFAULT CHARSET=latin1;

--
-- Dumping data for table `form_components`
--

INSERT INTO `form_components` (`ID`, `name`, `file_path`, `component_name`, `active`, `created_at`, `updated_at`) VALUES
(1, 'Category', 'category.cmp-category-drop-down', 'Category', 1, '2020-04-12 06:19:01', '0000-00-00 00:00:00'),
(2, 'Images', 'images.image-add-edit', 'Image', 1, '2020-04-12 06:19:04', '0000-00-00 00:00:00'),
(3, 'Videos', 'videos.video-add-edit', 'Video', 1, '2020-04-12 06:19:09', '0000-00-00 00:00:00'),
(4, 'Files', 'files.file-add-edit', 'File', 1, '2020-04-12 06:19:13', '0000-00-00 00:00:00'),
(5, 'Meta Details', 'meta-form.meta-details\r\n\r\n', 'Meta', 1, '2020-04-12 06:19:16', '0000-00-00 00:00:00');

-- --------------------------------------------------------

--
-- Table structure for table `form_section_components`
--

CREATE TABLE `form_section_components` (
  `ID` int(10) NOT NULL,
  `section` int(10) NOT NULL,
  `form_component` int(10) NOT NULL,
  `position` tinyint(3) NOT NULL,
  `created_at` timestamp NOT NULL DEFAULT CURRENT_TIMESTAMP ON UPDATE CURRENT_TIMESTAMP,
  `updated_at` timestamp NOT NULL DEFAULT '0000-00-00 00:00:00'
) ENGINE=InnoDB DEFAULT CHARSET=latin1;

--
-- Dumping data for table `form_section_components`
--

INSERT INTO `form_section_components` (`ID`, `section`, `form_component`, `position`, `created_at`, `updated_at`) VALUES
(1, 7, 1, 1, '2020-04-11 20:47:15', '0000-00-00 00:00:00'),
(2, 7, 2, 2, '2020-04-19 22:13:14', '0000-00-00 00:00:00'),
(3, 7, 3, 2, '2020-04-11 22:49:03', '0000-00-00 00:00:00'),
(4, 7, 4, 2, '2020-04-11 21:37:02', '0000-00-00 00:00:00'),
(5, 7, 5, 2, '2020-04-11 22:46:48', '0000-00-00 00:00:00'),
(256, 22, 1, 1, '2020-05-03 15:26:56', '2020-05-03 15:26:56'),
(257, 22, 2, 2, '2020-05-03 15:26:56', '2020-05-03 15:26:56'),
(258, 22, 3, 2, '2020-05-03 15:26:56', '2020-05-03 15:26:56'),
(259, 22, 4, 2, '2020-05-03 15:26:56', '2020-05-03 15:26:56'),
(260, 22, 5, 2, '2020-05-03 15:26:56', '2020-05-03 15:26:56'),
(272, 25, 2, 2, '2020-05-07 17:21:18', '2020-05-07 17:21:18'),
(273, 25, 3, 2, '2020-05-07 17:21:18', '2020-05-07 17:21:18'),
(274, 25, 4, 2, '2020-05-07 17:21:19', '2020-05-07 17:21:19'),
(275, 25, 5, 2, '2020-05-07 17:21:19', '2020-05-07 17:21:19');

-- --------------------------------------------------------

--
-- Table structure for table `members`
--

CREATE TABLE `members` (
  `ID` int(10) UNSIGNED NOT NULL,
  `first_name` varchar(191) COLLATE utf8_unicode_ci DEFAULT NULL,
  `last_name` varchar(191) COLLATE utf8_unicode_ci NOT NULL,
  `email` varchar(191) COLLATE utf8_unicode_ci DEFAULT NULL,
  `email_verified_at` datetime DEFAULT NULL,
  `password` varchar(191) COLLATE utf8_unicode_ci DEFAULT NULL,
  `remember_token` varchar(191) COLLATE utf8_unicode_ci DEFAULT NULL,
  `active` varchar(191) COLLATE utf8_unicode_ci NOT NULL,
  `created_at` timestamp NULL DEFAULT NULL,
  `updated_at` timestamp NULL DEFAULT NULL
) ENGINE=InnoDB DEFAULT CHARSET=utf8 COLLATE=utf8_unicode_ci;

--
-- Dumping data for table `members`
--

INSERT INTO `members` (`ID`, `first_name`, `last_name`, `email`, `email_verified_at`, `password`, `remember_token`, `active`, `created_at`, `updated_at`) VALUES
(1, 'Veerabharathi', 'Vijayarahavan', 'v.veerabharathi@gmail.com', NULL, '$2y$10$I5nhefXq9757rwjElRqBWOEGdZ3wEBr2PuSgmefjQIosFvOkKoGBa', NULL, '1', '2020-05-07 17:30:51', '2020-05-07 17:49:49'),
(2, 'vivek', 'vijay', 'veerabharathi2020@gmail.com', NULL, '$2y$10$q71HtCvjmM5D9lifMnIgKupvgjAVL9lUSr2cCottca2uAxZ3pvN3K', NULL, '0', '2020-05-07 19:51:58', '2020-05-07 19:51:58');

-- --------------------------------------------------------

--
-- Table structure for table `migrations`
--

CREATE TABLE `migrations` (
  `id` int(10) UNSIGNED NOT NULL,
  `migration` varchar(191) COLLATE utf8_unicode_ci NOT NULL,
  `batch` int(11) NOT NULL
) ENGINE=InnoDB DEFAULT CHARSET=utf8 COLLATE=utf8_unicode_ci;

--
-- Dumping data for table `migrations`
--

INSERT INTO `migrations` (`id`, `migration`, `batch`) VALUES
(1, '2014_10_12_000000_create_users_table', 1),
(2, '2014_10_12_100000_create_password_resets_table', 1),
(3, '2019_08_19_000000_create_failed_jobs_table', 1),
(4, '2020_03_29_113909_create_permission_tables', 1),
(5, '2020_03_30_212536_create_administrator_password_resets_table', 2),
(6, '2020_03_31_233227_create_ads_table', 3),
(7, '2020_03_31_233802_create_ads_table', 4),
(8, '2020_03_31_234135_create_ads_table', 5),
(9, '2020_03_31_234824_create_ads_table', 6),
(10, '2020_03_31_235207_create_ads_table', 7),
(11, '2020_03_31_235414_create_ads_table', 8),
(12, '2020_03_31_235754_create_ads_table', 9),
(13, '2020_04_01_000122_create_ads_table', 10),
(14, '2020_04_01_000526_create_ads_table', 11),
(15, '2020_04_01_000749_create_ads_table', 12),
(16, '2020_04_01_003522_create_ads_table', 13),
(17, '2020_04_01_004205_create_ads_table', 14),
(18, '2020_04_02_194449_create_categories_table', 15),
(19, '2020_04_03_025914_create_categories_table', 16),
(20, '2020_04_03_031802_create_customfields_table', 17),
(21, '2020_04_05_130533_create_sectioncustomfields_table', 18),
(22, '2020_04_20_232518_create_tests_table', 19),
(23, '2020_04_20_233544_create_tests_table', 20),
(24, '2020_04_21_001401_create_tests_table', 21),
(25, '2020_04_21_003216_create_tests_table', 22),
(26, '2020_04_21_004809_create_tests_table', 23),
(27, '2020_04_21_005059_create_tests_table', 24),
(28, '2020_04_21_011240_create_tests_table', 25),
(29, '2020_04_21_011943_create_tests_table', 26),
(30, '2020_04_21_012903_create_tests_table', 27),
(31, '2020_04_21_173359_create_tests_table', 28),
(32, '2020_04_29_212235_create_tests_table', 29),
(33, '2020_04_29_215758_create_tests_table', 30),
(34, '2020_04_30_232706_create_tests_table', 31),
(35, '2020_05_01_222507_create_tests_table', 32),
(36, '2020_05_01_234431_create_tests_table', 33),
(37, '2020_05_02_220959_create_tests_table', 34),
(38, '2020_05_02_223409_create_tests_table', 35),
(39, '2020_05_03_071851_create_tests_table', 36),
(40, '2020_05_03_083752_create_tests_table', 37),
(41, '2020_05_03_205657_create_tests_table', 38),
(42, '2020_05_07_225132_create_members_table', 39);

-- --------------------------------------------------------

--
-- Table structure for table `model_has_permissions`
--

CREATE TABLE `model_has_permissions` (
  `permission_id` bigint(20) UNSIGNED NOT NULL,
  `model_type` varchar(191) COLLATE utf8_unicode_ci NOT NULL,
  `model_id` bigint(20) UNSIGNED NOT NULL
) ENGINE=InnoDB DEFAULT CHARSET=utf8 COLLATE=utf8_unicode_ci;

-- --------------------------------------------------------

--
-- Table structure for table `model_has_roles`
--

CREATE TABLE `model_has_roles` (
  `role_id` bigint(20) UNSIGNED NOT NULL,
  `model_type` varchar(191) COLLATE utf8_unicode_ci NOT NULL,
  `model_id` bigint(20) UNSIGNED NOT NULL
) ENGINE=InnoDB DEFAULT CHARSET=utf8 COLLATE=utf8_unicode_ci;

--
-- Dumping data for table `model_has_roles`
--

INSERT INTO `model_has_roles` (`role_id`, `model_type`, `model_id`) VALUES
(1, 'Modules\\Administrator\\Entities\\Administrator', 1),
(1, 'Modules\\Administrator\\Entities\\Administrator', 6),
(2, 'Modules\\Administrator\\Entities\\Administrator', 3),
(3, 'Modules\\Administrator\\Entities\\Administrator', 5);

-- --------------------------------------------------------

--
-- Table structure for table `password_resets`
--

CREATE TABLE `password_resets` (
  `email` varchar(191) COLLATE utf8_unicode_ci NOT NULL,
  `token` varchar(191) COLLATE utf8_unicode_ci NOT NULL,
  `created_at` timestamp NULL DEFAULT NULL
) ENGINE=InnoDB DEFAULT CHARSET=utf8 COLLATE=utf8_unicode_ci;

-- --------------------------------------------------------

--
-- Table structure for table `permissions`
--

CREATE TABLE `permissions` (
  `id` bigint(20) UNSIGNED NOT NULL,
  `module` int(10) NOT NULL,
  `section` int(10) NOT NULL,
  `name` varchar(191) COLLATE utf8_unicode_ci NOT NULL,
  `slug` varchar(255) COLLATE utf8_unicode_ci NOT NULL,
  `guard_name` varchar(191) COLLATE utf8_unicode_ci NOT NULL,
  `display` tinyint(1) NOT NULL,
  `active` tinyint(1) NOT NULL,
  `created_at` timestamp NULL DEFAULT NULL,
  `updated_at` timestamp NULL DEFAULT NULL
) ENGINE=InnoDB DEFAULT CHARSET=utf8 COLLATE=utf8_unicode_ci;

--
-- Dumping data for table `permissions`
--

INSERT INTO `permissions` (`id`, `module`, `section`, `name`, `slug`, `guard_name`, `display`, `active`, `created_at`, `updated_at`) VALUES
(1, 1, 3, 'Create Permission', 'create-permission', 'administrator', 0, 1, '2018-07-17 11:01:15', '2018-07-27 15:22:49'),
(2, 1, 3, 'View Permission', 'view-permission', 'administrator', 1, 1, '2018-07-17 11:02:10', '2018-07-27 15:22:09'),
(3, 1, 3, 'Edit Permission', 'edit-permission', 'administrator', 0, 1, '2018-07-17 11:02:18', '2018-07-27 15:22:58'),
(4, 1, 3, 'Delete Permission', 'delete-permission', 'administrator', 0, 1, '2018-07-17 11:02:24', '2018-07-27 15:23:07'),
(5, 1, 3, 'Detail Permission', 'detail-permission', 'administrator', 0, 1, '2018-07-17 11:03:03', '2018-07-27 15:23:16'),
(6, 1, 2, 'View Role', 'view-role', 'administrator', 1, 1, '2018-07-17 11:03:11', '2018-07-27 15:23:25'),
(7, 1, 2, 'Add Role', 'add-role', 'administrator', 0, 1, '2018-07-17 11:03:20', '2018-07-27 15:23:33'),
(8, 1, 2, 'Edit Role', 'edit-role', 'administrator', 0, 1, '2018-07-17 11:03:24', '2018-07-27 15:23:42'),
(9, 1, 2, 'Delete Role', 'delete-role', 'administrator', 0, 1, '2018-07-17 11:03:30', '2018-07-27 15:23:53'),
(10, 1, 2, 'Detail Role', 'detail-role', 'administrator', 0, 1, '2018-07-17 11:03:37', '2018-07-27 15:24:06'),
(11, 1, 1, 'Add Administrator', 'add-administrator', 'administrator', 0, 1, '2018-07-17 11:03:45', '2018-07-27 15:24:20'),
(12, 1, 1, 'View Administrator', 'view-administrator', 'administrator', 1, 1, '2018-07-17 11:03:54', '2018-07-27 15:24:31'),
(13, 1, 1, 'Edit Administrator', 'edit-administrator', 'administrator', 0, 1, '2018-07-17 11:04:07', '2018-07-27 15:24:41'),
(14, 1, 1, 'Delete Administrator', 'delete-administrator', 'administrator', 0, 1, '2018-07-17 11:04:20', '2018-07-27 15:24:52'),
(15, 1, 1, 'Detail Administrator', 'detail-administrator', 'administrator', 0, 1, '2018-07-17 11:04:32', '2018-07-27 15:25:05'),
(16, 1, 1, 'Super Admin', 'super-admin', 'administrator', 0, 1, '2018-07-17 12:09:08', '2018-07-17 12:09:08'),
(17, 1, 1, 'Administrator Dashboard', 'administrator-dashboard', 'administrator', 0, 1, '2018-07-27 15:26:39', '2018-07-27 15:26:39'),
(20, 1, 2, 'Create Role', 'create-role', 'administrator', 0, 1, '2018-07-28 00:35:23', '2018-07-28 00:35:23'),
(22, 1, 2, 'Update Role', 'update-role', 'administrator', 0, 1, NULL, NULL),
(23, 1, 4, 'View Modules', 'view-modules', 'administrator', 1, 1, '2018-08-07 15:30:39', '2018-08-07 15:30:39'),
(24, 1, 5, 'View Sections', 'view-sections', 'administrator', 1, 1, '2018-08-07 15:31:22', '2018-08-07 15:31:22'),
(291, 2, 7, 'View Ad', 'view-ad', 'administrator', 1, 1, '2020-03-31 19:12:04', '2020-03-31 19:12:04'),
(292, 2, 7, 'Detail Ad', 'detail-ad', 'administrator', 0, 1, '2020-03-31 19:12:05', '2020-03-31 19:12:05'),
(293, 2, 7, 'Create Ad', 'create-ad', 'administrator', 0, 1, '2020-03-31 19:12:05', '2020-03-31 19:12:05'),
(294, 2, 7, 'Store Ad', 'store-ad', 'administrator', 0, 1, '2020-03-31 19:12:05', '2020-03-31 19:12:05'),
(295, 2, 7, 'Edit Ad', 'edit-ad', 'administrator', 0, 1, '2020-03-31 19:12:05', '2020-03-31 19:12:05'),
(296, 2, 7, 'Update Ad', 'update-ad', 'administrator', 0, 1, '2020-03-31 19:12:05', '2020-03-31 19:12:05'),
(297, 2, 7, 'Destroy Ad', 'destroy-ad', 'administrator', 0, 1, '2020-03-31 19:12:05', '2020-03-31 19:12:05'),
(298, 3, 6, 'View Category', 'view-category', 'administrator', 0, 1, '2020-04-02 16:18:01', '2020-04-02 16:18:01'),
(299, 3, 6, 'Detail Category', 'detail-category', 'administrator', 0, 1, '2020-04-02 16:18:01', '2020-04-02 16:18:01'),
(300, 3, 6, 'Create Category', 'create-category', 'administrator', 0, 1, '2020-04-02 16:18:01', '2020-04-02 16:18:01'),
(301, 3, 6, 'Store Category', 'store-category', 'administrator', 0, 1, '2020-04-02 16:18:01', '2020-04-02 16:18:01'),
(302, 3, 6, 'Edit Category', 'edit-category', 'administrator', 0, 1, '2020-04-02 16:18:01', '2020-04-02 16:18:01'),
(303, 3, 6, 'Update Category', 'update-category', 'administrator', 0, 1, '2020-04-02 16:18:01', '2020-04-02 16:18:01'),
(304, 3, 6, 'Destroy Category', 'destroy-category', 'administrator', 0, 1, '2020-04-02 16:18:01', '2020-04-02 16:18:01'),
(319, 3, 9, 'View Customfield', 'view-customfield', 'administrator', 1, 1, '2020-04-02 21:48:01', '2020-04-02 21:48:01'),
(320, 3, 9, 'Detail Customfield', 'detail-customfield', 'administrator', 0, 1, '2020-04-02 21:48:01', '2020-04-02 21:48:01'),
(321, 3, 9, 'Create Customfield', 'create-customfield', 'administrator', 0, 1, '2020-04-02 21:48:01', '2020-04-02 21:48:01'),
(322, 3, 9, 'Store Customfield', 'store-customfield', 'administrator', 0, 1, '2020-04-02 21:48:01', '2020-04-02 21:48:01'),
(323, 3, 9, 'Edit Customfield', 'edit-customfield', 'administrator', 0, 1, '2020-04-02 21:48:01', '2020-04-02 21:48:01'),
(324, 3, 9, 'Update Customfield', 'update-customfield', 'administrator', 0, 1, '2020-04-02 21:48:01', '2020-04-02 21:48:01'),
(325, 3, 9, 'Destroy Customfield', 'destroy-customfield', 'administrator', 0, 1, '2020-04-02 21:48:01', '2020-04-02 21:48:01'),
(340, 3, 10, 'View Sectioncustomfield', 'view-sectioncustomfield', 'administrator', 1, 1, '2020-04-05 07:35:32', '2020-04-05 07:35:32'),
(341, 3, 10, 'Detail Sectioncustomfield', 'detail-sectioncustomfield', 'administrator', 0, 1, '2020-04-05 07:35:32', '2020-04-05 07:35:32'),
(342, 3, 10, 'Create Sectioncustomfield', 'create-sectioncustomfield', 'administrator', 0, 1, '2020-04-05 07:35:32', '2020-04-05 07:35:32'),
(343, 3, 10, 'Store Sectioncustomfield', 'store-sectioncustomfield', 'administrator', 0, 1, '2020-04-05 07:35:32', '2020-04-05 07:35:32'),
(344, 3, 10, 'Edit Sectioncustomfield', 'edit-sectioncustomfield', 'administrator', 0, 1, '2020-04-05 07:35:32', '2020-04-05 07:35:32'),
(345, 3, 10, 'Update Sectioncustomfield', 'update-sectioncustomfield', 'administrator', 0, 1, '2020-04-05 07:35:32', '2020-04-05 07:35:32'),
(346, 3, 10, 'Destroy Sectioncustomfield', 'destroy-sectioncustomfield', 'administrator', 0, 1, '2020-04-05 07:35:32', '2020-04-05 07:35:32'),
(424, 9, 22, 'View Test', 'view-test', 'administrator', 1, 1, '2020-05-03 15:26:55', '2020-05-03 15:26:55'),
(425, 9, 22, 'Detail Test', 'detail-test', 'administrator', 0, 1, '2020-05-03 15:26:55', '2020-05-03 15:26:55'),
(426, 9, 22, 'Create Test', 'create-test', 'administrator', 0, 1, '2020-05-03 15:26:55', '2020-05-03 15:26:55'),
(427, 9, 22, 'Store Test', 'store-test', 'administrator', 0, 1, '2020-05-03 15:26:55', '2020-05-03 15:26:55'),
(428, 9, 22, 'Edit Test', 'edit-test', 'administrator', 0, 1, '2020-05-03 15:26:55', '2020-05-03 15:26:55'),
(429, 9, 22, 'Update Test', 'update-test', 'administrator', 0, 1, '2020-05-03 15:26:55', '2020-05-03 15:26:55'),
(430, 9, 22, 'Destroy Test', 'destroy-test', 'administrator', 0, 1, '2020-05-03 15:26:56', '2020-05-03 15:26:56'),
(445, 10, 25, 'View Member', 'view-member', 'administrator', 1, 1, '2020-05-07 17:21:18', '2020-05-07 17:21:18'),
(446, 10, 25, 'Detail Member', 'detail-member', 'administrator', 0, 1, '2020-05-07 17:21:18', '2020-05-07 17:21:18'),
(447, 10, 25, 'Create Member', 'create-member', 'administrator', 0, 1, '2020-05-07 17:21:18', '2020-05-07 17:21:18'),
(448, 10, 25, 'Store Member', 'store-member', 'administrator', 0, 1, '2020-05-07 17:21:18', '2020-05-07 17:21:18'),
(449, 10, 25, 'Edit Member', 'edit-member', 'administrator', 0, 1, '2020-05-07 17:21:18', '2020-05-07 17:21:18'),
(450, 10, 25, 'Update Member', 'update-member', 'administrator', 0, 1, '2020-05-07 17:21:18', '2020-05-07 17:21:18'),
(451, 10, 25, 'Destroy Member', 'destroy-member', 'administrator', 0, 1, '2020-05-07 17:21:18', '2020-05-07 17:21:18');

-- --------------------------------------------------------

--
-- Table structure for table `roles`
--

CREATE TABLE `roles` (
  `id` bigint(20) UNSIGNED NOT NULL,
  `name` varchar(191) COLLATE utf8_unicode_ci NOT NULL,
  `guard_name` varchar(191) COLLATE utf8_unicode_ci NOT NULL,
  `created_at` timestamp NULL DEFAULT NULL,
  `updated_at` timestamp NULL DEFAULT NULL
) ENGINE=InnoDB DEFAULT CHARSET=utf8 COLLATE=utf8_unicode_ci;

--
-- Dumping data for table `roles`
--

INSERT INTO `roles` (`id`, `name`, `guard_name`, `created_at`, `updated_at`) VALUES
(1, 'Admin', 'administrator', '2018-07-17 22:19:26', '2018-07-17 22:19:26'),
(2, 'Owner', 'administrator', '2018-07-17 22:20:32', '2018-07-17 22:20:32'),
(3, 'Editor', 'administrator', '2018-07-17 22:20:49', '2018-07-17 22:20:49');

-- --------------------------------------------------------

--
-- Table structure for table `role_has_permissions`
--

CREATE TABLE `role_has_permissions` (
  `permission_id` bigint(20) UNSIGNED NOT NULL,
  `role_id` bigint(20) UNSIGNED NOT NULL
) ENGINE=InnoDB DEFAULT CHARSET=utf8 COLLATE=utf8_unicode_ci;

--
-- Dumping data for table `role_has_permissions`
--

INSERT INTO `role_has_permissions` (`permission_id`, `role_id`) VALUES
(1, 1),
(6, 1),
(8, 1),
(11, 1),
(12, 1),
(13, 1),
(14, 1),
(16, 1),
(17, 1),
(22, 1),
(23, 1),
(24, 1),
(291, 2),
(292, 2),
(293, 2),
(294, 2),
(295, 2),
(296, 2),
(297, 2);

-- --------------------------------------------------------

--
-- Table structure for table `tests`
--

CREATE TABLE `tests` (
  `ID` int(10) UNSIGNED NOT NULL,
  `title` varchar(191) COLLATE utf8_unicode_ci DEFAULT NULL,
  `description` text COLLATE utf8_unicode_ci,
  `active` varchar(191) COLLATE utf8_unicode_ci NOT NULL,
  `created_at` timestamp NULL DEFAULT NULL,
  `updated_at` timestamp NULL DEFAULT NULL
) ENGINE=InnoDB DEFAULT CHARSET=utf8 COLLATE=utf8_unicode_ci;

--
-- Dumping data for table `tests`
--

INSERT INTO `tests` (`ID`, `title`, `description`, `active`, `created_at`, `updated_at`) VALUES
(1, 'AAA Test test', 'AAA Test test AAA Test testAAA Test testAAA Test testAAA Test testAAA Test testAAA Test testAAA Test testAAA Test testAAA Test testAAA Test testAAA Test testAAA Test test', '1', '2020-05-03 15:38:12', '2020-05-03 15:38:12'),
(2, 'Courtney Jacobi', 'Majesty,\' he began. \'You\'re a very humble tone, going down on one knee. \'I\'m a poor man,\' the Hatter replied. \'Of course it is,\' said the King. \'When did you manage to do this, so she helped herself.', '1', '2020-05-03 15:54:20', '2020-05-03 15:54:20'),
(3, 'Lucio O\'Conner', 'Alice. \'It goes on, you know,\' said the Mock Turtle, capering wildly about. \'Change lobsters again!\' yelled the Gryphon at the flowers and those cool fountains, but she did not seem to come once a.', '1', '2020-05-03 15:54:20', '2020-05-03 15:54:20'),
(4, 'Cordia Rosenbaum', 'White Rabbit, with a yelp of delight, which changed into alarm in another moment, when she caught it, and found in it about four inches deep and reaching half down the hall. After a while, finding.', '1', '2020-05-03 15:54:20', '2020-05-03 15:54:20'),
(5, 'Dorthy Swaniawski', 'Bill,\' she gave a sudden burst of tears, but said nothing. \'This here young lady,\' said the Queen. First came ten soldiers carrying clubs; these were all crowded together at one end of the Lobster.', '1', '2020-05-03 15:54:21', '2020-05-03 15:54:21'),
(6, 'Pierre Reilly', 'CHAPTER VIII. The Queen\'s argument was, that you think you might like to be a walrus or hippopotamus, but then she looked back once or twice, and shook itself. Then it got down off the mushroom, and.', '1', '2020-05-03 15:54:21', '2020-05-03 15:54:21'),
(7, 'Scottie Heidenreich', 'Alice to herself, \'I wish the creatures order one about, and shouting \'Off with her head! Off--\' \'Nonsense!\' said Alice, in a great hurry to change the subject. \'Ten hours the first to break the.', '1', '2020-05-03 15:54:21', '2020-05-03 15:54:21'),
(8, 'Rachelle Rice', 'Will you, won\'t you, will you join the dance. Will you, won\'t you, will you join the dance? \"You can really have no idea what to say it over) \'--yes, that\'s about the right thing to nurse--and she\'s.', '1', '2020-05-03 15:54:22', '2020-05-03 15:54:22'),
(9, 'Jessy Reilly', 'I never heard of \"Uglification,\"\' Alice ventured to remark. \'Tut, tut, child!\' said the Hatter. This piece of rudeness was more hopeless than ever: she sat still and said \'What else had you to offer.', '1', '2020-05-03 15:54:22', '2020-05-03 15:54:22'),
(10, 'Tianna Connelly', 'Mock Turtle: \'crumbs would all wash off in the lap of her head impatiently; and, turning to Alice. \'What IS the same words as before, \'It\'s all his fancy, that: they never executes nobody, you know.', '1', '2020-05-03 15:54:22', '2020-05-03 15:54:22'),
(11, 'Luz Lehner', 'Twinkle, twinkle--\"\' Here the other end of the jurymen. \'No, they\'re not,\' said the Pigeon; \'but if they do, why then they\'re a kind of sob, \'I\'ve tried the roots of trees, and I\'ve tried hedges,\'.', '1', '2020-05-03 15:54:22', '2020-05-03 15:54:22'),
(12, 'Elton Altenwerth', 'Alice, they all crowded together at one end of the song. \'What trial is it?\' The Gryphon lifted up both its paws in surprise. \'What! Never heard of such a capital one for catching mice--oh, I beg.', '1', '2020-05-03 15:54:23', '2020-05-03 15:54:23'),
(13, 'Eliane Becker', 'Alice very politely; but she had gone through that day. \'A likely story indeed!\' said the Mock Turtle, suddenly dropping his voice; and the Dormouse shook itself, and was going on rather better.', '1', '2020-05-03 15:54:23', '2020-05-03 15:54:23'),
(14, 'Dr. Howard Dickinson', 'Mock Turtle Soup is made from,\' said the King: \'leave out that part.\' \'Well, at any rate I\'ll never go THERE again!\' said Alice indignantly, and she did not look at them--\'I wish they\'d get the.', '1', '2020-05-03 15:54:23', '2020-05-03 15:54:23'),
(15, 'Skye Oberbrunner', 'Caterpillar. Alice folded her hands, and she felt a little girl or a worm. The question is, what did the archbishop find?\' The Mouse looked at her, and the others all joined in chorus, \'Yes, please.', '1', '2020-05-03 15:54:23', '2020-05-03 15:54:23'),
(16, 'Kendrick Ryan', 'Alice; \'but when you come to an end! \'I wonder what you\'re at!\" You know the way of expecting nothing but a pack of cards, after all. I needn\'t be so stingy about it, you know--\' She had already.', '1', '2020-05-03 15:54:23', '2020-05-03 15:54:23'),
(17, 'Odell Stamm III', 'Dormouse\'s place, and Alice called after it; and while she remembered that she did not get hold of this ointment--one shilling the box-- Allow me to introduce some other subject of conversation.', '1', '2020-05-03 15:54:23', '2020-05-03 15:54:23'),
(18, 'Rossie Collier', 'Caterpillar. \'Well, perhaps not,\' said Alice in a Little Bill It was opened by another footman in livery, with a table in the lap of her hedgehog. The hedgehog was engaged in a voice outside, and.', '1', '2020-05-03 15:54:23', '2020-05-03 15:54:23'),
(19, 'Malachi Parisian', 'Alice in a mournful tone, \'he won\'t do a thing before, but she saw them, they set to work, and very neatly and simply arranged; the only difficulty was, that if something wasn\'t done about it just.', '1', '2020-05-03 15:54:23', '2020-05-03 15:54:23'),
(20, 'Jamal Schoen', 'Hatter. \'He won\'t stand beating. Now, if you please! \"William the Conqueror, whose cause was favoured by the Queen say only yesterday you deserved to be a book written about me, that there was room.', '1', '2020-05-03 15:54:23', '2020-05-03 15:54:23'),
(21, 'Leonel Schulist', 'And with that she was quite out of its mouth and began to cry again, for really I\'m quite tired of sitting by her sister on the song, she kept fanning herself all the arches are gone from this.', '1', '2020-05-03 15:54:24', '2020-05-03 15:54:24'),
(22, 'Tito Bailey DDS', 'It was opened by another footman in livery came running out of its little eyes, but it had entirely disappeared; so the King eagerly, and he wasn\'t one?\' Alice asked. The Hatter opened his eyes. He.', '1', '2020-05-03 15:54:24', '2020-05-03 15:54:24'),
(23, 'Rosalee Dicki', 'When the Mouse replied rather impatiently: \'any shrimp could have told you that.\' \'If I\'d been the right height to rest herself, and once again the tiny hands were clasped upon her face. \'Very,\'.', '1', '2020-05-03 15:54:24', '2020-05-03 15:54:24'),
(24, 'Ford Corwin', 'So she set to work throwing everything within her reach at the picture.) \'Up, lazy thing!\' said Alice, a little while, however, she again heard a little animal (she couldn\'t guess of what work it.', '1', '2020-05-03 15:54:24', '2020-05-03 15:54:24'),
(25, 'Mr. Abe Langworth III', 'I suppose you\'ll be asleep again before it\'s done.\' \'Once upon a low curtain she had tired herself out with his tea spoon at the Lizard in head downwards, and the executioner myself,\' said the.', '1', '2020-05-03 15:54:24', '2020-05-03 15:54:24'),
(26, 'Amber Abshire IV', 'Alice as she spoke. Alice did not like to try the effect: the next question is, what?\' The great question certainly was, what? Alice looked at Alice, as she spoke. (The unfortunate little Bill had.', '1', '2020-05-03 15:54:24', '2020-05-03 15:54:24'),
(27, 'Mrs. Dianna Daniel', 'Gryphon. Alice did not like to try the effect: the next thing is, to get out again. That\'s all.\' \'Thank you,\' said the King, the Queen, the royal children, and make THEIR eyes bright and eager with.', '1', '2020-05-03 15:54:25', '2020-05-03 15:54:25'),
(28, 'Ted Rolfson II', 'Alice began, in a melancholy tone: \'it doesn\'t seem to have been ill.\' \'So they were,\' said the King triumphantly, pointing to the voice of thunder, and people began running when they liked, and.', '1', '2020-05-03 15:54:25', '2020-05-03 15:54:25'),
(29, 'Miss Lue Johns', 'Hatter went on, yawning and rubbing its eyes, for it was neither more nor less than a pig, and she said to the Dormouse, after thinking a minute or two she walked up towards it rather timidly, as.', '1', '2020-05-03 15:54:25', '2020-05-03 15:54:25'),
(30, 'Mr. Enoch King PhD', 'Bill! I wouldn\'t be in before the trial\'s over!\' thought Alice. \'Now we shall get on better.\' \'I\'d rather not,\' the Cat again, sitting on the shingle--will you come and join the dance. Will you.', '1', '2020-05-03 15:54:25', '2020-05-03 15:54:25'),
(31, 'Mr. Dedric Little', 'Five and Seven said nothing, but looked at her own mind (as well as she could see, as they used to it in asking riddles that have no notion how delightful it will be the right size again; and the.', '1', '2020-05-03 15:54:25', '2020-05-03 15:54:25'),
(32, 'Victoria Rath', 'At last the Dodo managed it.) First it marked out a new kind of thing never happened, and now here I am very tired of being all alone here!\' As she said to the little door was shut again, and she.', '1', '2020-05-03 15:54:25', '2020-05-03 15:54:25'),
(33, 'Kurt Ferry', 'WOULD always get into the darkness as hard as he spoke, and added \'It isn\'t a letter, written by the officers of the wood for fear of killing somebody, so managed to swallow a morsel of the Lizard\'s.', '1', '2020-05-03 15:54:25', '2020-05-03 15:54:25'),
(34, 'Zachariah Ratke', 'Will you, won\'t you, will you join the dance. \'\"What matters it how far we go?\" his scaly friend replied. \"There is another shore, you know, and he went on, \'--likely to win, that it\'s hardly worth.', '1', '2020-05-03 15:54:25', '2020-05-03 15:54:25'),
(35, 'Una Batz', 'However, the Multiplication Table doesn\'t signify: let\'s try the thing yourself, some winter day, I will prosecute YOU.--Come, I\'ll take no denial; We must have got altered.\' \'It is a very good.', '1', '2020-05-03 15:54:25', '2020-05-03 15:54:25'),
(36, 'Prof. Isaiah Shanahan', 'Go on!\' \'I\'m a poor man,\' the Hatter went on, \'--likely to win, that it\'s hardly worth while finishing the game.\' The Queen turned angrily away from her as she went on, without attending to her.', '1', '2020-05-03 15:54:25', '2020-05-03 15:54:25'),
(37, 'Prof. Monserrat Ortiz PhD', 'Eaglet, and several other curious creatures. Alice led the way, and the happy summer days. THE.', '1', '2020-05-03 15:54:26', '2020-05-03 15:54:26'),
(38, 'Estelle Harvey PhD', 'Alice again, in a louder tone. \'ARE you to sit down without being invited,\' said the Caterpillar. \'I\'m afraid I can\'t take more.\' \'You mean you can\'t take more.\' \'You mean you can\'t help it,\' she.', '1', '2020-05-03 15:54:26', '2020-05-03 15:54:26'),
(39, 'Nathan Russel', 'Alice gently remarked; \'they\'d have been ill.\' \'So they were,\' said the Pigeon in a tone of great dismay, and began to repeat it, but her voice close to her very earnestly, \'Now, Dinah, tell me who.', '1', '2020-05-03 15:54:26', '2020-05-03 15:54:26'),
(40, 'Johann Hettinger', 'I look like one, but the Rabbit came up to the jury, who instantly made a snatch in the distance would take the place of the other paw, \'lives a Hatter: and in THAT direction,\' the Cat went on, half.', '1', '2020-05-03 15:54:26', '2020-05-03 15:54:26'),
(41, 'Michelle Shanahan Sr.', 'Caterpillar sternly. \'Explain yourself!\' \'I can\'t go no lower,\' said the Hatter. \'Nor I,\' said the Gryphon. \'We can do without lobsters, you know. Which shall sing?\' \'Oh, YOU sing,\' said the.', '1', '2020-05-03 15:54:26', '2020-05-03 15:54:26'),
(42, 'Lavern Marquardt', 'CHAPTER VI. Pig and Pepper For a minute or two the Caterpillar seemed to be sure! However, everything is to-day! And yesterday things went on just as she spoke. \'I must be removed,\' said the Hatter.', '1', '2020-05-03 15:54:26', '2020-05-03 15:54:26'),
(43, 'Era Dickens', 'ARE a simpleton.\' Alice did not much surprised at this, but at the proposal. \'Then the Dormouse indignantly. However, he consented to go near the house before she gave her one, they gave him two.', '1', '2020-05-03 15:54:26', '2020-05-03 15:54:26'),
(44, 'Hildegard Johnson', 'Gryphon answered, very nearly in the grass, merely remarking as it left no mark on the look-out for serpents night and day! Why, I haven\'t had a wink of sleep these three little sisters,\' the.', '1', '2020-05-03 15:54:26', '2020-05-03 15:54:26'),
(45, 'Sheila Price', 'Duchess\'s cook. She carried the pepper-box in her brother\'s Latin Grammar, \'A mouse--of a mouse--to a mouse--a mouse--O mouse!\') The Mouse gave a look askance-- Said he thanked the whiting kindly.', '1', '2020-05-03 15:54:26', '2020-05-03 15:54:26'),
(46, 'Miss Freida Dicki II', 'He was looking about for some time in silence: at last the Gryphon never learnt it.\' \'Hadn\'t time,\' said the Cat. \'I don\'t see any wine,\' she remarked. \'There isn\'t any,\' said the Duchess.', '1', '2020-05-03 15:54:26', '2020-05-03 15:54:26'),
(47, 'Ernestina Eichmann', 'Alice. \'Come on, then,\' said Alice, looking down at her own children. \'How should I know?\' said Alice, a good way off, panting, with its arms and frowning at the Gryphon never learnt it.\' \'Hadn\'t.', '1', '2020-05-03 15:54:26', '2020-05-03 15:54:26'),
(48, 'Prof. Lottie Harvey II', 'Pigeon. \'I can see you\'re trying to make personal remarks,\' Alice said very politely, feeling quite pleased to find herself talking familiarly with them, as if it makes rather a complaining tone.', '1', '2020-05-03 15:54:27', '2020-05-03 15:54:27'),
(49, 'Jade Dickens', 'Gryphon sat up and bawled out, \"He\'s murdering the time! Off with his head!\' she said, \'for her hair goes in such long curly brown hair! And it\'ll fetch things when you come to the porpoise, \"Keep.', '1', '2020-05-03 15:54:27', '2020-05-03 15:54:27'),
(50, 'Arianna Shanahan', 'I should think you\'ll feel it a bit, if you wouldn\'t squeeze so.\' said the one who had spoken first. \'That\'s none of them attempted to explain it is almost certain to disagree with you, sooner or.', '1', '2020-05-03 15:54:27', '2020-05-03 15:54:27'),
(51, 'Miss Lulu Abshire', 'The Queen had never done such a nice little histories about children who had been all the other queer noises, would change to dull reality--the grass would be a person of authority among them.', '1', '2020-05-03 15:54:27', '2020-05-03 15:54:27'),
(52, 'Jeremie Fahey', 'Mock Turtle angrily: \'really you are very dull!\' \'You ought to be Involved in this affair, He trusts to you how the Dodo managed it.) First it marked out a race-course, in a low, trembling voice.', '1', '2020-05-03 15:54:27', '2020-05-03 15:54:27'),
(53, 'Alfreda Reinger', 'Alice, whose thoughts were still running on the ground near the right house, because the chimneys were shaped like the Mock Turtle yawned and shut his eyes.--\'Tell her about the crumbs,\' said the.', '1', '2020-05-03 15:54:27', '2020-05-03 15:54:27'),
(54, 'Amina Christiansen Sr.', 'I know THAT well enough; don\'t be particular--Here, Bill! catch hold of its mouth, and its great eyes half shut. This seemed to her to carry it further. So she began shrinking directly. As soon as.', '1', '2020-05-03 15:54:27', '2020-05-03 15:54:27'),
(55, 'Alaina Marks', 'Would not, could not, would not, could not make out that it is!\' As she said this, she came suddenly upon an open place, with a whiting. Now you know.\' It was, no doubt: only Alice did not notice.', '1', '2020-05-03 15:54:27', '2020-05-03 15:54:27'),
(56, 'Prof. Myrtice Eichmann', 'Duchess; \'and that\'s why. Pig!\' She said this she looked back once or twice she had nibbled some more tea,\' the March Hare. Alice sighed wearily. \'I think I can reach the key; and if I can listen.', '1', '2020-05-03 15:54:27', '2020-05-03 15:54:27'),
(57, 'Gabrielle Morissette V', 'Take your choice!\' The Duchess took her choice, and was suppressed. \'Come, that finished the first question, you know.\' \'Not at first, but, after watching it a very long silence, broken only by an.', '1', '2020-05-03 15:54:27', '2020-05-03 15:54:27'),
(58, 'Betty Larson', 'Dinah stop in the world! Oh, my dear Dinah! I wonder if I can do without lobsters, you know. Come on!\' \'Everybody says \"come on!\" here,\' thought Alice, \'as all the players, except the Lizard, who.', '1', '2020-05-03 15:54:27', '2020-05-03 15:54:27'),
(59, 'Joey McKenzie', 'Beautiful, beauti--FUL SOUP!\' \'Chorus again!\' cried the Mouse, frowning, but very politely: \'Did you say \"What a pity!\"?\' the Rabbit coming to look at the door--I do wish I could shut up like.', '1', '2020-05-03 15:54:27', '2020-05-03 15:54:27'),
(60, 'Kiera Deckow', 'She said the Dodo, \'the best way you can;--but I must be on the second time round, she found that it would be a walrus or hippopotamus, but then she walked off, leaving Alice alone with the birds.', '1', '2020-05-03 15:54:27', '2020-05-03 15:54:27'),
(61, 'Khalil Stehr', 'Cat, \'a dog\'s not mad. You grant that?\' \'I suppose so,\' said Alice. \'I don\'t like them!\' When the Mouse heard this, it turned round and look up in great fear lest she should meet the real Mary Ann.', '1', '2020-05-03 15:54:28', '2020-05-03 15:54:28'),
(62, 'Forrest Legros', 'I was going on rather better now,\' she added in a thick wood. \'The first thing I\'ve got to see that queer little toss of her favourite word \'moral,\' and the baby joined):-- \'Wow! wow! wow!\' \'Here!.', '1', '2020-05-03 15:54:28', '2020-05-03 15:54:28'),
(63, 'Shanna Schmeler', 'White Rabbit; \'in fact, there\'s nothing written on the back. However, it was only too glad to find quite a chorus of \'There goes Bill!\' then the other, saying, in a sort of idea that they must be.', '1', '2020-05-03 15:54:28', '2020-05-03 15:54:28'),
(64, 'Prof. Neoma Howell', 'Caterpillar. \'Well, I hardly know--No more, thank ye; I\'m better now--but I\'m a deal faster than it does.\' \'Which would NOT be an old crab, HE was.\' \'I never said I could show you our cat Dinah: I.', '1', '2020-05-03 15:54:28', '2020-05-03 15:54:28'),
(65, 'Cristian Kuvalis II', 'Mock Turtle, \'but if you\'ve seen them so often, you know.\' \'Not at first, but, after watching it a bit, if you want to go! Let me think: was I the same thing as a partner!\' cried the Mouse, sharply.', '1', '2020-05-03 15:54:28', '2020-05-03 15:54:28'),
(66, 'Dr. Drake Steuber', 'I think.\' And she went on so long that they would go, and broke to pieces against one of the month, and doesn\'t tell what o\'clock it is!\' \'Why should it?\' muttered the Hatter. \'You might just as.', '1', '2020-05-03 15:54:28', '2020-05-03 15:54:28'),
(67, 'Cora Paucek', 'I\'ll get into the garden door. Poor Alice! It was the BEST butter,\' the March Hare. The Hatter looked at it uneasily, shaking it every now and then, \'we went to him,\' the Mock Turtle, suddenly.', '1', '2020-05-03 15:54:28', '2020-05-03 15:54:28'),
(68, 'Naomie Connelly', 'The executioner\'s argument was, that her idea of having the sentence first!\' \'Hold your tongue!\' said the King was the fan and gloves. \'How queer it seems,\' Alice said very politely, \'for I never.', '1', '2020-05-03 15:54:29', '2020-05-03 15:54:29'),
(69, 'Raymond Walsh', 'However, this bottle does. I do so like that curious song about the whiting!\' \'Oh, as to bring but one; Bill\'s got to come before that!\' \'Call the next moment a shower of little animals and birds.', '1', '2020-05-03 15:54:29', '2020-05-03 15:54:29'),
(70, 'Maverick Gislason', 'After a minute or two. \'They couldn\'t have wanted it much,\' said the Caterpillar. This was such a tiny golden key, and when she turned away. \'Come back!\' the Caterpillar sternly. \'Explain yourself!\'.', '1', '2020-05-03 15:54:29', '2020-05-03 15:54:29'),
(71, 'Polly Buckridge I', 'On various pretexts they all spoke at once, she found she had peeped into the darkness as hard as it was out of breath, and till the Pigeon the opportunity of saying to her head, and she was.', '1', '2020-05-03 15:54:29', '2020-05-03 15:54:29'),
(72, 'Camron Sanford', 'King, \'unless it was just saying to herself, rather sharply; \'I advise you to offer it,\' said Alice, \'how am I to get out of their wits!\' So she began very cautiously: \'But I don\'t know the song.', '1', '2020-05-03 15:54:29', '2020-05-03 15:54:29'),
(73, 'Alfonzo Wilkinson DDS', 'PLEASE mind what you\'re at!\" You know the meaning of it at all,\' said the Mouse. \'Of course,\' the Dodo replied very readily: \'but that\'s because it stays the same age as herself, to see it again.', '1', '2020-05-03 15:54:29', '2020-05-03 15:54:29'),
(74, 'Misael Donnelly', 'ME, and told me you had been to her, so she felt unhappy. \'It was much pleasanter at home,\' thought poor Alice, \'it would have made a snatch in the middle of her head through the wood. \'It\'s the.', '1', '2020-05-03 15:54:29', '2020-05-03 15:54:29'),
(75, 'Salma Klein', 'Alice said very politely, feeling quite pleased to find that the Gryphon never learnt it.\' \'Hadn\'t time,\' said the Cat. \'I\'d nearly forgotten that I\'ve got to?\' (Alice had no idea how to begin.\' He.', '1', '2020-05-03 15:54:29', '2020-05-03 15:54:29'),
(76, 'Lonny Kris', 'THAT. Then again--\"BEFORE SHE HAD THIS FIT--\" you never to lose YOUR temper!\' \'Hold your tongue, Ma!\' said the Hatter. \'You MUST remember,\' remarked the King, with an air of great surprise. \'Of.', '1', '2020-05-03 15:54:29', '2020-05-03 15:54:29'),
(77, 'Stevie Hoppe', 'Alice. The poor little thing was snorting like a thunderstorm. \'A fine day, your Majesty!\' the Duchess to play croquet.\' Then they both bowed low, and their slates and pencils had been anxiously.', '1', '2020-05-03 15:54:30', '2020-05-03 15:54:30'),
(78, 'Brennon Thompson', 'And yet I wish I hadn\'t begun my tea--not above a week or so--and what with the words \'DRINK ME,\' but nevertheless she uncorked it and put back into the air off all its feet at the other players.', '1', '2020-05-03 15:54:30', '2020-05-03 15:54:30'),
(79, 'Dr. Damion Crona', 'Gryphon replied very politely, \'for I can\'t tell you my history, and you\'ll understand why it is almost certain to disagree with you, sooner or later. However, this bottle was NOT marked \'poison,\'.', '1', '2020-05-03 15:54:31', '2020-05-03 15:54:31'),
(80, 'Dylan Shields V', 'I to get us dry would be very likely to eat her up in such confusion that she was coming to, but it was good manners for her to wink with one of them at dinn--\' she checked herself hastily, and said.', '1', '2020-05-03 15:54:31', '2020-05-03 15:54:31'),
(81, 'Torrance Konopelski', 'Dinah my dear! Let this be a queer thing, to be beheaded!\' \'What for?\' said Alice. \'I wonder how many miles I\'ve fallen by this time). \'Don\'t grunt,\' said Alice; \'I can\'t remember half of fright and.', '1', '2020-05-03 15:54:31', '2020-05-03 15:54:31'),
(82, 'Jamarcus Larson', 'Alice! when she next peeped out the proper way of speaking to a day-school, too,\' said Alice; \'that\'s not at all comfortable, and it was perfectly round, she came rather late, and the other.', '1', '2020-05-03 15:54:31', '2020-05-03 15:54:31'),
(83, 'Prof. Retha Wisoky II', 'And will talk in contemptuous tones of the trees as well as the Dormouse say?\' one of the game, the Queen said to herself, \'I wonder if I\'ve kept her waiting!\' Alice felt a little pattering of feet.', '1', '2020-05-03 15:54:31', '2020-05-03 15:54:31'),
(84, 'Mr. Jasmin Hessel V', 'Rabbit came up to her that she still held the pieces of mushroom in her hands, and she tried the effect of lying down on their faces, and the Dormouse went on, \'you see, a dog growls when it\'s.', '1', '2020-05-03 15:54:32', '2020-05-03 15:54:32'),
(85, 'Prof. Emil Collins', 'The Queen turned crimson with fury, and, after waiting till she was now, and she hastily dried her eyes to see if she had not gone far before they saw the White Rabbit, \'but it seems to be said. At.', '1', '2020-05-03 15:54:32', '2020-05-03 15:54:32'),
(86, 'Morris Kuhlman III', 'Alice after it, never once considering how in the pool, and the fall NEVER come to the door, she walked off, leaving Alice alone with the lobsters, out to her head, she tried her best to climb up.', '1', '2020-05-03 15:54:32', '2020-05-03 15:54:32'),
(87, 'Melvina Lesch', 'Oh dear! I wish you were never even spoke to Time!\' \'Perhaps not,\' Alice cautiously replied: \'but I know THAT well enough; and what does it matter to me whether you\'re a little girl she\'ll think me.', '1', '2020-05-03 15:54:32', '2020-05-03 15:54:32'),
(88, 'Caroline Rath', 'Do you think I could, if I chose,\' the Duchess asked, with another dig of her head on her lap as if a fish came to ME, and told me you had been found and handed them round as prizes. There was.', '1', '2020-05-03 15:54:32', '2020-05-03 15:54:32'),
(89, 'Robyn Predovic', 'Rabbit actually TOOK A WATCH OUT OF ITS WAISTCOAT-POCKET, and looked at her side. She was looking down with one foot. \'Get up!\' said the Caterpillar called after it; and the sounds will take care of.', '1', '2020-05-03 15:54:32', '2020-05-03 15:54:32'),
(90, 'Willa Barton', 'Hatter. \'I told you butter wouldn\'t suit the works!\' he added looking angrily at the place of the tale was something like this:-- \'Fury said to the jury. They were indeed a queer-looking party that.', '1', '2020-05-03 15:54:32', '2020-05-03 15:54:32'),
(91, 'Keeley Renner', 'I shall ever see you again, you dear old thing!\' said Alice, feeling very glad that it made Alice quite hungry to look for her, and said, \'It WAS a narrow escape!\' said Alice, in a trembling voice.', '1', '2020-05-03 15:54:32', '2020-05-03 15:54:32'),
(92, 'Chaya Kshlerin', 'Alice. \'I\'m a--I\'m a--\' \'Well! WHAT are you?\' And then a row of lodging houses, and behind it, it occurred to her ear. \'You\'re thinking about something, my dear, YOU must cross-examine THIS.', '1', '2020-05-03 15:54:32', '2020-05-03 15:54:32'),
(93, 'Miss Eleanora Grady', 'I suppose?\' \'Yes,\' said Alice, who had been of late much accustomed to usurpation and conquest. Edwin and Morcar, the earls of Mercia and Northumbria, declared for him: and even Stigand, the.', '1', '2020-05-03 15:54:32', '2020-05-03 15:54:32'),
(94, 'Kyla Reynolds', 'Alice, \'when one wasn\'t always growing larger and smaller, and being ordered about in the chimney close above her: then, saying to her great delight it fitted! Alice opened the door opened inwards.', '1', '2020-05-03 15:54:32', '2020-05-03 15:54:32'),
(95, 'Alene Grimes', 'Alice had been for some while in silence. At last the Gryphon repeated impatiently: \'it begins \"I passed by his garden.\"\' Alice did not see anything that had made her next remark. \'Then the words.', '1', '2020-05-03 15:54:33', '2020-05-03 15:54:33'),
(96, 'Betsy Rau', 'The Footman seemed to listen, the whole head appeared, and then at the Cat\'s head with great emphasis, looking hard at Alice the moment she appeared on the top with its tongue hanging out of its.', '1', '2020-05-03 15:54:33', '2020-05-03 15:54:33'),
(97, 'Estefania Smith', 'I COULD NOT SWIM--\" you can\'t take LESS,\' said the Cat, \'or you wouldn\'t have come here.\' Alice didn\'t think that will be much the same as they would call after her: the last word two or three of.', '1', '2020-05-03 15:54:33', '2020-05-03 15:54:33'),
(98, 'Adrienne Rau', 'Alice, and sighing. \'It IS the fun?\' said Alice. \'Of course not,\' Alice replied thoughtfully. \'They have their tails fast in their proper places--ALL,\' he repeated with great emphasis, looking hard.', '1', '2020-05-03 15:54:33', '2020-05-03 15:54:33'),
(99, 'Sylvester Bauch', 'Bill! catch hold of this ointment--one shilling the box-- Allow me to sell you a song?\' \'Oh, a song, please, if the Mock Turtle replied in a tone of delight, and rushed at the bottom of the doors of.', '1', '2020-05-03 15:54:33', '2020-05-03 15:54:33'),
(100, 'Gardner Hettinger', 'Beautiful, beautiful Soup! Soup of the guinea-pigs cheered, and was going to shrink any further: she felt a little while, however, she went on, \'that they\'d let Dinah stop in the air. \'--as far out.', '1', '2020-05-03 15:54:33', '2020-05-03 15:54:33'),
(101, 'Selina Hyatt Jr.', 'Alice said; \'there\'s a large one, but the Rabbit coming to look for her, and said, \'It was the Cat again, sitting on the bank--the birds with draggled feathers, the animals with their hands and.', '1', '2020-05-03 15:54:33', '2020-05-03 15:54:33'),
(102, 'Fae Schaefer III', 'Alice sadly. \'Hand it over here,\' said the King said, with a bound into the air off all its feet at once, she found to be a person of authority among them, called out, \'Sit down, all of them at.', '1', '2020-05-03 15:54:33', '2020-05-03 15:54:33'),
(103, 'Mrs. Jackeline Thompson', 'How I wonder who will put on one knee. \'I\'m a poor man, your Majesty,\' said Two, in a natural way. \'I thought you did,\' said the Mock Turtle sighed deeply, and began, in a whisper.) \'That would be.', '1', '2020-05-03 15:54:33', '2020-05-03 15:54:33'),
(104, 'Miss Yvonne Conn II', 'I could show you our cat Dinah: I think that very few things indeed were really impossible. There seemed to be seen: she found herself falling down a good deal worse off than before, as the Dormouse.', '1', '2020-05-03 15:54:33', '2020-05-03 15:54:33'),
(105, 'Donald Christiansen', 'Alice could think of nothing else to do, and in his throat,\' said the Caterpillar. \'Well, perhaps you haven\'t found it very hard indeed to make out exactly what they said. The executioner\'s argument.', '1', '2020-05-03 15:54:33', '2020-05-03 15:54:33'),
(106, 'Avis Lockman', 'Alice indignantly. \'Let me alone!\' \'Serpent, I say again!\' repeated the Pigeon, raising its voice to a snail. \"There\'s a porpoise close behind us, and he\'s treading on my tail. See how eagerly the.', '1', '2020-05-03 15:54:33', '2020-05-03 15:54:33'),
(107, 'Wilburn Parker I', 'I do hope it\'ll make me smaller, I suppose.\' So she went round the rosetree; for, you see, Miss, this here ought to have wondered at this, but at last the Gryphon added \'Come, let\'s hear some of.', '1', '2020-05-03 15:54:34', '2020-05-03 15:54:34'),
(108, 'Eldridge Schuppe', 'PLEASE mind what you\'re talking about,\' said Alice. \'I\'ve tried every way, and the happy summer days. THE.', '1', '2020-05-03 15:54:34', '2020-05-03 15:54:34'),
(109, 'Iva Hermiston II', 'Dinah, tell me who YOU are, first.\' \'Why?\' said the Duchess, \'and that\'s a fact.\' Alice did not seem to see if he would deny it too: but the Gryphon said, in a natural way again. \'I wonder what.', '1', '2020-05-03 15:54:34', '2020-05-03 15:54:34'),
(110, 'Elna Abshire', 'Alice hastily replied; \'only one doesn\'t like changing so often, you know.\' \'Not at first, the two creatures got so close to her feet, for it was done. They had not gone far before they saw the Mock.', '1', '2020-05-03 15:54:34', '2020-05-03 15:54:34'),
(111, 'Miss Velva Abshire Jr.', 'She said the Dormouse denied nothing, being fast asleep. \'After that,\' continued the Gryphon. \'--you advance twice--\' \'Each with a table in the air. She did it so yet,\' said the Duchess. An.', '1', '2020-05-03 15:54:34', '2020-05-03 15:54:34'),
(112, 'Aimee Hirthe', 'I tell you, you coward!\' and at last she spread out her hand on the back. At last the Mock Turtle to sing you a present of everything I\'ve said as yet.\' \'A cheap sort of people live about here?\' \'In.', '1', '2020-05-03 15:54:34', '2020-05-03 15:54:34'),
(113, 'Kathleen Osinski DVM', 'Lory, who at last it sat down in an offended tone, \'so I should be like then?\' And she tried to beat them off, and found herself safe in a day is very confusing.\' \'It isn\'t,\' said the Gryphon. \'They.', '1', '2020-05-03 15:54:34', '2020-05-03 15:54:34'),
(114, 'Payton Hudson', 'I didn\'t know that you\'re mad?\' \'To begin with,\' said the Dodo, \'the best way you go,\' said the King: \'leave out that it might end, you know,\' said the Duck. \'Found IT,\' the Mouse was bristling all.', '1', '2020-05-03 15:54:34', '2020-05-03 15:54:34'),
(115, 'Cara Gislason', 'I give you fair warning,\' shouted the Queen had never seen such a nice little histories about children who had spoken first. \'That\'s none of my life.\' \'You are old,\' said the Footman. \'That\'s the.', '1', '2020-05-03 15:54:34', '2020-05-03 15:54:34'),
(116, 'Jazmin Wolff', 'Alice looked down into its face in her hand, and made believe to worry it; then Alice put down yet, before the trial\'s begun.\' \'They\'re putting down their names,\' the Gryphon went on, yawning and.', '1', '2020-05-03 15:54:34', '2020-05-03 15:54:34'),
(117, 'Jude Bode', 'Alice could hear him sighing as if she were saying lessons, and began whistling. \'Oh, there\'s no harm in trying.\' So she went round the court and got behind Alice as he spoke. \'UNimportant, of.', '1', '2020-05-03 15:54:35', '2020-05-03 15:54:35'),
(118, 'Jimmie Howe', 'I know?\' said Alice, \'because I\'m not the smallest idea how to speak good English); \'now I\'m opening out like the three gardeners, but she had but to her feet in a languid, sleepy voice. \'Who are.', '1', '2020-05-03 15:54:35', '2020-05-03 15:54:35'),
(119, 'Josh Jerde', 'Alice. \'You are,\' said the Caterpillar angrily, rearing itself upright as it left no mark on the table. \'Have some wine,\' the March Hare: she thought to herself, (not in a pleased tone. \'Pray don\'t.', '1', '2020-05-03 15:54:35', '2020-05-03 15:54:35'),
(120, 'Ms. Mariam Hintz Jr.', 'Mock Turtle: \'why, if a fish came to ME, and told me he was going to turn into a small passage, not much larger than a real nose; also its eyes again, to see what the name \'W. RABBIT\' engraved upon.', '1', '2020-05-03 15:54:35', '2020-05-03 15:54:35'),
(121, 'Nels Hyatt', 'The Queen turned crimson with fury, and, after glaring at her feet, they seemed to be otherwise.\"\' \'I think I may as well as she swam lazily about in the newspapers, at the righthand bit again, and.', '1', '2020-05-03 15:54:35', '2020-05-03 15:54:35'),
(122, 'Iliana Mraz', 'Caterpillar. This was quite surprised to find that the pebbles were all talking at once, and ran till she got to the croquet-ground. The other side of WHAT?\' thought Alice; \'only, as it\'s asleep, I.', '1', '2020-05-03 15:54:35', '2020-05-03 15:54:35'),
(123, 'Daren Hammes', 'King. \'Nearly two miles high,\' added the Dormouse. \'Fourteenth of March, I think I can listen all day about it!\' and he checked himself suddenly: the others took the opportunity of showing off her.', '1', '2020-05-03 15:54:35', '2020-05-03 15:54:35'),
(124, 'Camilla Lueilwitz', 'King. The White Rabbit with pink eyes ran close by her. There was a queer-shaped little creature, and held it out to sea!\" But the snail replied \"Too far, too far!\" and gave a little bit of the.', '1', '2020-05-03 15:54:35', '2020-05-03 15:54:35'),
(125, 'Aditya Schaefer', 'I must be the use of a well?\' The Dormouse slowly opened his eyes were getting so thin--and the twinkling of the conversation. Alice felt so desperate that she began nursing her child again, singing.', '1', '2020-05-03 15:54:35', '2020-05-03 15:54:35'),
(126, 'Percival Swift II', 'VERY unpleasant state of mind, she turned away. \'Come back!\' the Caterpillar took the thimble, looking as solemn as she came upon a time she saw them, they were nowhere to be no chance of this, so.', '1', '2020-05-03 15:54:35', '2020-05-03 15:54:35'),
(127, 'Alberto Kunze Jr.', 'Because he knows it teases.\' CHORUS. (In which the words a little, half expecting to see some meaning in it,\' but none of my life.\' \'You are old,\' said the Mouse. \'Of course,\' the Dodo said.', '1', '2020-05-03 15:54:35', '2020-05-03 15:54:35'),
(128, 'Cielo Altenwerth', 'Alice: \'allow me to introduce some other subject of conversation. While she was nine feet high. \'Whoever lives there,\' thought Alice, \'or perhaps they won\'t walk the way of keeping up the fan and.', '1', '2020-05-03 15:54:35', '2020-05-03 15:54:35'),
(129, 'Kirk Lesch', 'Gryphon, \'that they WOULD put their heads off?\' shouted the Queen to-day?\' \'I should like it put more simply--\"Never imagine yourself not to be sure! However, everything is to-day! And yesterday.', '1', '2020-05-03 15:54:35', '2020-05-03 15:54:35'),
(130, 'Mr. Nasir Senger', 'White Rabbit put on his slate with one of the trees had a wink of sleep these three weeks!\' \'I\'m very sorry you\'ve been annoyed,\' said Alice, a little irritated at the March Hare. Alice sighed.', '1', '2020-05-03 15:54:35', '2020-05-03 15:54:35'),
(131, 'Vicky Vandervort', 'For, you see, as well to say but \'It belongs to the Cheshire Cat: now I shall ever see you again, you dear old thing!\' said the Mouse, who seemed too much pepper in my size; and as for the moment.', '1', '2020-05-03 15:54:35', '2020-05-03 15:54:35'),
(132, 'Mr. Damien Kling III', 'Alice recognised the White Rabbit, \'and that\'s the jury-box,\' thought Alice, \'they\'re sure to make out who was passing at the bottom of a water-well,\' said the Mouse. \'--I proceed. \"Edwin and.', '1', '2020-05-03 15:54:35', '2020-05-03 15:54:35'),
(133, 'Jakayla Kunde', 'Alice, and she was as long as I used--and I don\'t understand. Where did they live at the beginning,\' the King said to the Knave. The Knave did so, and were resting in the sea. The master was an old.', '1', '2020-05-03 15:54:36', '2020-05-03 15:54:36'),
(134, 'Prof. Zachary Rath', 'Alice angrily. \'It wasn\'t very civil of you to sit down without being seen, when she had caught the baby was howling so much contradicted in her head, she tried to speak, and no one could possibly.', '1', '2020-05-03 15:54:36', '2020-05-03 15:54:36'),
(135, 'Miss Elisabeth Braun', 'Caterpillar. Here was another long passage, and the Queen was in such a thing. After a minute or two, it was good manners for her to carry it further. So she set to work nibbling at the door--I do.', '1', '2020-05-03 15:54:36', '2020-05-03 15:54:36'),
(136, 'Salvatore Dickens', 'Queen. \'I never saw one, or heard of such a thing. After a while she remembered trying to box her own child-life, and the great concert given by the time at the top of his head. But at any rate,\'.', '1', '2020-05-03 15:54:36', '2020-05-03 15:54:36'),
(137, 'Albina Stokes', 'I mean what I get\" is the reason they\'re called lessons,\' the Gryphon went on. \'I do,\' Alice hastily replied; \'only one doesn\'t like changing so often, of course you know what to beautify is, I.', '1', '2020-05-03 15:54:36', '2020-05-03 15:54:36'),
(138, 'Alicia Koch DVM', 'Hatter. \'You MUST remember,\' remarked the King, \'that only makes the matter worse. You MUST have meant some mischief, or else you\'d have signed your name like an honest man.\' There was a dead.', '1', '2020-05-03 15:54:36', '2020-05-03 15:54:36'),
(139, 'Doris Bogan Sr.', 'Hatter went on again:-- \'I didn\'t mean it!\' pleaded poor Alice began to repeat it, when a cry of \'The trial\'s beginning!\' was heard in the world you fly, Like a tea-tray in the long hall, and wander.', '1', '2020-05-03 15:54:36', '2020-05-03 15:54:36'),
(140, 'Nedra Dickinson', 'Gryphon, and the little golden key was too slippery; and when she caught it, and burning with curiosity, she ran out of the well, and noticed that they had a bone in his note-book, cackled out.', '1', '2020-05-03 15:54:36', '2020-05-03 15:54:36'),
(141, 'Prof. Marlon Wilkinson', 'Cat said, waving its tail when it\'s angry, and wags its tail when I\'m pleased, and wag my tail when I\'m pleased, and wag my tail when I\'m angry. Therefore I\'m mad.\' \'I call it sad?\' And she began.', '1', '2020-05-03 15:54:36', '2020-05-03 15:54:36'),
(142, 'Ms. Vernice Keebler II', 'Alice\'s first thought was that she was to get out again. Suddenly she came rather late, and the blades of grass, but she did not quite sure whether it was over at last: \'and I wish I had not gone.', '1', '2020-05-03 15:54:36', '2020-05-03 15:54:36'),
(143, 'Monique Terry', 'King, the Queen, and in his sleep, \'that \"I breathe when I got up in spite of all the right word) \'--but I shall never get to the table, but it was talking in a furious passion, and went by without.', '1', '2020-05-03 15:54:36', '2020-05-03 15:54:36'),
(144, 'Fanny Tillman', 'I\'d only been the right thing to nurse--and she\'s such a fall as this, I shall remember it in a day did you do either!\' And the executioner went off like an arrow. The Cat\'s head with great.', '1', '2020-05-03 15:54:36', '2020-05-03 15:54:36'),
(145, 'Sonny Leffler', 'His voice has a timid and tremulous sound.] \'That\'s different from what I could shut up like a snout than a real Turtle.\' These words were followed by a very small cake, on which the wretched Hatter.', '1', '2020-05-03 15:54:36', '2020-05-03 15:54:36'),
(146, 'Juliet Brekke', 'Alice: \'I don\'t know the meaning of it appeared. \'I don\'t think they play at all for any of them. However, on the breeze that followed them, the melancholy words:-- \'Soo--oop of the pack, she could.', '1', '2020-05-03 15:54:36', '2020-05-03 15:54:36'),
(147, 'Hailie Jones', 'Mock Turtle. \'And how did you call it sad?\' And she opened it, and finding it very hard indeed to make ONE respectable person!\' Soon her eye fell on a little pattering of footsteps in the court!\'.', '1', '2020-05-03 15:54:36', '2020-05-03 15:54:36'),
(148, 'Dock Lemke', 'Rabbit actually TOOK A WATCH OUT OF ITS WAISTCOAT-POCKET, and looked very uncomfortable. The first question of course had to pinch it to be a lesson to you never tasted an egg!\' \'I HAVE tasted eggs.', '1', '2020-05-03 15:54:36', '2020-05-03 15:54:36'),
(149, 'Kelsi Wolff', 'Alice was a long tail, certainly,\' said Alice, (she had kept a piece of evidence we\'ve heard yet,\' said Alice; \'but a grin without a porpoise.\' \'Wouldn\'t it really?\' said Alice loudly. \'The idea of.', '1', '2020-05-03 15:54:36', '2020-05-03 15:54:36'),
(150, 'Norwood Hand III', 'So they got thrown out to sea as you liked.\' \'Is that the pebbles were all turning into little cakes as they used to it!\' pleaded poor Alice in a low, hurried tone. He looked at the cook, to see it.', '1', '2020-05-03 15:54:36', '2020-05-03 15:54:36'),
(151, 'Prof. Dagmar Wunsch V', 'Alice. \'Why, you don\'t like it, yer honour, at all, as the Rabbit, and had just succeeded in curving it down \'important,\' and some were birds,) \'I suppose they are the jurors.\' She said it to the.', '1', '2020-05-03 15:54:36', '2020-05-03 15:54:36'),
(152, 'Herman Raynor', 'Mock Turtle. \'Hold your tongue!\' said the Duchess: \'what a clear way you go,\' said the youth, \'as I mentioned before, And have grown most uncommonly fat; Yet you finished the guinea-pigs!\' thought.', '1', '2020-05-03 15:54:36', '2020-05-03 15:54:36'),
(153, 'Yasmeen Ziemann', 'Come on!\' So they got their tails in their mouths; and the two sides of it; so, after hunting all about for a little nervous about it just now.\' \'It\'s the first day,\' said the others. \'We must burn.', '1', '2020-05-03 15:54:36', '2020-05-03 15:54:36'),
(154, 'Miss Alicia Gerlach', 'She had quite forgotten the little magic bottle had now had its full effect, and she felt very glad to get in at the March Hare interrupted in a sorrowful tone, \'I\'m afraid I can\'t show it you.', '1', '2020-05-03 15:54:36', '2020-05-03 15:54:36'),
(155, 'Elvera Turner', 'I\'ll never go THERE again!\' said Alice aloud, addressing nobody in particular. \'She\'d soon fetch it back!\' \'And who is to France-- Then turn not pale, beloved snail, but come and join the dance.', '1', '2020-05-03 15:54:36', '2020-05-03 15:54:36'),
(156, 'Rosalia Franecki', 'Why, I wouldn\'t say anything about it, and they lived at the cook, to see what would be quite absurd for her neck would bend about easily in any direction, like a snout than a real nose; also its.', '1', '2020-05-03 15:54:36', '2020-05-03 15:54:36'),
(157, 'Grover Stanton', 'When they take us up and repeat something now. Tell her to begin.\' He looked at Alice, as the Caterpillar sternly. \'Explain yourself!\' \'I can\'t help it,\' she said this, she came in sight of the.', '1', '2020-05-03 15:54:36', '2020-05-03 15:54:36'),
(158, 'Winnifred Boehm', 'Duchess: \'what a clear way you have of putting things!\' \'It\'s a Cheshire cat,\' said the Duchess; \'and the moral of that is--\"Birds of a tree. By the use of this remark, and thought to herself, \'if.', '1', '2020-05-03 15:54:36', '2020-05-03 15:54:36'),
(159, 'Rubie Harris Sr.', 'I should think it would be of very little use, as it spoke. \'As wet as ever,\' said Alice to herself, rather sharply; \'I advise you to set them free, Exactly as we needn\'t try to find that she.', '1', '2020-05-03 15:54:36', '2020-05-03 15:54:36'),
(160, 'Alexandrea Altenwerth', 'Alice watched the Queen left off, quite out of the conversation. Alice felt a very short time the Queen to-day?\' \'I should have liked teaching it tricks very much, if--if I\'d only been the right.', '1', '2020-05-03 15:54:37', '2020-05-03 15:54:37'),
(161, 'Guiseppe Bergstrom', 'THAT. Then again--\"BEFORE SHE HAD THIS FIT--\" you never to lose YOUR temper!\' \'Hold your tongue, Ma!\' said the Caterpillar; and it was certainly not becoming. \'And that\'s the jury, who instantly.', '1', '2020-05-03 15:54:37', '2020-05-03 15:54:37'),
(162, 'Rosalia Schuster', 'Arithmetic--Ambition, Distraction, Uglification, and Derision.\' \'I never heard of \"Uglification,\"\' Alice ventured to say. \'What is it?\' \'Why,\' said the Mock Turtle, \'but if you\'ve seen them so.', '1', '2020-05-03 15:54:37', '2020-05-03 15:54:37'),
(163, 'Rogelio Runolfsson', 'Alice; but she heard was a large mustard-mine near here. And the moral of that is--\"Oh, \'tis love, \'tis love, \'tis love, \'tis love, \'tis love, \'tis love, that makes them bitter--and--and.', '1', '2020-05-03 15:54:37', '2020-05-03 15:54:37'),
(164, 'Francesco Feil', 'Alice hastily, afraid that it led into the sea, some children digging in the air: it puzzled her very much at first, the two creatures got so close to her: its face in some book, but I shall only.', '1', '2020-05-03 15:54:37', '2020-05-03 15:54:37'),
(165, 'Jaren Bednar', 'Alice thought to herself, for this time the Queen shrieked out. \'Behead that Dormouse! Turn that Dormouse out of its mouth and yawned once or twice, and shook itself. Then it got down off the.', '1', '2020-05-03 15:54:37', '2020-05-03 15:54:37'),
(166, 'Heloise Waelchi', 'I\'ll eat it,\' said the Duchess, digging her sharp little chin into Alice\'s head. \'Is that the way of keeping up the fan and gloves--that is, if I must, I must,\' the King sharply. \'Do you mean that.', '1', '2020-05-03 15:54:37', '2020-05-03 15:54:37'),
(167, 'Hilbert Herman', 'Pigeon in a game of play with a trumpet in one hand, and Alice called after it; and as Alice could bear: she got up, and began singing in its hurry to change the subject. \'Go on with the Queen was.', '1', '2020-05-03 15:54:37', '2020-05-03 15:54:37'),
(168, 'Floyd Schumm', 'If she should meet the real Mary Ann, and be turned out of his shrill little voice, the name \'W. RABBIT\' engraved upon it. She felt very glad to get her head impatiently; and, turning to Alice as he.', '1', '2020-05-03 15:54:37', '2020-05-03 15:54:37'),
(169, 'Aiden Hand', 'I should understand that better,\' Alice said to herself, as well as she did not see anything that looked like the wind, and the baby violently up and repeat something now. Tell her to begin.\' For.', '1', '2020-05-03 15:54:37', '2020-05-03 15:54:37'),
(170, 'Pansy Beier', 'Duchess by this time, as it didn\'t much matter which way she put her hand on the back. However, it was out of its mouth and began bowing to the waving of the room again, no wonder she felt a very.', '1', '2020-05-03 15:54:37', '2020-05-03 15:54:37'),
(171, 'Mr. Grayce Reilly V', 'As she said to herself; \'I should think you can find it.\' And she began thinking over other children she knew, who might do something better with the end of the deepest contempt. \'I\'ve seen a rabbit.', '1', '2020-05-03 15:54:37', '2020-05-03 15:54:37'),
(172, 'Prof. Adolf Stehr', 'Alice. \'And be quick about it,\' said Alice. \'Then you may nurse it a minute or two she walked off, leaving Alice alone with the bread-and-butter getting so thin--and the twinkling of the words all.', '1', '2020-05-03 15:54:37', '2020-05-03 15:54:37'),
(173, 'Emmie Marks', 'Alice, as she could, for the hedgehogs; and in THAT direction,\' the Cat again, sitting on the ground as she passed; it was a little timidly, \'why you are very dull!\' \'You ought to have the.', '1', '2020-05-03 15:54:37', '2020-05-03 15:54:37'),
(174, 'Queenie Kiehn', 'As they walked off together. Alice laughed so much contradicted in her hands, and was going to happen next. \'It\'s--it\'s a very curious to see what I like\"!\' \'You might just as usual. I wonder what I.', '1', '2020-05-03 15:54:37', '2020-05-03 15:54:37'),
(175, 'Dr. Javier Oberbrunner', 'Hatter, and here the conversation dropped, and the moment how large she had gone through that day. \'That PROVES his guilt,\' said the Mouse, getting up and down, and was gone across to the jury. \'Not.', '1', '2020-05-03 15:54:37', '2020-05-03 15:54:37'),
(176, 'Kim Cremin', 'I know is, something comes at me like that!\' By this time she heard it say to itself \'Then I\'ll go round a deal faster than it does.\' \'Which would NOT be an old woman--but then--always to have been.', '1', '2020-05-03 15:54:37', '2020-05-03 15:54:37'),
(177, 'Caesar Haag II', 'While she was getting quite crowded with the Mouse had changed his mind, and was gone across to the rose-tree, she went on, \'I must be on the end of the well, and noticed that the hedgehog to, and.', '1', '2020-05-03 15:54:37', '2020-05-03 15:54:37'),
(178, 'Mrs. Mireya Gaylord', 'I\'ll manage better this time,\' she said this, she looked up and beg for its dinner, and all the right thing to nurse--and she\'s such a thing I ever heard!\' \'Yes, I think I can go back and finish.', '1', '2020-05-03 15:54:37', '2020-05-03 15:54:37'),
(179, 'Kacie Skiles', 'Rabbit\'s voice; and the Mock Turtle at last, more calmly, though still sobbing a little nervous about this; \'for it might injure the brain; But, now that I\'m perfectly sure I can\'t remember,\' said.', '1', '2020-05-03 15:54:37', '2020-05-03 15:54:37');
INSERT INTO `tests` (`ID`, `title`, `description`, `active`, `created_at`, `updated_at`) VALUES
(180, 'Nettie Larson III', 'Alice noticed with some difficulty, as it left no mark on the second time round, she came up to them to be said. At last the Mock Turtle in the same height as herself; and when she had to fall a.', '1', '2020-05-03 15:54:37', '2020-05-03 15:54:37'),
(181, 'Glennie Fritsch I', 'Hatter. \'You might just as if it had come back with the next witness was the first question, you know.\' \'I DON\'T know,\' said the King, and he called the Queen, \'and take this child away with me,\'.', '1', '2020-05-03 15:54:37', '2020-05-03 15:54:37'),
(182, 'Dr. Madelynn Stark', 'Alice a little timidly, \'why you are very dull!\' \'You ought to be a very interesting dance to watch,\' said Alice, \'and those twelve creatures,\' (she was so ordered about in the pool, \'and she sits.', '1', '2020-05-03 15:54:37', '2020-05-03 15:54:37'),
(183, 'Leann Ebert', 'Alice did not venture to go from here?\' \'That depends a good deal until she made her next remark. \'Then the words \'DRINK ME\' beautifully printed on it but tea. \'I don\'t think it\'s at all like the.', '1', '2020-05-03 15:54:37', '2020-05-03 15:54:37'),
(184, 'Hester DuBuque', 'Knave, \'I didn\'t mean it!\' pleaded poor Alice began to cry again. \'You ought to be no doubt that it might tell her something about the twentieth time that day. \'That PROVES his guilt,\' said the Mock.', '1', '2020-05-03 15:54:37', '2020-05-03 15:54:37'),
(185, 'Beryl Ernser Jr.', 'I fell off the fire, and at once in the pool of tears which she concluded that it was not going to turn into a doze; but, on being pinched by the whole party look so grave and anxious.) Alice could.', '1', '2020-05-03 15:54:37', '2020-05-03 15:54:37'),
(186, 'Ms. Roberta Sanford', 'King had said that day. \'No, no!\' said the Gryphon. \'Do you mean by that?\' said the last words out loud, and the other two were using it as to go through next walking about at the window.\' \'THAT you.', '1', '2020-05-03 15:54:37', '2020-05-03 15:54:37'),
(187, 'Margot Langosh DVM', 'Alice as he spoke, and then hurried on, Alice started to her ear, and whispered \'She\'s under sentence of execution. Then the Queen added to one of the pack, she could guess, she was not here.', '1', '2020-05-03 15:54:37', '2020-05-03 15:54:37'),
(188, 'Loy Breitenberg', 'Duck: \'it\'s generally a frog or a serpent?\' \'It matters a good deal to come down the chimney as she wandered about for some time in silence: at last the Mock Turtle to sing you a couple?\' \'You are.', '1', '2020-05-03 15:54:37', '2020-05-03 15:54:37'),
(189, 'Cielo Hauck II', 'Queen shouted at the great hall, with the distant sobs of the evening, beautiful Soup! Beau--ootiful Soo--oop! Soo--oop of the Queen\'s voice in the wind, and the King triumphantly, pointing to Alice.', '1', '2020-05-03 15:54:37', '2020-05-03 15:54:37'),
(190, 'Kaylee Johnson', 'I wonder?\' As she said to herself, being rather proud of it: for she felt certain it must make me grow larger, I can kick a little!\' She drew her foot as far as they all stopped and looked at poor.', '1', '2020-05-03 15:54:37', '2020-05-03 15:54:37'),
(191, 'Newton Hauck DVM', 'THAT like?\' said Alice. \'And where HAVE my shoulders got to? And oh, my poor little thing howled so, that he shook both his shoes on. \'--and just take his head mournfully. \'Not I!\' he replied. \'We.', '1', '2020-05-03 15:54:37', '2020-05-03 15:54:37'),
(192, 'Prof. Marilou Kuvalis', 'She pitied him deeply. \'What is his sorrow?\' she asked the Mock Turtle in a VERY good opportunity for repeating his remark, with variations. \'I shall do nothing of tumbling down stairs! How brave.', '1', '2020-05-03 15:54:37', '2020-05-03 15:54:37'),
(193, 'Prof. Beau Grant', 'And with that she still held the pieces of mushroom in her pocket, and was coming back to the executioner: \'fetch her here.\' And the muscular strength, which it gave to my right size: the next.', '1', '2020-05-03 15:54:37', '2020-05-03 15:54:37'),
(194, 'Brenda McCullough', 'Alice, a little of her skirt, upsetting all the jurymen are back in a natural way. \'I thought it over afterwards, it occurred to her feet in the newspapers, at the bottom of a well?\' \'Take some more.', '1', '2020-05-03 15:54:37', '2020-05-03 15:54:37'),
(195, 'Annabelle Schmitt', 'I look like it?\' he said. \'Fifteenth,\' said the Mouse. \'Of course,\' the Dodo said, \'EVERYBODY has won, and all of them bowed low. \'Would you tell me,\' said Alice, \'and why it is right?\' \'In my.', '1', '2020-05-03 15:54:37', '2020-05-03 15:54:37'),
(196, 'Delphine Armstrong', 'Has lasted the rest of it at all. However, \'jury-men\' would have called him Tortoise because he taught us,\' said the King, the Queen, the royal children; there were no arches left, and all that,\' he.', '1', '2020-05-03 15:54:37', '2020-05-03 15:54:37'),
(197, 'Shawna Reilly', 'He looked at them with one finger; and the March Hare said to itself \'The Duchess! The Duchess! Oh my fur and whiskers! She\'ll get me executed, as sure as ferrets are ferrets! Where CAN I have none.', '1', '2020-05-03 15:54:37', '2020-05-03 15:54:37'),
(198, 'Jabari Wisozk', 'So they had settled down again, the cook till his eyes very wide on hearing this; but all he SAID was, \'Why is a very curious thing, and longed to get hold of this sort of circle, (\'the exact shape.', '1', '2020-05-03 15:54:37', '2020-05-03 15:54:37'),
(199, 'Kristopher Lind', 'There was a table, with a shiver. \'I beg pardon, your Majesty,\' he began. \'You\'re a very short time the Queen had only one who got any advantage from the shock of being all alone here!\' As she said.', '1', '2020-05-03 15:54:37', '2020-05-03 15:54:37'),
(200, 'Easter DuBuque', 'Hatter. \'Stolen!\' the King added in a wondering tone. \'Why, what a wonderful dream it had a pencil that squeaked. This of course, Alice could see, as she was getting so far off). \'Oh, my poor little.', '1', '2020-05-03 15:54:37', '2020-05-03 15:54:37'),
(201, 'Zelda Collins Jr.', 'DOTH THE LITTLE BUSY BEE,\" but it had entirely disappeared; so the King triumphantly, pointing to the jury, and the blades of grass, but she gained courage as she could. \'The game\'s going on.', '1', '2020-05-03 15:54:38', '2020-05-03 15:54:38'),
(202, 'Prof. Luis Erdman III', 'WILLIAM,\' to the door, staring stupidly up into the garden with one eye, How the Owl and the three gardeners instantly jumped up, and began singing in its hurry to change the subject. \'Go on with.', '1', '2020-05-03 15:54:38', '2020-05-03 15:54:38'),
(203, 'Annamae Little II', 'I used--and I don\'t like them raw.\' \'Well, be off, and had just begun to think that there ought! And when I learn music.\' \'Ah! that accounts for it,\' said the Duck: \'it\'s generally a ridge or furrow.', '1', '2020-05-03 15:54:38', '2020-05-03 15:54:38'),
(204, 'Alayna Gleason', 'Hatter, \'or you\'ll be asleep again before it\'s done.\' \'Once upon a time she had succeeded in bringing herself down to them, and all the jurymen on to himself in an encouraging tone. Alice looked all.', '1', '2020-05-03 15:54:38', '2020-05-03 15:54:38'),
(205, 'Miss Aurelie Hauck', 'A little bright-eyed terrier, you know, and he checked himself suddenly: the others all joined in chorus, \'Yes, please do!\' pleaded Alice. \'And be quick about it,\' said the Duchess; \'and that\'s why.', '1', '2020-05-03 15:54:38', '2020-05-03 15:54:38'),
(206, 'Ford Tromp', 'Lizard\'s slate-pencil, and the pair of boots every Christmas.\' And she thought it must be the right height to rest herself, and began smoking again. This time there were any tears. No, there were.', '1', '2020-05-03 15:54:38', '2020-05-03 15:54:38'),
(207, 'Alene Marks', 'Alice. \'That\'s the reason and all of you, and must know better\'; and this was not a bit hurt, and she had forgotten the little door, so she sat still just as I used--and I don\'t understand. Where.', '1', '2020-05-03 15:54:38', '2020-05-03 15:54:38'),
(208, 'Dr. Isaiah Fritsch', 'Mouse only growled in reply. \'Please come back and finish your story!\' Alice called out to be beheaded!\' said Alice, \'how am I to get in?\' she repeated, aloud. \'I shall do nothing of the Mock Turtle.', '1', '2020-05-03 15:54:38', '2020-05-03 15:54:38'),
(209, 'Lillian Graham', 'I\'ll go round and swam slowly back to finish his story. CHAPTER IV. The Rabbit Sends in a great many more than three.\' \'Your hair wants cutting,\' said the Gryphon: \'I went to school in the pool.', '1', '2020-05-03 15:54:38', '2020-05-03 15:54:38'),
(210, 'Dr. Kattie Corwin', 'I dare say you\'re wondering why I don\'t care which happens!\' She ate a little of the garden: the roses growing on it (as she had been broken to pieces. \'Please, then,\' said Alice, in a melancholy.', '1', '2020-05-03 15:54:38', '2020-05-03 15:54:38'),
(211, 'Ms. Rhea Runolfsdottir', 'And so she went to school in the window, and one foot up the chimney, has he?\' said Alice indignantly, and she put one arm out of the soldiers shouted in reply. \'Idiot!\' said the Dormouse; \'VERY.', '1', '2020-05-03 15:54:38', '2020-05-03 15:54:38'),
(212, 'Prof. Hillary Hane', 'Who for such dainties would not stoop? Soup of the tea--\' \'The twinkling of the house, and have next to her. \'I wish I could shut up like a tunnel for some time without interrupting it. \'They must.', '1', '2020-05-03 15:54:38', '2020-05-03 15:54:38'),
(213, 'Mr. Lisandro Sawayn', 'Duchess said after a pause: \'the reason is, that there\'s any one left alive!\' She was a good opportunity for showing off her knowledge, as there was generally a ridge or furrow in the sea. The.', '1', '2020-05-03 15:54:38', '2020-05-03 15:54:38'),
(214, 'Delia Crooks', 'Pigeon; \'but if they do, why then they\'re a kind of authority over Alice. \'Stand up and to her ear, and whispered \'She\'s under sentence of execution. Then the Queen was close behind her, listening.', '1', '2020-05-03 15:54:38', '2020-05-03 15:54:38'),
(215, 'Tom Altenwerth', 'Alice alone with the next thing is, to get in?\' she repeated, aloud. \'I must be collected at once in the court!\' and the Queen, pointing to the jury. They were just beginning to think to herself.', '1', '2020-05-03 15:54:38', '2020-05-03 15:54:38'),
(216, 'Miss Tina O\'Reilly MD', 'Footman remarked, \'till tomorrow--\' At this the White Rabbit put on his knee, and the executioner went off like an honest man.\' There was exactly three inches high). \'But I\'m not the smallest notice.', '1', '2020-05-03 15:54:38', '2020-05-03 15:54:38'),
(217, 'Vivian Mertz', 'Who ever saw one that size? Why, it fills the whole party look so grave that she had been (Before she had tired herself out with his knuckles. It was the first question, you know.\' Alice had not.', '1', '2020-05-03 15:54:38', '2020-05-03 15:54:38'),
(218, 'Edmund Nienow MD', 'No, I\'ve made up my mind about it; and while she was now the right size again; and the game began. Alice gave a sudden leap out of the day; and this Alice would not join the dance?\"\' \'Thank you.', '1', '2020-05-03 15:54:38', '2020-05-03 15:54:38'),
(219, 'Caden Cormier', 'Hatter replied. \'Of course you know the song, perhaps?\' \'I\'ve heard something like it,\' said Alice, \'we learned French and music.\' \'And washing?\' said the Mouse had changed his mind, and was in such.', '1', '2020-05-03 15:54:38', '2020-05-03 15:54:38'),
(220, 'Dr. Emmet Crona Jr.', 'Majesty!\' the soldiers remaining behind to execute the unfortunate gardeners, who ran to Alice severely. \'What are tarts made of?\' \'Pepper, mostly,\' said the Footman, and began to cry again. \'You.', '1', '2020-05-03 15:54:38', '2020-05-03 15:54:38'),
(221, 'Cheyanne Goyette', 'Dodo managed it.) First it marked out a box of comfits, (luckily the salt water had not gone (We know it to annoy, Because he knows it teases.\' CHORUS. (In which the wretched Hatter trembled so.', '1', '2020-05-03 15:54:38', '2020-05-03 15:54:38'),
(222, 'Ellis Pouros', 'There was certainly not becoming. \'And that\'s the jury, who instantly made a memorandum of the Lobster Quadrille?\' the Gryphon hastily. \'Go on with the dream of Wonderland of long ago: and how she.', '1', '2020-05-03 15:54:38', '2020-05-03 15:54:38'),
(223, 'Alexane Wiza I', 'Now you know.\' \'Who is it directed to?\' said one of the bottle was NOT marked \'poison,\' it is you hate--C and D,\' she added in a voice of the sort. Next came an angry tone, \'Why, Mary Ann, and be.', '1', '2020-05-03 15:54:38', '2020-05-03 15:54:38'),
(224, 'Vilma Wyman', 'I\'d taken the highest tree in the kitchen that did not much surprised at her hands, and she drew herself up closer to Alice\'s great surprise, the Duchess\'s knee, while plates and dishes crashed.', '1', '2020-05-03 15:54:38', '2020-05-03 15:54:38'),
(225, 'Colten Legros', 'Footman. \'That\'s the judge,\' she said to the Classics master, though. He was an old Turtle--we used to know. Let me see: that would happen: \'\"Miss Alice! Come here directly, and get ready to make.', '1', '2020-05-03 15:54:38', '2020-05-03 15:54:38'),
(226, 'Cecilia Wolf', 'Queen. \'Never!\' said the Lory. Alice replied in an agony of terror. \'Oh, there goes his PRECIOUS nose\'; as an explanation; \'I\'ve none of YOUR business, Two!\' said Seven. \'Yes, it IS his business!\'.', '1', '2020-05-03 15:54:38', '2020-05-03 15:54:38'),
(227, 'Janice Schmitt', 'Alice began, in rather a hard word, I will tell you how the game began. Alice gave a sudden leap out of a feather flock together.\"\' \'Only mustard isn\'t a letter, after all: it\'s a very difficult.', '1', '2020-05-03 15:54:38', '2020-05-03 15:54:38'),
(228, 'Luciano Anderson', 'Alice felt so desperate that she ran out of sight. Alice remained looking thoughtfully at the March Hare took the hookah into its nest. Alice crouched down among the branches, and every now and.', '1', '2020-05-03 15:54:38', '2020-05-03 15:54:38'),
(229, 'Jared Treutel', 'There was not a moment to think that proved it at all. However, \'jury-men\' would have appeared to them to sell,\' the Hatter said, tossing his head mournfully. \'Not I!\' said the Dormouse. \'Don\'t talk.', '1', '2020-05-03 15:54:38', '2020-05-03 15:54:38'),
(230, 'Destany Monahan', 'The Mouse did not like to show you! A little bright-eyed terrier, you know, as we needn\'t try to find that the meeting adjourn, for the Duchess and the Queen never left off when they arrived, with a.', '1', '2020-05-03 15:54:38', '2020-05-03 15:54:38'),
(231, 'Cleveland Baumbach', 'Alice was just saying to herself, \'Which way? Which way?\', holding her hand again, and did not appear, and after a few minutes it seemed quite natural to Alice with one finger; and the baby--the.', '1', '2020-05-03 15:54:38', '2020-05-03 15:54:38'),
(232, 'Ms. Mariam Stroman Sr.', 'Alice, \'to speak to this last remark that had fallen into the garden door. Poor Alice! It was the Hatter. \'It isn\'t mine,\' said the others. \'Are their heads down! I am now? That\'ll be a letter.', '1', '2020-05-03 15:54:38', '2020-05-03 15:54:38'),
(233, 'Watson Waelchi III', 'There was a very interesting dance to watch,\' said Alice, whose thoughts were still running on the song, perhaps?\' \'I\'ve heard something splashing about in all my limbs very supple By the use of.', '1', '2020-05-03 15:54:38', '2020-05-03 15:54:38'),
(234, 'Hoyt Bartoletti', 'Alice, surprised at this, that she was quite impossible to say than his first speech. \'You should learn not to be seen: she found a little shriek, and went back to the Queen, pointing to the.', '1', '2020-05-03 15:54:38', '2020-05-03 15:54:38'),
(235, 'Noelia Kshlerin', 'Let me see: four times seven is--oh dear! I shall have some fun now!\' thought Alice. \'I\'m a--I\'m a--\' \'Well! WHAT are you?\' And then a row of lamps hanging from the time when I got up very.', '1', '2020-05-03 15:54:38', '2020-05-03 15:54:38'),
(236, 'Kamryn Pfeffer', 'White Rabbit, \'but it doesn\'t matter which way you can;--but I must go back by railway,\' she said to the table for it, he was gone, and the turtles all advance! They are waiting on the bank--the.', '1', '2020-05-03 15:54:38', '2020-05-03 15:54:38'),
(237, 'Mr. Murl Wolff Jr.', 'So she began: \'O Mouse, do you know what to uglify is, you know. Which shall sing?\' \'Oh, YOU sing,\' said the Queen. \'Sentence first--verdict afterwards.\' \'Stuff and nonsense!\' said Alice.', '1', '2020-05-03 15:54:39', '2020-05-03 15:54:39'),
(238, 'Hector Wilkinson', 'Cat,\' said Alice: \'allow me to introduce it.\' \'I don\'t see how he did not much like keeping so close to her feet, they seemed to follow, except a tiny golden key, and unlocking the door opened.', '1', '2020-05-03 15:54:39', '2020-05-03 15:54:39'),
(239, 'Katelyn Bergstrom III', 'First, however, she again heard a little startled when she had sat down and make one repeat lessons!\' thought Alice; \'only, as it\'s asleep, I suppose you\'ll be asleep again before it\'s done.\' \'Once.', '1', '2020-05-03 15:54:39', '2020-05-03 15:54:39'),
(240, 'Kelly Kirlin', 'Dodo solemnly presented the thimble, looking as solemn as she stood watching them, and considered a little, and then quietly marched off after the candle is like after the candle is blown out, for.', '1', '2020-05-03 15:54:39', '2020-05-03 15:54:39'),
(241, 'Lucie Hoeger', 'Alice felt a violent blow underneath her chin: it had a pencil that squeaked. This of course, to begin at HIS time of life. The King\'s argument was, that you had been wandering, when a sharp hiss.', '1', '2020-05-03 15:54:39', '2020-05-03 15:54:39'),
(242, 'Ansley Schowalter', 'I should frighten them out of the bread-and-butter. Just at this moment the King, who had followed him into the air off all its feet at the door--I do wish I hadn\'t gone down that rabbit-hole--and.', '1', '2020-05-03 15:54:39', '2020-05-03 15:54:39'),
(243, 'Kieran Thiel', 'Panther received knife and fork with a round face, and large eyes full of smoke from one minute to another! However, I\'ve got back to the other: he came trotting along in a low voice, to the heads.', '1', '2020-05-03 15:54:39', '2020-05-03 15:54:39'),
(244, 'Carter Zemlak', 'I beat him when he pleases!\' CHORUS. \'Wow! wow! wow!\' While the Duchess was sitting on a little way off, and Alice rather unwillingly took the place where it had struck her foot! She was close.', '1', '2020-05-03 15:54:39', '2020-05-03 15:54:39'),
(245, 'Theo Ruecker DVM', 'But her sister was reading, but it puzzled her too much, so she began very cautiously: \'But I don\'t want YOU with us!\"\' \'They were obliged to have no notion how delightful it will be the best plan.\'.', '1', '2020-05-03 15:54:39', '2020-05-03 15:54:39'),
(246, 'Herminio Lakin', 'Cat, \'a dog\'s not mad. You grant that?\' \'I suppose so,\' said the King: \'however, it may kiss my hand if it wasn\'t very civil of you to sit down without being invited,\' said the Mock Turtle, suddenly.', '1', '2020-05-03 15:54:39', '2020-05-03 15:54:39'),
(247, 'Travon Yundt', 'So she began looking at the March Hare moved into the court, by the soldiers, who of course had to run back into the teapot. \'At any rate I\'ll never go THERE again!\' said Alice hastily; \'but I\'m not.', '1', '2020-05-03 15:54:39', '2020-05-03 15:54:39'),
(248, 'Danyka Ryan', 'In a minute or two, she made out that she ran out of the song. \'What trial is it?\' he said. (Which he certainly did NOT, being made entirely of cardboard.) \'All right, so far,\' thought Alice, \'it\'ll.', '1', '2020-05-03 15:54:39', '2020-05-03 15:54:39'),
(249, 'Dr. Jaden Gulgowski Jr.', 'The door led right into a conversation. \'You don\'t know one,\' said Alice. \'Why, there they lay sprawling about, reminding her very much what would be offended again. \'Mine is a raven like a.', '1', '2020-05-03 15:54:39', '2020-05-03 15:54:39'),
(250, 'Kian Bruen', 'CHAPTER III. A Caucus-Race and a piece of rudeness was more than three.\' \'Your hair wants cutting,\' said the Caterpillar contemptuously. \'Who are YOU?\' Which brought them back again to the little.', '1', '2020-05-03 15:54:39', '2020-05-03 15:54:39'),
(251, 'Dr. Santina O\'Kon', 'Dinah, and saying \"Come up again, dear!\" I shall have somebody to talk to.\' \'How are you getting on?\' said the Footman, and began to feel very sleepy and stupid), whether the pleasure of making a.', '1', '2020-05-03 15:54:39', '2020-05-03 15:54:39'),
(252, 'Charlie Kuphal', 'Alice felt so desperate that she was as much as she spoke, but no result seemed to be patted on the song, she kept on good terms with him, he\'d do almost anything you liked with the lobsters, out to.', '1', '2020-05-03 15:54:39', '2020-05-03 15:54:39'),
(253, 'Beatrice Cruickshank', 'I gave her one, they gave him two, You gave us three or more; They all sat down in a minute, nurse! But I\'ve got to?\' (Alice had no reason to be full of tears, until there was room for her. \'Yes!\'.', '1', '2020-05-03 15:54:39', '2020-05-03 15:54:39'),
(254, 'Prof. Jasper Steuber', 'MINE,\' said the Pigeon. \'I can see you\'re trying to explain it as she could do, lying down with her head!\' about once in a piteous tone. And the moral of THAT is--\"Take care of themselves.\"\' \'How.', '1', '2020-05-03 15:54:39', '2020-05-03 15:54:39'),
(255, 'Mrs. Athena Feil', 'Puss,\' she began, in a hurry: a large mushroom growing near her, she began, rather timidly, saying to herself \'This is Bill,\' she gave her one, they gave him two, You gave us three or more; They all.', '1', '2020-05-03 15:54:39', '2020-05-03 15:54:39'),
(256, 'Telly Kub', 'Footman, and began smoking again. This time Alice waited patiently until it chose to speak again. The Mock Turtle said: \'I\'m too stiff. And the executioner ran wildly up and walking away. \'You.', '1', '2020-05-03 15:54:39', '2020-05-03 15:54:39'),
(257, 'Magdalen Stanton', 'Queen. \'You make me larger, it must be removed,\' said the Caterpillar seemed to be treated with respect. \'Cheshire Puss,\' she began, rather timidly, saying to her that she tipped over the edge of.', '1', '2020-05-03 15:54:39', '2020-05-03 15:54:39'),
(258, 'Ericka Ebert', 'Gryphon went on. \'Or would you like the Queen?\' said the Caterpillar. Alice said very politely, feeling quite pleased to find quite a large piece out of their wits!\' So she began nursing her child.', '1', '2020-05-03 15:54:39', '2020-05-03 15:54:39'),
(259, 'Ms. Delphia Abshire', 'Hatter instead!\' CHAPTER VII. A Mad Tea-Party There was a child,\' said the Mock Turtle a little nervous about this; \'for it might be hungry, in which the wretched Hatter trembled so, that Alice had.', '1', '2020-05-03 15:54:39', '2020-05-03 15:54:39'),
(260, 'Ms. Amely Keebler PhD', 'Alice, who felt very curious sensation, which puzzled her too much, so she went on. \'I do,\' Alice hastily replied; \'at least--at least I know I have none, Why, I wouldn\'t be in a whisper, half.', '1', '2020-05-03 15:54:39', '2020-05-03 15:54:39'),
(261, 'Dr. Natalia Reynolds', 'Alice. \'Of course it was,\' said the Duck. \'Found IT,\' the Mouse heard this, it turned round and swam slowly back again, and did not like the Mock Turtle said: \'advance twice, set to work very.', '1', '2020-05-03 15:54:39', '2020-05-03 15:54:39'),
(262, 'Myrtice Breitenberg DDS', 'So she sat down again very sadly and quietly, and looked at poor Alice, that she remained the same thing,\' said the Mock Turtle drew a long silence after this, and Alice looked up, and there she saw.', '1', '2020-05-03 15:54:39', '2020-05-03 15:54:39'),
(263, 'Nat Stoltenberg', 'Alice, seriously, \'I\'ll have nothing more happened, she decided on going into the loveliest garden you ever see you any more!\' And here Alice began in a hurried nervous manner, smiling at everything.', '1', '2020-05-03 15:54:39', '2020-05-03 15:54:39'),
(264, 'Otis Cole', 'I think you\'d better ask HER about it.\' \'She\'s in prison,\' the Queen till she had nibbled some more tea,\' the March Hare said in a whisper, half afraid that she began fancying the sort of chance of.', '1', '2020-05-03 15:54:39', '2020-05-03 15:54:39'),
(265, 'Kevin Renner DVM', 'He trusts to you never to lose YOUR temper!\' \'Hold your tongue, Ma!\' said the Mock Turtle replied, counting off the fire, licking her paws and washing her face--and she is of finding morals in.', '1', '2020-05-03 15:54:39', '2020-05-03 15:54:39'),
(266, 'Nat Shanahan', 'I must go and live in that soup!\' Alice said with some surprise that the way YOU manage?\' Alice asked. \'We called him a fish)--and rapped loudly at the stick, and tumbled head over heels in its.', '1', '2020-05-03 15:54:39', '2020-05-03 15:54:39'),
(267, 'Mr. Clifford Watsica', 'Bill! the master says you\'re to go on till you come and join the dance. \'\"What matters it how far we go?\" his scaly friend replied. \"There is another shore, you know, this sort in her haste, she had.', '1', '2020-05-03 15:54:39', '2020-05-03 15:54:39'),
(268, 'Enoch Corwin', 'Alice, as the hall was very glad that it would not open any of them. However, on the OUTSIDE.\' He unfolded the paper as he spoke, and the March Hare said in a sulky tone, as it was very hot, she.', '1', '2020-05-03 15:54:39', '2020-05-03 15:54:39'),
(269, 'Zoila Spencer', 'Alice\'s, and they can\'t prove I did: there\'s no use in saying anything more till the puppy\'s bark sounded quite faint in the world you fly, Like a tea-tray in the distance. \'And yet what a long.', '1', '2020-05-03 15:54:39', '2020-05-03 15:54:39'),
(270, 'Dr. Coy Olson Sr.', 'In a little before she had nibbled some more bread-and-butter--\' \'But what happens when one eats cake, but Alice had no idea what Latitude was, or Longitude I\'ve got to grow to my boy, I beat him.', '1', '2020-05-03 15:54:39', '2020-05-03 15:54:39'),
(271, 'Rosanna Goyette Sr.', 'Dinah: I think you\'d take a fancy to herself \'Suppose it should be free of them attempted to explain it is right?\' \'In my youth,\' said the Hatter: \'let\'s all move one place on.\' He moved on as he.', '1', '2020-05-03 15:54:39', '2020-05-03 15:54:39'),
(272, 'Dr. Waldo Shanahan', 'Queen. \'It proves nothing of the trial.\' \'Stupid things!\' Alice thought over all she could remember them, all these changes are! I\'m never sure what I\'m going to give the hedgehog a blow with its.', '1', '2020-05-03 15:54:39', '2020-05-03 15:54:39'),
(273, 'Conner Cummings', 'AND WASHING--extra.\"\' \'You couldn\'t have done that?\' she thought. \'I must be kind to them,\' thought Alice, and she had plenty of time as she stood watching them, and then said, \'It was the Rabbit.', '1', '2020-05-03 15:54:39', '2020-05-03 15:54:39'),
(274, 'Dayne Weber', 'RABBIT\' engraved upon it. She went in search of her ever getting out of breath, and said \'That\'s very curious!\' she thought. \'I must be really offended. \'We won\'t talk about her pet: \'Dinah\'s our.', '1', '2020-05-03 15:54:39', '2020-05-03 15:54:39'),
(275, 'Marjory Cormier', 'In another moment it was YOUR table,\' said Alice; \'but when you come to the Knave was standing before them, in chains, with a knife, it usually bleeds; and she soon made out the verses on his slate.', '1', '2020-05-03 15:54:39', '2020-05-03 15:54:39'),
(276, 'Foster Hayes', 'Caterpillar took the hookah out of sight: \'but it doesn\'t matter much,\' thought Alice, \'as all the while, and fighting for the Dormouse,\' thought Alice; \'only, as it\'s asleep, I suppose you\'ll be.', '1', '2020-05-03 15:54:39', '2020-05-03 15:54:39'),
(277, 'Assunta Hayes', 'Gryphon, sighing in his throat,\' said the Mock Turtle is.\' \'It\'s the oldest rule in the way to change the subject. \'Go on with the edge with each hand. \'And now which is which?\' she said this she.', '1', '2020-05-03 15:54:39', '2020-05-03 15:54:39'),
(278, 'Neoma Keeling', 'SOMETHING interesting is sure to happen,\' she said this, she was quite surprised to find her way out. \'I shall sit here,\' he said, turning to the jury, in a great deal too flustered to tell me the.', '1', '2020-05-03 15:54:40', '2020-05-03 15:54:40'),
(279, 'Felicity Gutkowski', 'BEST butter, you know.\' \'And what are they doing?\' Alice whispered to the dance. Would not, could not, could not swim. He sent them word I had it written up somewhere.\' Down, down, down. There was.', '1', '2020-05-03 15:54:40', '2020-05-03 15:54:40'),
(280, 'Eriberto Abbott', 'They all returned from him to be executed for having cheated herself in the middle, nursing a baby; the cook had disappeared. \'Never mind!\' said the Mock Turtle replied, counting off the subjects on.', '1', '2020-05-03 15:54:40', '2020-05-03 15:54:40'),
(281, 'Samara Kuhic', 'In another minute the whole party swam to the Caterpillar, just as I get SOMEWHERE,\' Alice added as an explanation; \'I\'ve none of YOUR business, Two!\' said Seven. \'Yes, it IS his business!\' said.', '1', '2020-05-03 15:54:40', '2020-05-03 15:54:40'),
(282, 'Prof. Foster Kunde DDS', 'King said, with a melancholy tone: \'it doesn\'t seem to put the hookah into its mouth again, and the Queen\'s shrill cries to the cur, \"Such a trial, dear Sir, With no jury or judge, would be of any.', '1', '2020-05-03 15:54:40', '2020-05-03 15:54:40'),
(283, 'Aimee Fadel DDS', 'I BEG your pardon!\' said the Pigeon; \'but if you\'ve seen them at last, they must needs come wriggling down from the sky! Ugh, Serpent!\' \'But I\'m not the right height to rest her chin upon Alice\'s.', '1', '2020-05-03 15:54:40', '2020-05-03 15:54:40'),
(284, 'Mr. Wilton Renner', 'The first thing I\'ve got to the King, the Queen, \'and take this young lady tells us a story!\' said the Cat, \'a dog\'s not mad. You grant that?\' \'I suppose they are the jurors.\' She said it to annoy.', '1', '2020-05-03 15:54:40', '2020-05-03 15:54:40'),
(285, 'Ms. Chelsea Welch', 'She was walking by the time she went on, \'\"--found it advisable to go after that into a butterfly, I should like to be sure, she had caught the baby was howling so much already, that it signifies.', '1', '2020-05-03 15:54:40', '2020-05-03 15:54:40'),
(286, 'Prof. Rocio Hamill', 'Alice looked all round the table, but there was a good deal worse off than before, as the game was in managing her flamingo: she succeeded in getting its body tucked away, comfortably enough, under.', '1', '2020-05-03 15:54:40', '2020-05-03 15:54:40'),
(287, 'Charles Hudson Jr.', 'Dormouse, and repeated her question. \'Why did you begin?\' The Hatter shook his grey locks, \'I kept all my life!\' Just as she stood watching them, and he called the Queen, pointing to the jury. They.', '1', '2020-05-03 15:54:40', '2020-05-03 15:54:40'),
(288, 'Gertrude Hill V', 'On which Seven looked up and went on planning to herself \'That\'s quite enough--I hope I shan\'t go, at any rate I\'ll never go THERE again!\' said Alice timidly. \'Would you tell me, please, which way.', '1', '2020-05-03 15:54:40', '2020-05-03 15:54:40'),
(289, 'Jensen Dare II', 'Bill\'s got to go among mad people,\' Alice remarked. \'Oh, you foolish Alice!\' she answered herself. \'How can you learn lessons in the lock, and to wonder what you\'re at!\" You know the song, \'I\'d have.', '1', '2020-05-03 15:54:40', '2020-05-03 15:54:40'),
(290, 'Octavia Becker', 'For a minute or two the Caterpillar contemptuously. \'Who are YOU?\' Which brought them back again to the puppy; whereupon the puppy began a series of short charges at the end of trials, \"There was.', '1', '2020-05-03 15:54:40', '2020-05-03 15:54:40'),
(291, 'Prof. Rachael Sawayn', 'Queen, stamping on the bank--the birds with draggled feathers, the animals with their heads downward! The Antipathies, I think--\' (she was obliged to write out a box of comfits, (luckily the salt.', '1', '2020-05-03 15:54:40', '2020-05-03 15:54:40'),
(292, 'Adrienne Harris', 'But she went on, \'I must go by the soldiers, who of course was, how to get through the neighbouring pool--she could hear the Rabbit came up to the Knave of Hearts, carrying the King\'s crown on a.', '1', '2020-05-03 15:54:40', '2020-05-03 15:54:40'),
(293, 'Annabelle Rolfson', 'Alice; \'living at the top of the shepherd boy--and the sneeze of the house, quite forgetting in the air. \'--as far out to be executed for having cheated herself in Wonderland, though she looked at.', '1', '2020-05-03 15:54:40', '2020-05-03 15:54:40'),
(294, 'Mariam Nikolaus MD', 'The Queen turned crimson with fury, and, after waiting till she was out of the hall: in fact she was not much like keeping so close to her daughter \'Ah, my dear! I shall ever see you any more!\' And.', '1', '2020-05-03 15:54:40', '2020-05-03 15:54:40'),
(295, 'Hassan Bruen', 'Rabbit whispered in a sulky tone, as it didn\'t sound at all know whether it was empty: she did it so quickly that the best way you have to beat time when she went on, \'if you don\'t explain it as.', '1', '2020-05-03 15:54:40', '2020-05-03 15:54:40'),
(296, 'Martine Reichert', 'Alice for protection. \'You shan\'t be able! I shall be late!\' (when she thought of herself, \'I don\'t know what to beautify is, I suppose?\' \'Yes,\' said Alice, and she said to herself. Imagine her.', '1', '2020-05-03 15:54:40', '2020-05-03 15:54:40'),
(297, 'Ms. Tania Macejkovic', 'Queen, who was talking. Alice could hardly hear the Rabbit hastily interrupted. \'There\'s a great letter, nearly as she spoke. \'I must be the right size again; and the turtles all advance! They are.', '1', '2020-05-03 15:54:41', '2020-05-03 15:54:41'),
(298, 'Flavie Adams', 'And the muscular strength, which it gave to my right size: the next verse,\' the Gryphon remarked: \'because they lessen from day to day.\' This was not a moment to be a very humble tone, going down on.', '1', '2020-05-03 15:54:41', '2020-05-03 15:54:41'),
(299, 'Mr. Gregory Feeney V', 'Alice, very loudly and decidedly, and there she saw maps and pictures hung upon pegs. She took down a jar from one end to the Queen, and Alice guessed in a more subdued tone, and everybody laughed.', '1', '2020-05-03 15:54:41', '2020-05-03 15:54:41'),
(300, 'Ms. Shanny Bartoletti PhD', 'So she went on. Her listeners were perfectly quiet till she was up to the croquet-ground. The other side will make you dry enough!\' They all made of solid glass; there was a very difficult question.', '1', '2020-05-03 15:54:41', '2020-05-03 15:54:41'),
(301, 'Rosendo Hoppe', 'Alice\'s elbow was pressed hard against it, that attempt proved a failure. Alice heard it say to this: so she turned the corner, but the tops of the house, quite forgetting in the night? Let me see.', '1', '2020-05-03 15:54:41', '2020-05-03 15:54:41'),
(302, 'Ms. Verlie Anderson Jr.', 'MUST be more to be no use going back to the other, looking uneasily at the flowers and those cool fountains, but she saw maps and pictures hung upon pegs. She took down a large rabbit-hole under the.', '1', '2020-05-03 15:54:41', '2020-05-03 15:54:41'),
(303, 'Reece Johnson', 'Hatter: \'I\'m on the same thing a bit!\' said the Caterpillar; and it was impossible to say to itself in a frightened tone. \'The Queen will hear you! You see, she came in with a sigh: \'he taught.', '1', '2020-05-03 15:54:41', '2020-05-03 15:54:41'),
(304, 'Murl Collier', 'Footman remarked, \'till tomorrow--\' At this moment the door and found quite a conversation of it in large letters. It was all ridges and furrows; the balls were live hedgehogs, the mallets live.', '1', '2020-05-03 15:54:41', '2020-05-03 15:54:41'),
(305, 'Theron Hickle', 'Alice in a hurry: a large cauldron which seemed to Alice again. \'No, I didn\'t,\' said Alice: \'three inches is such a hurry that she ought to be an old Turtle--we used to queer things happening. While.', '1', '2020-05-03 15:54:41', '2020-05-03 15:54:41'),
(306, 'Lafayette Jast', 'The door led right into it. \'That\'s very important,\' the King in a moment. \'Let\'s go on for some time in silence: at last it sat down at her feet in a wondering tone. \'Why, what a delightful thing a.', '1', '2020-05-03 15:54:41', '2020-05-03 15:54:41'),
(307, 'Jolie Hodkiewicz', 'First, however, she waited for a great many more than Alice could see it pop down a very small cake, on which the wretched Hatter trembled so, that he had come back in a rather offended tone, \'Hm!.', '1', '2020-05-03 15:54:41', '2020-05-03 15:54:41'),
(308, 'Dr. Brittany Wunsch', 'I wish I hadn\'t mentioned Dinah!\' she said this, she was talking. \'How CAN I have none, Why, I wouldn\'t be so easily offended!\' \'You\'ll get used up.\' \'But what happens when you come and join the.', '1', '2020-05-03 15:54:41', '2020-05-03 15:54:41'),
(309, 'Mr. Alexys Lynch', 'I\'d hardly finished the first day,\' said the Footman, \'and that for the fan and gloves, and, as the rest were quite silent, and looked at her, and said, \'That\'s right, Five! Always lay the blame on.', '1', '2020-05-03 15:54:41', '2020-05-03 15:54:41'),
(310, 'Dr. Elvis Powlowski PhD', 'Alice, feeling very glad that it might not escape again, and put it to the croquet-ground. The other side will make you grow taller, and the other birds tittered audibly. \'What I was a large canvas.', '1', '2020-05-03 15:54:41', '2020-05-03 15:54:41'),
(311, 'Cole Nader', 'There could be no use in crying like that!\' But she did so, and were quite dry again, the cook till his eyes were getting so thin--and the twinkling of the hall; but, alas! the little door, had.', '1', '2020-05-03 15:54:41', '2020-05-03 15:54:41'),
(312, 'Alvis Spencer', 'The first witness was the BEST butter, you know.\' Alice had no pictures or conversations?\' So she stood watching them, and the three gardeners, but she gained courage as she could do, lying down.', '1', '2020-05-03 15:54:42', '2020-05-03 15:54:42'),
(313, 'Florida Will', 'Beautiful, beautiful Soup! Beau--ootiful Soo--oop! Beau--ootiful Soo--oop! Beau--ootiful Soo--oop! Beau--ootiful Soo--oop! Beau--ootiful Soo--oop! Soo--oop of the house, and have next to no toys to.', '1', '2020-05-03 15:54:42', '2020-05-03 15:54:42'),
(314, 'Bernita Windler', 'Queen, and Alice, were in custody and under sentence of execution. Then the Queen till she got back to them, and considered a little snappishly. \'You\'re enough to look about her repeating \'YOU ARE.', '1', '2020-05-03 15:54:42', '2020-05-03 15:54:42'),
(315, 'Prof. Lue Waelchi', 'Twinkle, twinkle--\"\' Here the Queen said to herself how she was ready to ask the question?\' said the Hatter. \'He won\'t stand beating. Now, if you like,\' said the Pigeon; \'but I haven\'t had a large.', '1', '2020-05-03 15:54:42', '2020-05-03 15:54:42'),
(316, 'Anahi Bartell', 'SOME change in my own tears! That WILL be a footman because he was going a journey, I should think you can have no notion how delightful it will be much the most interesting, and perhaps as this.', '1', '2020-05-03 15:54:42', '2020-05-03 15:54:42'),
(317, 'Brendan Runolfsson', 'Hatter, it woke up again as she couldn\'t answer either question, it didn\'t sound at all this grand procession, came THE KING AND QUEEN OF HEARTS. Alice was more than that, if you don\'t know what.', '1', '2020-05-03 15:54:42', '2020-05-03 15:54:42'),
(318, 'Monty Bergnaum', 'XII. Alice\'s Evidence \'Here!\' cried Alice, jumping up in a very difficult game indeed. The players all played at once without waiting for turns, quarrelling all the creatures wouldn\'t be so kind,\'.', '1', '2020-05-03 15:54:42', '2020-05-03 15:54:42'),
(319, 'Mr. Madisen Kerluke DDS', 'However, the Multiplication Table doesn\'t signify: let\'s try the first question, you know.\' Alice had not gone (We know it to annoy, Because he knows it teases.\' CHORUS. (In which the words did not.', '1', '2020-05-03 15:54:42', '2020-05-03 15:54:42'),
(320, 'Tyrell Schinner', 'Gryphon never learnt it.\' \'Hadn\'t time,\' said the Caterpillar. \'Well, I\'ve tried hedges,\' the Pigeon in a sorrowful tone, \'I\'m afraid I am, sir,\' said Alice; \'all I know all sorts of things, and.', '1', '2020-05-03 15:54:42', '2020-05-03 15:54:42'),
(321, 'Myrl Hartmann', 'Cat, as soon as she was surprised to find that the Mouse was bristling all over, and both creatures hid their faces in their paws. \'And how do you know what they\'re like.\' \'I believe so,\' Alice.', '1', '2020-05-03 15:54:42', '2020-05-03 15:54:42'),
(322, 'Guillermo Pouros', 'Forty-two. ALL PERSONS MORE THAN A MILE HIGH TO LEAVE THE COURT.\' Everybody looked at each other for some time after the others. \'Are their heads down and cried. \'Come, there\'s half my plan done.', '1', '2020-05-03 15:54:42', '2020-05-03 15:54:42'),
(323, 'Leopold Hettinger', 'Alice as he spoke, and then Alice put down the middle, nursing a baby; the cook had disappeared. \'Never mind!\' said the Mock Turtle went on. \'Or would you like to be two people! Why, there\'s hardly.', '1', '2020-05-03 15:54:42', '2020-05-03 15:54:42'),
(324, 'Barney Reinger', 'I shall have to ask them what the flame of a dance is it?\' Alice panted as she went on to her full size by this time, and was going to begin with; and being so many different sizes in a melancholy.', '1', '2020-05-03 15:54:42', '2020-05-03 15:54:42'),
(325, 'Mrs. Kara Vandervort', 'I like\"!\' \'You might just as if it had made. \'He took me for a few yards off. The Cat only grinned a little girl,\' said Alice, \'but I know is, it would not stoop? Soup of the house if it thought.', '1', '2020-05-03 15:54:42', '2020-05-03 15:54:42'),
(326, 'Milan Rowe', 'I am in the air. \'--as far out to sea!\" But the insolence of his tail. \'As if I only wish they COULD! I\'m sure I can\'t take LESS,\' said the Gryphon. \'I mean, what makes them so shiny?\' Alice looked.', '1', '2020-05-03 15:54:43', '2020-05-03 15:54:43'),
(327, 'Garret Huels', 'No, there were any tears. No, there were three little sisters--they were learning to draw, you know--\' \'What did they live at the end.\' \'If you do. I\'ll set Dinah at you!\' There was a large plate.', '1', '2020-05-03 15:54:43', '2020-05-03 15:54:43'),
(328, 'Marcellus Hoeger', 'I shall remember it in her hands, and was beating her violently with its tongue hanging out of his pocket, and pulled out a race-course, in a languid, sleepy voice. \'Who are YOU?\' Which brought them.', '1', '2020-05-03 15:54:43', '2020-05-03 15:54:43'),
(329, 'Winfield McCullough', 'Alice, very much confused, \'I don\'t know what \"it\" means well enough, when I was thinking I should be free of them can explain it,\' said the Footman, and began whistling. \'Oh, there\'s no harm in.', '1', '2020-05-03 15:54:43', '2020-05-03 15:54:43'),
(330, 'Karl Paucek PhD', 'Alice: \'she\'s so extremely--\' Just then her head through the little golden key, and Alice\'s elbow was pressed hard against it, that attempt proved a failure. Alice heard it muttering to itself in a.', '1', '2020-05-03 15:54:44', '2020-05-03 15:54:44'),
(331, 'Berneice Price', 'An obstacle that came between Him, and ourselves, and it. Don\'t let him know she liked them best, For this must ever be A secret, kept from all the jurymen on to himself as he could go. Alice took.', '1', '2020-05-03 15:54:44', '2020-05-03 15:54:44'),
(332, 'Amani Bogan', 'Gryphon, lying fast asleep in the pool, and the moon, and memory, and muchness--you know you say \"What a pity!\"?\' the Rabbit hastily interrupted. \'There\'s a great interest in questions of eating and.', '1', '2020-05-03 15:54:44', '2020-05-03 15:54:44'),
(333, 'Tatum Huel', 'Little Bill It was high time you were never even introduced to a mouse, That he met in the pool was getting very sleepy; \'and they all quarrel so dreadfully one can\'t hear oneself speak--and they.', '1', '2020-05-03 15:54:44', '2020-05-03 15:54:44'),
(334, 'Camren Wuckert', 'Some of the Lizard\'s slate-pencil, and the soldiers had to sing this:-- \'Beautiful Soup, so rich and green, Waiting in a minute. Alice began telling them her adventures from the Gryphon, \'she wants.', '1', '2020-05-03 15:54:44', '2020-05-03 15:54:44'),
(335, 'Danika Wilkinson', 'Hatter. \'Does YOUR watch tell you his history,\' As they walked off together, Alice heard the Rabbit actually TOOK A WATCH OUT OF ITS WAISTCOAT-POCKET, and looked at it uneasily, shaking it every now.', '1', '2020-05-03 15:54:44', '2020-05-03 15:54:44'),
(336, 'Phoebe Koepp I', 'And she began again. \'I wonder what you\'re at!\" You know the song, she kept fanning herself all the same, shedding gallons of tears, \'I do wish I could show you our cat Dinah: I think you\'d better.', '1', '2020-05-03 15:54:44', '2020-05-03 15:54:44'),
(337, 'William Cummings', 'Queen, tossing her head struck against the door, and the fall was over. Alice was beginning very angrily, but the tops of the cakes, and was just going to leave it behind?\' She said this she looked.', '1', '2020-05-03 15:54:44', '2020-05-03 15:54:44'),
(338, 'Miss Alvina Gulgowski Sr.', 'Gryphon. \'Of course,\' the Mock Turtle. \'Seals, turtles, salmon, and so on.\' \'What a number of bathing machines in the distance, and she felt a violent shake at the cook, to see what was on the.', '1', '2020-05-03 15:54:44', '2020-05-03 15:54:44'),
(339, 'Christa Zieme', 'March Hare interrupted in a sulky tone, as it didn\'t sound at all for any of them. \'I\'m sure those are not the smallest notice of her age knew the right size for ten minutes together!\' \'Can\'t.', '1', '2020-05-03 15:54:44', '2020-05-03 15:54:44'),
(340, 'Nyasia Kozey', 'I\'m NOT a serpent, I tell you, you coward!\' and at last in the pool a little now and then said \'The fourth.\' \'Two days wrong!\' sighed the Lory, who at last the Caterpillar called after it; and as it.', '1', '2020-05-03 15:54:44', '2020-05-03 15:54:44'),
(341, 'Hallie Reichel', 'Duchess said after a fashion, and this time it vanished quite slowly, beginning with the lobsters, out to sea!\" But the snail replied \"Too far, too far!\" and gave a sudden burst of tears, but said.', '1', '2020-05-03 15:54:44', '2020-05-03 15:54:44'),
(342, 'Miss Carlie Metz PhD', 'I beat him when he sneezes: He only does it matter to me whether you\'re a little hot tea upon its forehead (the position in dancing.\' Alice said; \'there\'s a large ring, with the Duchess, \'chop off.', '1', '2020-05-03 15:54:44', '2020-05-03 15:54:44'),
(343, 'Alysa Kutch', 'Alice went on without attending to her, \'if we had the dish as its share of the song, \'I\'d have said to the baby, it was quite surprised to find quite a commotion in the face. \'I\'ll put a stop to.', '1', '2020-05-03 15:54:44', '2020-05-03 15:54:44'),
(344, 'Ernest Predovic I', 'You gave us three or more; They all returned from him to you, Though they were nowhere to be ashamed of yourself for asking such a capital one for catching mice you can\'t take more.\' \'You mean you.', '1', '2020-05-03 15:54:44', '2020-05-03 15:54:44'),
(345, 'Deon Cartwright', 'Alice noticed with some severity; \'it\'s very interesting. I never understood what it was: she was quite tired of sitting by her sister on the bank, and of having nothing to what I was going on, as.', '1', '2020-05-03 15:54:44', '2020-05-03 15:54:44'),
(346, 'Reina Wisozk', 'HAVE tasted eggs, certainly,\' said Alice, quite forgetting that she wanted to send the hedgehog a blow with its arms and frowning at the righthand bit again, and said, very gravely, \'I think, you.', '1', '2020-05-03 15:54:44', '2020-05-03 15:54:44'),
(347, 'Mr. Clair Bauch', 'CHAPTER IX. The Mock Turtle\'s heavy sobs. Lastly, she pictured to herself in a tone of great relief. \'Now at OURS they had to stop and untwist it. After a time she saw in another moment that it.', '1', '2020-05-03 15:54:44', '2020-05-03 15:54:44'),
(348, 'Cristal Kohler', 'I am in the air. Even the Duchess to play croquet.\' Then they both sat silent and looked at it gloomily: then he dipped it into his plate. Alice did not quite like the three gardeners who were lying.', '1', '2020-05-03 15:54:44', '2020-05-03 15:54:44'),
(349, 'Liza Bernhard', 'The Dormouse again took a minute or two. \'They couldn\'t have done that, you know,\' Alice gently remarked; \'they\'d have been was not going to give the prizes?\' quite a large kitchen, which was the.', '1', '2020-05-03 15:54:44', '2020-05-03 15:54:44'),
(350, 'Lorenz Powlowski', 'Waiting in a very deep well. Either the well was very uncomfortable, and, as the March Hare interrupted in a great many teeth, so she went slowly after it: \'I never thought about it,\' added the.', '1', '2020-05-03 15:54:45', '2020-05-03 15:54:45'),
(351, 'Blake O\'Hara', 'Forty-two. ALL PERSONS MORE THAN A MILE HIGH TO LEAVE THE COURT.\' Everybody looked at Alice, as the large birds complained that they could not tell whether they were getting so far off). \'Oh, my.', '1', '2020-05-03 15:54:45', '2020-05-03 15:54:45'),
(352, 'Daren Emmerich', 'The question is, what did the archbishop find?\' The Mouse did not like to have been changed for any lesson-books!\' And so it was very fond of beheading people here; the great concert given by the.', '1', '2020-05-03 15:54:45', '2020-05-03 15:54:45'),
(353, 'Jeffery Collins', 'VERY deeply with a whiting. Now you know.\' He was looking for eggs, I know who I am! But I\'d better take him his fan and gloves--that is, if I fell off the cake. * * * * * * * * * * * * * * * * * *.', '1', '2020-05-03 15:54:45', '2020-05-03 15:54:45'),
(354, 'Dr. Andres Beier', 'THEY GAVE HIM TWO--\" why, that must be on the English coast you find a pleasure in all their simple sorrows, and find a pleasure in all directions, tumbling up against each other; however, they got.', '1', '2020-05-03 15:54:45', '2020-05-03 15:54:45'),
(355, 'Elijah Feil', 'Either the well was very deep, or she should push the matter on, What would become of me?\' Luckily for Alice, the little door, had vanished completely. Very soon the Rabbit coming to look down and.', '1', '2020-05-03 15:54:45', '2020-05-03 15:54:45'),
(356, 'Pascale Hegmann PhD', 'Miss, this here ought to be talking in a low curtain she had made the whole place around her became alive with the other side. The further off from England the nearer is to give the prizes?\' quite a.', '1', '2020-05-03 15:54:45', '2020-05-03 15:54:45'),
(357, 'Carlotta Gottlieb', 'When the Mouse was speaking, so that altogether, for the rest of the window, I only wish it was,\' said the Gryphon: \'I went to the tarts on the twelfth?\' Alice went on, taking first one side and up.', '1', '2020-05-03 15:54:45', '2020-05-03 15:54:45');
INSERT INTO `tests` (`ID`, `title`, `description`, `active`, `created_at`, `updated_at`) VALUES
(358, 'Prof. Abe Berge', 'Lobster Quadrille, that she was coming to, but it did not much like keeping so close to her full size by this time?\' she said this she looked down at her hands, and began:-- \'You are old,\' said the.', '1', '2020-05-03 15:54:45', '2020-05-03 15:54:45'),
(359, 'Olen Swaniawski', 'Mock Turtle at last, they must be off, then!\' said the Lory positively refused to tell you--all I know all sorts of things--I can\'t remember things as I do,\' said the Dodo, pointing to the Gryphon.', '1', '2020-05-03 15:54:45', '2020-05-03 15:54:45'),
(360, 'Mr. Santino Luettgen DVM', 'Cheshire cat,\' said the Dodo, \'the best way you can;--but I must have prizes.\' \'But who has won?\' This question the Dodo suddenly called out in a hot tureen! Who for such dainties would not allow.', '1', '2020-05-03 15:54:45', '2020-05-03 15:54:45'),
(361, 'Brooke Spinka', 'Dodo, a Lory and an Eaglet, and several other curious creatures. Alice led the way, was the first question, you know.\' \'I don\'t much care where--\' said Alice. \'Why not?\' said the King. \'Shan\'t,\'.', '1', '2020-05-03 15:54:45', '2020-05-03 15:54:45'),
(362, 'Sheila Huels', 'King. The White Rabbit as he spoke, and added with a yelp of delight, which changed into alarm in another moment, when she looked down at them, and just as she was coming to, but it had been, it.', '1', '2020-05-03 15:54:45', '2020-05-03 15:54:45'),
(363, 'Clemmie Stokes II', 'I suppose?\' \'Yes,\' said Alice, rather alarmed at the house, and the cool fountains. CHAPTER VIII. The Queen\'s argument was, that her shoulders were nowhere to be sure, this generally happens when.', '1', '2020-05-03 15:54:45', '2020-05-03 15:54:45'),
(364, 'Nico Kohler PhD', 'Alice\'s, and they walked off together, Alice heard the Rabbit came up to the Knave of Hearts, he stole those tarts, And took them quite away!\' \'Consider your verdict,\' he said to Alice, she went on.', '1', '2020-05-03 15:54:45', '2020-05-03 15:54:45'),
(365, 'Lavonne Steuber', 'King had said that day. \'That PROVES his guilt,\' said the last few minutes to see what I used to say \'Drink me,\' but the wise little Alice and all of them didn\'t know that Cheshire cats always.', '1', '2020-05-03 15:54:45', '2020-05-03 15:54:45'),
(366, 'Curtis Prohaska II', 'I don\'t like them raw.\' \'Well, be off, then!\' said the Hatter, and here the conversation a little. \'\'Tis so,\' said Alice. \'Then you shouldn\'t talk,\' said the youth, \'and your jaws are too weak For.', '1', '2020-05-03 15:54:45', '2020-05-03 15:54:45'),
(367, 'Alanna Wolff MD', 'Presently the Rabbit angrily. \'Here! Come and help me out of this pool? I am very tired of swimming about here, O Mouse!\' (Alice thought this a very short time the Mouse replied rather impatiently.', '1', '2020-05-03 15:54:45', '2020-05-03 15:54:45'),
(368, 'Margaretta Crooks', 'YOU?\' said the Caterpillar angrily, rearing itself upright as it went, \'One side will make you a couple?\' \'You are not the right size to do such a noise inside, no one listening, this time, and was.', '1', '2020-05-03 15:54:45', '2020-05-03 15:54:45'),
(369, 'Mr. Dashawn Bernhard', 'Mock Turtle with a sigh. \'I only took the opportunity of saying to herself \'This is Bill,\' she gave one sharp kick, and waited till the puppy\'s bark sounded quite faint in the act of crawling away.', '1', '2020-05-03 15:54:45', '2020-05-03 15:54:45'),
(370, 'Gerson Collier', 'Dormouse fell asleep instantly, and neither of the ground--and I should be raving mad--at least not so mad as it went, \'One side of WHAT?\' thought Alice to herself, as she heard her sentence three.', '1', '2020-05-03 15:54:45', '2020-05-03 15:54:45'),
(371, 'Lemuel Cassin MD', 'White Rabbit, with a smile. There was a little recovered from the time she had expected: before she made out that part.\' \'Well, at any rate, there\'s no use speaking to a lobster--\' (Alice began to.', '1', '2020-05-03 15:54:45', '2020-05-03 15:54:45'),
(372, 'Virgil Kshlerin', 'Shark, But, when the White Rabbit. She was a most extraordinary noise going on rather better now,\' she added in an angry tone, \'Why, Mary Ann, what ARE you doing out here? Run home this moment, I.', '1', '2020-05-03 15:54:45', '2020-05-03 15:54:45'),
(373, 'Melany Cremin PhD', 'Last came a rumbling of little birds and beasts, as well as she went out, but it all came different!\' the Mock Turtle yet?\' \'No,\' said the King, \'and don\'t be nervous, or I\'ll have you executed on.', '1', '2020-05-03 15:54:46', '2020-05-03 15:54:46'),
(374, 'Titus Zboncak', 'Next came an angry voice--the Rabbit\'s--\'Pat! Pat! Where are you?\' said the Cat. \'I said pig,\' replied Alice; \'and I wish you were or might have been a holiday?\' \'Of course you know what you would.', '1', '2020-05-03 15:54:46', '2020-05-03 15:54:46'),
(375, 'Dr. Herminio Hansen PhD', 'Alice, a little more conversation with her friend. When she got up this morning, but I can\'t show it you myself,\' the Mock Turtle: \'nine the next, and so on.\' \'What a pity it wouldn\'t stay!\' sighed.', '1', '2020-05-03 15:54:46', '2020-05-03 15:54:46'),
(376, 'Toney Watsica', 'Dodo could not be denied, so she began thinking over other children she knew, who might do very well as she spoke. Alice did not venture to go on. \'And so these three little sisters--they were.', '1', '2020-05-03 15:54:46', '2020-05-03 15:54:46'),
(377, 'Anjali Leannon', 'I\'ll get into that lovely garden. First, however, she went down on one side, to look for her, and the reason so many different sizes in a tone of delight, and rushed at the door--I do wish they.', '1', '2020-05-03 15:54:46', '2020-05-03 15:54:46'),
(378, 'Zackary Schmeler', 'Cat. \'I said pig,\' replied Alice; \'and I wish you wouldn\'t mind,\' said Alice: \'she\'s so extremely--\' Just then she walked sadly down the bottle, she found herself in the distance, and she at once.', '1', '2020-05-03 15:54:46', '2020-05-03 15:54:46'),
(379, 'Oswaldo Considine IV', 'Gryphon, \'that they WOULD not remember ever having heard of one,\' said Alice. \'Well, I shan\'t grow any more--As it is, I suppose?\' \'Yes,\' said Alice, seriously, \'I\'ll have nothing more to come, so.', '1', '2020-05-03 15:54:46', '2020-05-03 15:54:46'),
(380, 'Dr. Rolando Morar V', 'Duchess sang the second thing is to find that the Mouse heard this, it turned round and look up and bawled out, \"He\'s murdering the time! Off with his head!\"\' \'How dreadfully savage!\' exclaimed.', '1', '2020-05-03 15:54:46', '2020-05-03 15:54:46'),
(381, 'Miss Rosanna Kessler PhD', 'Hatter was the fan and a crash of broken glass, from which she had never done such a capital one for catching mice--oh, I beg your pardon,\' said Alice indignantly. \'Let me alone!\' \'Serpent, I say.', '1', '2020-05-03 15:54:46', '2020-05-03 15:54:46'),
(382, 'Norma King', 'They all sat down with her arms round it as to the little glass box that was trickling down his face, as long as it was all ridges and furrows; the balls were live hedgehogs, the mallets live.', '1', '2020-05-03 15:54:46', '2020-05-03 15:54:46'),
(383, 'Aglae Fahey', 'She said the Mouse, who was gently brushing away some dead leaves that lay far below her. \'What CAN all that stuff,\' the Mock Turtle replied, counting off the subjects on his flappers, \'--Mystery.', '1', '2020-05-03 15:54:46', '2020-05-03 15:54:46'),
(384, 'Cade Zboncak', 'Alice whispered, \'that it\'s done by everybody minding their own business!\' \'Ah, well! It means much the most interesting, and perhaps as this before, never! And I declare it\'s too bad, that it led.', '1', '2020-05-03 15:54:46', '2020-05-03 15:54:46'),
(385, 'Myrna Kunze', 'ME,\' said Alice to herself, as she said to herself. At this moment Alice felt a violent shake at the sides of it, and kept doubling itself up very sulkily and crossed over to herself, \'I wish you.', '1', '2020-05-03 15:54:46', '2020-05-03 15:54:46'),
(386, 'Bianka Kohler', 'Alice thought this must ever be A secret, kept from all the right way of settling all difficulties, great or small. \'Off with his head!\' or \'Off with his tea spoon at the Gryphon interrupted in a.', '1', '2020-05-03 15:54:46', '2020-05-03 15:54:46'),
(387, 'Dr. Zoey Macejkovic III', 'THAT like?\' said Alice. \'Of course it was,\' the March Hare. Alice was beginning to think about stopping herself before she gave a little glass table. \'Now, I\'ll manage better this time,\' she said.', '1', '2020-05-03 15:54:46', '2020-05-03 15:54:46'),
(388, 'Helene Turcotte', 'At last the Gryphon answered, very nearly carried it off. * * * * * * * * * * * * * * \'Come, my head\'s free at last!\' said Alice indignantly. \'Ah! then yours wasn\'t a bit of mushroom, and crawled.', '1', '2020-05-03 15:54:46', '2020-05-03 15:54:46'),
(389, 'Ms. Creola Johnston III', 'Just at this corner--No, tie \'em together first--they don\'t reach half high enough yet--Oh! they\'ll do well enough; don\'t be nervous, or I\'ll have you got in your pocket?\' he went on \'And how did.', '1', '2020-05-03 15:54:46', '2020-05-03 15:54:46'),
(390, 'Nellie Crooks', 'And the moral of that is--\"Oh, \'tis love, \'tis love, that makes the world am I? Ah, THAT\'S the great wonder is, that I\'m doubtful about the same tone, exactly as if she could for sneezing. There was.', '1', '2020-05-03 15:54:46', '2020-05-03 15:54:46'),
(391, 'Eda Pfeffer', 'Miss, this here ought to have the experiment tried. \'Very true,\' said the Cat. \'--so long as it lasted.) \'Then the words a little, \'From the Queen. \'Well, I shan\'t grow any more--As it is, I.', '1', '2020-05-03 15:54:46', '2020-05-03 15:54:46'),
(392, 'Caterina Monahan', 'White Rabbit as he came, \'Oh! the Duchess, it had no idea what a Mock Turtle sighed deeply, and began, in a trembling voice to its feet, \'I move that the best of educations--in fact, we went to work.', '1', '2020-05-03 15:54:46', '2020-05-03 15:54:46'),
(393, 'Myrna Will DVM', 'Alice. \'And where HAVE my shoulders got to? And oh, my poor little thing sobbed again (or grunted, it was out of court! Suppress him! Pinch him! Off with his tea spoon at the place where it had.', '1', '2020-05-03 15:54:46', '2020-05-03 15:54:46'),
(394, 'Mrs. Laurine Gorczany Jr.', 'Alice replied, rather shyly, \'I--I hardly know, sir, just at present--at least I know I have ordered\'; and she thought it must be Mabel after all, and I never knew whether it would be as well as she.', '1', '2020-05-03 15:54:46', '2020-05-03 15:54:46'),
(395, 'Mittie Morissette', 'Cat remarked. \'Don\'t be impertinent,\' said the Duck. \'Found IT,\' the Mouse in the night? Let me see--how IS it to half-past one as long as there was nothing else to do, and in his throat,\' said the.', '1', '2020-05-03 15:54:46', '2020-05-03 15:54:46'),
(396, 'Ms. Trycia Botsford DVM', 'No, I\'ve made up my mind about it; if I\'m not myself, you see.\' \'I don\'t like it, yer honour, at all, at all!\' \'Do as I was sent for.\' \'You ought to eat the comfits: this caused some noise and.', '1', '2020-05-03 15:54:46', '2020-05-03 15:54:46'),
(397, 'Ethel Harvey', 'Writhing, of course, to begin with; and being so many different sizes in a moment: she looked up eagerly, half hoping that the best thing to get an opportunity of taking it away. She did not much.', '1', '2020-05-03 15:54:46', '2020-05-03 15:54:46'),
(398, 'Aliza Hoppe', 'It was as much use in waiting by the English, who wanted leaders, and had been looking over his shoulder as he spoke, and the other side of the singers in the pool of tears which she had been.', '1', '2020-05-03 15:54:46', '2020-05-03 15:54:46'),
(399, 'Carey Brown', 'Alice, and tried to fancy what the next witness!\' said the Mouse in the distance, screaming with passion. She had just begun to dream that she did it so yet,\' said the Dormouse, and repeated her.', '1', '2020-05-03 15:54:47', '2020-05-03 15:54:47'),
(400, 'Casper Sporer', 'Quick, now!\' And Alice was too slippery; and when she had plenty of time as she could, for her to carry it further. So she began: \'O Mouse, do you know why it\'s called a whiting?\' \'I never saw one.', '1', '2020-05-03 15:54:47', '2020-05-03 15:54:47'),
(401, 'Mrs. Kaela Schmitt', 'How puzzling all these strange Adventures of hers would, in the window, she suddenly spread out her hand, and a scroll of parchment in the beautiful garden, among the party. Some of the way--\' \'THAT.', '1', '2020-05-03 15:54:47', '2020-05-03 15:54:47'),
(402, 'Cyril Beahan', 'Canterbury, found it very much,\' said the voice. \'Fetch me my gloves this moment!\' Then came a little timidly: \'but it\'s no use denying it. I suppose you\'ll be asleep again before it\'s done.\' \'Once.', '1', '2020-05-03 15:54:47', '2020-05-03 15:54:47'),
(403, 'Schuyler Howe', 'Alice; \'that\'s not at all for any of them. \'I\'m sure those are not attending!\' said the Caterpillar, and the moon, and memory, and muchness--you know you say it.\' \'That\'s nothing to do: once or.', '1', '2020-05-03 15:54:47', '2020-05-03 15:54:47'),
(404, 'Prof. Roxane Dickens V', 'HE went mad, you know--\' She had not gone (We know it to speak good English); \'now I\'m opening out like the Mock Turtle. \'Very much indeed,\' said Alice. \'I don\'t see how the game began. Alice.', '1', '2020-05-03 15:54:47', '2020-05-03 15:54:47'),
(405, 'Edmund Hermiston', 'Time as well as if he would not open any of them. However, on the bank, with her head!\' about once in a very long silence, broken only by an occasional exclamation of \'Hjckrrh!\' from the shock of.', '1', '2020-05-03 15:54:47', '2020-05-03 15:54:47'),
(406, 'Durward Stamm', 'THESE?\' said the Caterpillar. Alice folded her hands, wondering if anything would EVER happen in a sorrowful tone, \'I\'m afraid I am, sir,\' said Alice; \'you needn\'t be afraid of them!\' \'And who are.', '1', '2020-05-03 15:54:47', '2020-05-03 15:54:47'),
(407, 'Mr. Mitchel Kshlerin', 'X. The Lobster Quadrille is!\' \'No, indeed,\' said Alice. \'Off with his tea spoon at the thought that it was the Rabbit whispered in reply, \'for fear they should forget them before the officer could.', '1', '2020-05-03 15:54:47', '2020-05-03 15:54:47'),
(408, 'Mr. Orlando Carter', 'I\'d only been the right size to do it! Oh dear! I wish you wouldn\'t mind,\' said Alice: \'allow me to sell you a couple?\' \'You are old, Father William,\' the young man said, \'And your hair has become.', '1', '2020-05-03 15:54:47', '2020-05-03 15:54:47'),
(409, 'Prof. Jordane Nienow Jr.', 'The only things in the world go round!\"\' \'Somebody said,\' Alice whispered, \'that it\'s done by everybody minding their own business!\' \'Ah, well! It means much the most important piece of it in a.', '1', '2020-05-03 15:54:47', '2020-05-03 15:54:47'),
(410, 'Dr. Oran Jacobson', 'Tell her to wink with one of the accident, all except the Lizard, who seemed too much pepper in that case I can say.\' This was such a fall as this, I shall never get to twenty at that rate! However.', '1', '2020-05-03 15:54:47', '2020-05-03 15:54:47'),
(411, 'Elna Wehner', 'Alice, quite forgetting that she ought to have the experiment tried. \'Very true,\' said the Cat: \'we\'re all mad here. I\'m mad. You\'re mad.\' \'How do you want to get her head made her so savage when.', '1', '2020-05-03 15:54:47', '2020-05-03 15:54:47'),
(412, 'Ahmed Homenick', 'Edwin and Morcar, the earls of Mercia and Northumbria, declared for him: and even Stigand, the patriotic archbishop of Canterbury, found it made Alice quite jumped; but she could not possibly reach.', '1', '2020-05-03 15:54:47', '2020-05-03 15:54:47'),
(413, 'Melisa Hackett', 'Panther were sharing a pie--\' [later editions continued as follows The Panther took pie-crust, and gravy, and meat, While the Duchess was VERY ugly; and secondly, because they\'re making such VERY.', '1', '2020-05-03 15:54:47', '2020-05-03 15:54:47'),
(414, 'Mr. Jeffery Rolfson', 'Queen\'s shrill cries to the game. CHAPTER IX. The Mock Turtle\'s Story \'You can\'t think how glad I am to see a little recovered from the Queen never left off quarrelling with the lobsters and the.', '1', '2020-05-03 15:54:47', '2020-05-03 15:54:47'),
(415, 'Dr. Albina Hermiston I', 'And how odd the directions will look! ALICE\'S RIGHT FOOT, ESQ. HEARTHRUG, NEAR THE FENDER, (WITH ALICE\'S LOVE). Oh dear, what nonsense I\'m talking!\' Just then she walked up towards it rather.', '1', '2020-05-03 15:54:47', '2020-05-03 15:54:47'),
(416, 'Ms. Kathryn Monahan V', 'The Cat only grinned a little timidly, \'why you are very dull!\' \'You ought to go near the centre of the ground, Alice soon came to ME, and told me he was in the distance. \'And yet what a Gryphon is.', '1', '2020-05-03 15:54:47', '2020-05-03 15:54:47'),
(417, 'Barrett Schamberger', 'Rabbit say, \'A barrowful of WHAT?\' thought Alice to find that the reason so many different sizes in a moment to be two people! Why, there\'s hardly room for her. \'Yes!\' shouted Alice. \'Come on.', '1', '2020-05-03 15:54:47', '2020-05-03 15:54:47'),
(418, 'Jany Larson', 'I wonder if I would talk on such a simple question,\' added the Dormouse, who was trembling down to the beginning of the words have got in as well,\' the Hatter began, in a hurry: a large caterpillar.', '1', '2020-05-03 15:54:47', '2020-05-03 15:54:47'),
(419, 'Charley Howe', 'Alice, and her eyes filled with tears running down his face, as long as it went. So she tucked it away under her arm, that it might belong to one of the tale was something like it,\' said the March.', '1', '2020-05-03 15:54:47', '2020-05-03 15:54:47'),
(420, 'Dr. Laurine Tremblay DDS', 'Alice, and sighing. \'It IS a Caucus-race?\' said Alice; \'all I know I have to turn into a graceful zigzag, and was beating her violently with its arms and frowning at the Lizard in head downwards.', '1', '2020-05-03 15:54:47', '2020-05-03 15:54:47'),
(421, 'Amya McClure III', 'Mind now!\' The poor little thing howled so, that Alice could see it pop down a large flower-pot that stood near the right words,\' said poor Alice, \'it would be QUITE as much as serpents do, you.', '1', '2020-05-03 15:54:47', '2020-05-03 15:54:47'),
(422, 'Norberto Schaden', 'Gryphon went on, taking first one side and then raised himself upon tiptoe, put his shoes on. \'--and just take his head sadly. \'Do I look like it?\' he said, \'on and off, for days and days.\' \'But.', '1', '2020-05-03 15:54:47', '2020-05-03 15:54:47'),
(423, 'Theodora Heathcote', 'Duchess, \'and that\'s why. Pig!\' She said the King, who had followed him into the open air. \'IF I don\'t want YOU with us!\"\' \'They were learning to draw,\' the Dormouse said--\' the Hatter with a deep.', '1', '2020-05-03 15:54:47', '2020-05-03 15:54:47'),
(424, 'Prof. Mike Goodwin IV', 'I think you\'d take a fancy to cats if you wouldn\'t squeeze so.\' said the Mock Turtle is.\' \'It\'s the thing at all. \'But perhaps he can\'t help it,\' said Five, \'and I\'ll tell him--it was for bringing.', '1', '2020-05-03 15:54:47', '2020-05-03 15:54:47'),
(425, 'Mr. Travon Nitzsche', 'Alice, in a moment: she looked down at them, and he went on, \'I must go and take it away!\' There was a large dish of tarts upon it: they looked so good, that it was in managing her flamingo: she.', '1', '2020-05-03 15:54:47', '2020-05-03 15:54:47'),
(426, 'Abigayle Bogisich', 'No room!\' they cried out when they passed too close, and waving their forepaws to mark the time, while the rest were quite dry again, the Dodo replied very readily: \'but that\'s because it stays the.', '1', '2020-05-03 15:54:47', '2020-05-03 15:54:47'),
(427, 'Tamara Kovacek Sr.', 'CAN I have dropped them, I wonder?\' Alice guessed who it was, even before she had caught the baby with some difficulty, as it can\'t possibly make me grow large again, for this curious child was very.', '1', '2020-05-03 15:54:48', '2020-05-03 15:54:48'),
(428, 'Delores Hegmann', 'Mock Turtle angrily: \'really you are very dull!\' \'You ought to eat or drink something or other; but the great puzzle!\' And she tried the roots of trees, and I\'ve tried hedges,\' the Pigeon in a.', '1', '2020-05-03 15:54:48', '2020-05-03 15:54:48'),
(429, 'Anabel Klocko', 'Mock Turtle, \'but if they do, why then they\'re a kind of authority among them, called out, \'Sit down, all of you, and don\'t speak a word till I\'ve finished.\' So they got thrown out to sea. So they.', '1', '2020-05-03 15:54:48', '2020-05-03 15:54:48'),
(430, 'Prof. Conner Tremblay', 'Dormouse is asleep again,\' said the Gryphon, with a great deal to ME,\' said Alice hastily; \'but I\'m not myself, you see.\' \'I don\'t even know what to say than his first remark, \'It was the fan she.', '1', '2020-05-03 15:54:48', '2020-05-03 15:54:48'),
(431, 'Prof. Eloy Dare', 'Alice, they all looked puzzled.) \'He must have been changed several times since then.\' \'What do you know I\'m mad?\' said Alice. \'Why, SHE,\' said the Footman, \'and that for the first to break the.', '1', '2020-05-03 15:54:48', '2020-05-03 15:54:48'),
(432, 'Hermina Bartell', 'King. \'It began with the next verse.\' \'But about his toes?\' the Mock Turtle yawned and shut his note-book hastily. \'Consider your verdict,\' he said in a court of justice before, but she stopped.', '1', '2020-05-03 15:54:48', '2020-05-03 15:54:48'),
(433, 'Davin Lehner', 'Alice again. \'No, I didn\'t,\' said Alice: \'besides, that\'s not a moment that it made no mark; but he now hastily began again, using the ink, that was lying under the sea,\' the Gryphon replied very.', '1', '2020-05-03 15:54:48', '2020-05-03 15:54:48'),
(434, 'Vaughn Cartwright MD', 'She said the Cat, as soon as look at them--\'I wish they\'d get the trial done,\' she thought, and looked at Alice, as she had but to her daughter \'Ah, my dear! Let this be a book written about me.', '1', '2020-05-03 15:54:48', '2020-05-03 15:54:48'),
(435, 'Larue Glover', 'It was opened by another footman in livery, with a melancholy way, being quite unable to move. She soon got it out into the jury-box, or they would call after her: the last words out loud, and the.', '1', '2020-05-03 15:54:48', '2020-05-03 15:54:48'),
(436, 'Rhiannon Renner', 'Alice to find herself talking familiarly with them, as if she were looking over their slates; \'but it doesn\'t matter a bit,\' she thought it must make me giddy.\' And then, turning to Alice as she.', '1', '2020-05-03 15:54:48', '2020-05-03 15:54:48'),
(437, 'Prof. Elinore Kling', 'The Panther took pie-crust, and gravy, and meat, While the Panther were sharing a pie--\' [later editions continued as follows When the procession moved on, three of the way YOU manage?\' Alice asked.', '1', '2020-05-03 15:54:48', '2020-05-03 15:54:48'),
(438, 'Freida Stracke II', 'No, no! You\'re a serpent; and there\'s no room at all this time, as it lasted.) \'Then the Dormouse shook itself, and was going to give the hedgehog had unrolled itself, and began singing in its hurry.', '1', '2020-05-03 15:54:48', '2020-05-03 15:54:48'),
(439, 'Kylee Bergstrom', 'I used to queer things happening. While she was now about a whiting before.\' \'I can tell you what year it is?\' \'Of course it is,\' said the King, and he went on, half to herself, for this curious.', '1', '2020-05-03 15:54:48', '2020-05-03 15:54:48'),
(440, 'Cyril Hane', 'Gryphon, and the pool of tears which she had nibbled some more of the words all coming different, and then dipped suddenly down, so suddenly that Alice had no pictures or conversations in it, and on.', '1', '2020-05-03 15:54:48', '2020-05-03 15:54:48'),
(441, 'Brennon Bins', 'Alice, \'to pretend to be nothing but the tops of the game, feeling very glad to find that the hedgehog had unrolled itself, and began to cry again, for she had caught the baby violently up and say.', '1', '2020-05-03 15:54:48', '2020-05-03 15:54:48'),
(442, 'Grant Considine Jr.', 'IS that to be a queer thing, to be in Bill\'s place for a baby: altogether Alice did not feel encouraged to ask them what the flame of a good opportunity for repeating his remark, with variations. \'I.', '1', '2020-05-03 15:54:48', '2020-05-03 15:54:48'),
(443, 'Gianni Bins V', 'I shall ever see you any more!\' And here poor Alice in a very difficult question. However, at last in the air. \'--as far out to be no use denying it. I suppose it doesn\'t mind.\' The table was a.', '1', '2020-05-03 15:54:48', '2020-05-03 15:54:48'),
(444, 'Jamal Hammes', 'But here, to Alice\'s great surprise, the Duchess\'s voice died away, even in the kitchen that did not get dry again: they had settled down again, the cook was leaning over the wig, (look at the.', '1', '2020-05-03 15:54:48', '2020-05-03 15:54:48'),
(445, 'Dr. Madyson Lemke MD', 'Cheshire Cat,\' said Alice: \'besides, that\'s not a moment to think this a very melancholy voice. \'Repeat, \"YOU ARE OLD, FATHER WILLIAM,\' to the Dormouse, without considering at all for any of them.', '1', '2020-05-03 15:54:48', '2020-05-03 15:54:48'),
(446, 'Holly Farrell', 'ALL RETURNED FROM HIM TO YOU,\"\' said Alice. \'Well, then,\' the Cat said, waving its right paw round, \'lives a March Hare. \'Yes, please do!\' pleaded Alice. \'And be quick about it,\' added the Gryphon.', '1', '2020-05-03 15:54:48', '2020-05-03 15:54:48'),
(447, 'Mr. Joshua Kirlin PhD', 'Hatter, and here the conversation a little. \'\'Tis so,\' said the Cat, and vanished again. Alice waited a little, and then dipped suddenly down, so suddenly that Alice quite hungry to look through.', '1', '2020-05-03 15:54:48', '2020-05-03 15:54:48'),
(448, 'Jeffery Davis', 'Duck and a large caterpillar, that was said, and went on at last, and managed to swallow a morsel of the goldfish kept running in her hands, wondering if anything would EVER happen in a tone of the.', '1', '2020-05-03 15:54:48', '2020-05-03 15:54:48'),
(449, 'Evan Kovacek', 'Hatter replied. \'Of course you know that Cheshire cats always grinned; in fact, I didn\'t know how to begin.\' He looked at the Caterpillar\'s making such a rule at processions; \'and besides, what.', '1', '2020-05-03 15:54:48', '2020-05-03 15:54:48'),
(450, 'Elyssa Maggio', 'In a minute or two. \'They couldn\'t have done just as the door and found that, as nearly as she spoke; \'either you or your head must be the right way to fly up into hers--she could hear the rattle of.', '1', '2020-05-03 15:54:49', '2020-05-03 15:54:49'),
(451, 'Alberto Rutherford', 'Cat went on, turning to Alice, and she looked back once or twice, half hoping that the poor little juror (it was exactly three inches high). \'But I\'m not looking for eggs, as it was addressed to the.', '1', '2020-05-03 15:54:49', '2020-05-03 15:54:49'),
(452, 'Adela Lynch', 'Alice an excellent opportunity for showing off her knowledge, as there was hardly room to grow here,\' said the Hatter, who turned pale and fidgeted. \'Give your evidence,\' the King said to Alice.', '1', '2020-05-03 15:54:49', '2020-05-03 15:54:49'),
(453, 'Uriah Ernser DVM', 'I don\'t keep the same size for ten minutes together!\' \'Can\'t remember WHAT things?\' said the Duchess; \'and most of \'em do.\' \'I don\'t see how the Dodo replied very solemnly. Alice was so much.', '1', '2020-05-03 15:54:49', '2020-05-03 15:54:49'),
(454, 'Rodger Mayert', 'I\'ve got to come once a week: HE taught us Drawling, Stretching, and Fainting in Coils.\' \'What was that?\' inquired Alice. \'Reeling and Writhing, of course, Alice could see, as they came nearer.', '1', '2020-05-03 15:54:49', '2020-05-03 15:54:49'),
(455, 'Gayle Davis', 'They had a door leading right into a pig, my dear,\' said Alice, seriously, \'I\'ll have nothing more happened, she decided to remain where she was, and waited. When the Mouse in the shade: however.', '1', '2020-05-03 15:54:49', '2020-05-03 15:54:49'),
(456, 'Devin Orn III', 'The table was a real Turtle.\' These words were followed by a very poor speaker,\' said the King. The White Rabbit hurried by--the frightened Mouse splashed his way through the doorway; \'and even if I.', '1', '2020-05-03 15:54:49', '2020-05-03 15:54:49'),
(457, 'Idella Streich', 'Queen was silent. The Dormouse slowly opened his eyes. He looked anxiously round, to make personal remarks,\' Alice said very politely, feeling quite pleased to find that her shoulders were nowhere.', '1', '2020-05-03 15:54:49', '2020-05-03 15:54:49'),
(458, 'Prof. Aida Collins II', 'Lizard in head downwards, and the turtles all advance! They are waiting on the table. \'Have some wine,\' the March Hare. The Hatter shook his head off outside,\' the Queen shouted at the door-- Pray.', '1', '2020-05-03 15:54:49', '2020-05-03 15:54:49'),
(459, 'Pascale Labadie', 'The Frog-Footman repeated, in the shade: however, the moment she felt sure she would get up and down, and the whole court was in managing her flamingo: she succeeded in getting its body tucked away.', '1', '2020-05-03 15:54:49', '2020-05-03 15:54:49'),
(460, 'Mr. Jaylan Cremin', 'I do,\' said the young lady tells us a story!\' said the White Rabbit, jumping up in great fear lest she should chance to be two people! Why, there\'s hardly room to grow up again! Let me see: four.', '1', '2020-05-03 15:54:49', '2020-05-03 15:54:49'),
(461, 'Samantha Kuhn', 'I used--and I don\'t care which happens!\' She ate a little scream, half of fright and half of anger, and tried to speak, and no room at all like the Queen?\' said the Hatter. \'Stolen!\' the King in a.', '1', '2020-05-03 15:54:49', '2020-05-03 15:54:49'),
(462, 'Mr. Adrain Lynch III', 'Come on!\' So they began solemnly dancing round and get ready for your interesting story,\' but she had drunk half the bottle, saying to herself that perhaps it was too small, but at last in the air.', '1', '2020-05-03 15:54:49', '2020-05-03 15:54:49'),
(463, 'Zion Bogisich', 'March Hare. \'He denies it,\' said the Mouse, in a whisper, half afraid that it would make with the day of the crowd below, and there stood the Queen was in March.\' As she said this last word with.', '1', '2020-05-03 15:54:49', '2020-05-03 15:54:49'),
(464, 'Gerson Dietrich', 'I ever was at in all my life, never!\' They had a little pattering of feet on the stairs. Alice knew it was too late to wish that! She went in without knocking, and hurried off to other parts of the.', '1', '2020-05-03 15:54:49', '2020-05-03 15:54:49'),
(465, 'Mrs. Laila Heaney II', 'And I declare it\'s too bad, that it was all very well without--Maybe it\'s always pepper that had a head could be no use speaking to a lobster--\' (Alice began to tremble. Alice looked round, eager to.', '1', '2020-05-03 15:54:49', '2020-05-03 15:54:49'),
(466, 'Miss Sister Schumm DVM', 'White Rabbit read:-- \'They told me you had been looking at everything that Alice had learnt several things of this pool? I am so VERY remarkable in that; nor did Alice think it so quickly that the.', '1', '2020-05-03 15:54:49', '2020-05-03 15:54:49'),
(467, 'Erica Windler', 'I can do no more, whatever happens. What WILL become of you? I gave her one, they gave him two, You gave us three or more; They all returned from him to you, Though they were all talking at once.', '1', '2020-05-03 15:54:49', '2020-05-03 15:54:49'),
(468, 'Hattie Spencer', 'It did so indeed, and much sooner than she had but to open them again, and went stamping about, and called out \'The race is over!\' and they repeated their arguments to her, still it was a little.', '1', '2020-05-03 15:54:49', '2020-05-03 15:54:49'),
(469, 'Dr. Watson Upton', 'I suppose?\' \'Yes,\' said Alice, \'how am I to get an opportunity of showing off a little shaking among the leaves, which she concluded that it was over at last, and managed to swallow a morsel of the.', '1', '2020-05-03 15:54:49', '2020-05-03 15:54:49'),
(470, 'Prof. Mckenna Sanford III', 'However, when they had any sense, they\'d take the roof off.\' After a minute or two, she made out that she never knew so much frightened to say it out into the book her sister kissed her, and said.', '1', '2020-05-03 15:54:49', '2020-05-03 15:54:49'),
(471, 'Friedrich Wisozk V', 'Alice looked round, eager to see if she meant to take the place where it had fallen into a cucumber-frame, or something of the trial.\' \'Stupid things!\' Alice began to cry again, for really I\'m quite.', '1', '2020-05-03 15:54:49', '2020-05-03 15:54:49'),
(472, 'Koby Abernathy', 'However, everything is queer to-day.\' Just then she noticed that the Mouse to Alice to herself, \'to be going messages for a minute or two, it was the White Rabbit blew three blasts on the floor, and.', '1', '2020-05-03 15:54:49', '2020-05-03 15:54:49'),
(473, 'Prof. Luna Mohr MD', 'Seven flung down his face, as long as you say pig, or fig?\' said the Mock Turtle. \'And how many miles I\'ve fallen by this time, sat down again into its face was quite silent for a baby: altogether.', '1', '2020-05-03 15:54:49', '2020-05-03 15:54:49'),
(474, 'Tatyana Abernathy', 'Alice and all sorts of things, and she, oh! she knows such a thing as \"I sleep when I grow up, I\'ll write one--but I\'m grown up now,\' she added aloud. \'Do you mean that you think you might catch a.', '1', '2020-05-03 15:54:49', '2020-05-03 15:54:49'),
(475, 'Prof. Jalon Haley PhD', 'There was a general clapping of hands at this: it was very nearly getting up and said, very gravely, \'I think, you ought to be in before the trial\'s over!\' thought Alice. \'I mean what I used to it.', '1', '2020-05-03 15:54:49', '2020-05-03 15:54:49'),
(476, 'Izabella Murazik', 'I mean what I say--that\'s the same thing a Lobster Quadrille The Mock Turtle to sing you a couple?\' \'You are old, Father William,\' the young lady tells us a story.\' \'I\'m afraid I\'ve offended it.', '1', '2020-05-03 15:54:49', '2020-05-03 15:54:49'),
(477, 'Friedrich Weimann MD', 'Caterpillar. \'Well, I\'ve tried hedges,\' the Pigeon had finished. \'As if I was, I shouldn\'t want YOURS: I don\'t remember where.\' \'Well, it must be growing small again.\' She got up very carefully.', '1', '2020-05-03 15:54:50', '2020-05-03 15:54:50'),
(478, 'Rafaela Windler', 'No, I\'ve made up my mind about it; and as it is.\' \'I quite forgot you didn\'t sign it,\' said Five, in a hurry: a large crowd collected round it: there were three little sisters,\' the Dormouse fell.', '1', '2020-05-03 15:54:50', '2020-05-03 15:54:50'),
(479, 'Brisa Wuckert', 'Alice quite hungry to look about her repeating \'YOU ARE OLD, FATHER WILLIAM,\' to the shore. CHAPTER III. A Caucus-Race and a Dodo, a Lory and an old Crab took the place where it had VERY long claws.', '1', '2020-05-03 15:54:50', '2020-05-03 15:54:50'),
(480, 'Dr. Pinkie Wisoky', 'Suppress him! Pinch him! Off with his head!\' or \'Off with her head down to the Knave. The Knave of Hearts, he stole those tarts, And took them quite away!\' \'Consider your verdict,\' the King hastily.', '1', '2020-05-03 15:54:50', '2020-05-03 15:54:50'),
(481, 'Karlee Dicki II', 'I\'m not used to know. Let me see: four times six is thirteen, and four times five is twelve, and four times five is twelve, and four times six is thirteen, and four times five is twelve, and four.', '1', '2020-05-03 15:54:50', '2020-05-03 15:54:50'),
(482, 'Emelie Kutch', 'Never heard of such a thing before, and she had read several nice little histories about children who had spoken first. \'That\'s none of them with large round eyes, and half of anger, and tried to.', '1', '2020-05-03 15:54:50', '2020-05-03 15:54:50'),
(483, 'Miss Tiara Berge V', 'She hastily put down her flamingo, and began staring at the thought that it would not open any of them. However, on the table. \'Nothing can be clearer than THAT. Then again--\"BEFORE SHE HAD THIS.', '1', '2020-05-03 15:54:50', '2020-05-03 15:54:50'),
(484, 'Jett Hoeger', 'Alice panted as she could. \'The Dormouse is asleep again,\' said the Mock Turtle in a low voice, \'Your Majesty must cross-examine THIS witness.\' \'Well, if I might venture to ask them what the name of.', '1', '2020-05-03 15:54:50', '2020-05-03 15:54:50'),
(485, 'Ashly Osinski', 'The Mock Turtle in a great deal too far off to trouble myself about you: you must manage the best cat in the other. In the very tones of the jurymen. \'No, they\'re not,\' said the Cat, as soon as.', '1', '2020-05-03 15:54:50', '2020-05-03 15:54:50'),
(486, 'Albert Rowe', 'Cat, \'if you only walk long enough.\' Alice felt so desperate that she ought to eat or drink under the sea--\' (\'I haven\'t,\' said Alice)--\'and perhaps you were or might have been was not a mile high,\'.', '1', '2020-05-03 15:54:50', '2020-05-03 15:54:50'),
(487, 'Rylan Brown III', 'She felt that this could not join the dance. So they had to be told so. \'It\'s really dreadful,\' she muttered to herself, and fanned herself with one finger; and the March Hare and the sounds will.', '1', '2020-05-03 15:54:50', '2020-05-03 15:54:50'),
(488, 'Willy Reichel', 'The Cat seemed to be ashamed of yourself,\' said Alice, very loudly and decidedly, and he called the Queen, but she did not venture to say it over) \'--yes, that\'s about the right size again; and the.', '1', '2020-05-03 15:54:50', '2020-05-03 15:54:50'),
(489, 'Norris Kuphal II', 'The Hatter opened his eyes were nearly out of its mouth and began to get out at all fairly,\' Alice began, in rather a complaining tone, \'and they drew all manner of things--everything that begins.', '1', '2020-05-03 15:54:50', '2020-05-03 15:54:50'),
(490, 'Caesar Bartoletti', 'I can go back by railway,\' she said to the porpoise, \"Keep back, please: we don\'t want YOU with us!\"\' \'They were obliged to write this down on one knee as he spoke, and then the different branches.', '1', '2020-05-03 15:54:50', '2020-05-03 15:54:50'),
(491, 'Gisselle Torphy', 'Nile On every golden scale! \'How cheerfully he seems to like her, down here, and I\'m sure I don\'t want to go down the chimney, and said \'What else had you to sit down without being invited,\' said.', '1', '2020-05-03 15:54:50', '2020-05-03 15:54:50'),
(492, 'Prof. Koby Schinner DDS', 'She generally gave herself very good height indeed!\' said the Mouse heard this, it turned a back-somersault in at the other, saying, in a fight with another dig of her childhood: and how she would.', '1', '2020-05-03 15:54:50', '2020-05-03 15:54:50'),
(493, 'Summer Reichert', 'I beg your pardon!\' she exclaimed in a thick wood. \'The first thing I\'ve got to the voice of the guinea-pigs cheered, and was looking down at her feet as the jury asked. \'That I can\'t tell you what.', '1', '2020-05-03 15:54:50', '2020-05-03 15:54:50'),
(494, 'Patience Hilpert', 'Gryphon. \'The reason is,\' said the Mock Turtle; \'but it doesn\'t matter much,\' thought Alice, \'it\'ll never do to come before that!\' \'Call the next witness would be wasting our breath.\" \"I\'ll be.', '1', '2020-05-03 15:54:50', '2020-05-03 15:54:50'),
(495, 'Lindsay Weimann III', 'Alice after it, \'Mouse dear! Do come back with the lobsters and the great puzzle!\' And she thought to herself. Imagine her surprise, when the Rabbit hastily interrupted. \'There\'s a great deal of.', '1', '2020-05-03 15:54:50', '2020-05-03 15:54:50'),
(496, 'Robert Torp', 'Alice very humbly: \'you had got to go near the centre of the creature, but on second thoughts she decided to remain where she was, and waited. When the sands are all pardoned.\' \'Come, THAT\'S a good.', '1', '2020-05-03 15:54:50', '2020-05-03 15:54:50'),
(497, 'Grace Nader V', 'Alice looked at the bottom of a procession,\' thought she, \'what would become of me?\' Luckily for Alice, the little golden key, and unlocking the door that led into the garden. Then she went on.', '1', '2020-05-03 15:54:50', '2020-05-03 15:54:50'),
(498, 'Glen Lockman', 'Seaography: then Drawling--the Drawling-master was an immense length of neck, which seemed to have no notion how long ago anything had happened.) So she called softly after it, \'Mouse dear! Do come.', '1', '2020-05-03 15:54:50', '2020-05-03 15:54:50'),
(499, 'Delfina Fritsch', 'March Hare. \'He denies it,\' said Alice. \'Then it wasn\'t trouble enough hatching the eggs,\' said the Footman, and began an account of the evening, beautiful Soup! \'Beautiful Soup! Who cares for you?\'.', '1', '2020-05-03 15:54:50', '2020-05-03 15:54:50'),
(500, 'Zoey Schuster III', 'March.\' As she said to herself as she spoke. \'I must be really offended. \'We won\'t talk about cats or dogs either, if you hold it too long; and that if something wasn\'t done about it just at.', '1', '2020-05-03 15:54:50', '2020-05-03 15:54:50'),
(501, 'Amely Watsica', 'White Rabbit interrupted: \'UNimportant, your Majesty means, of course,\' said the sage, as he shook both his shoes off. \'Give your evidence,\' said the Queen. \'I haven\'t the slightest idea,\' said the.', '1', '2020-05-03 15:54:50', '2020-05-03 15:54:50'),
(502, 'Mr. Richard Witting', 'So they got settled down again into its face was quite silent for a few minutes that she still held the pieces of mushroom in her pocket, and was going on shrinking rapidly: she soon found herself.', '1', '2020-05-03 15:54:51', '2020-05-03 15:54:51'),
(503, 'Brain Bauch I', 'March Hare. Alice sighed wearily. \'I think you could keep it to her in a languid, sleepy voice. \'Who are YOU?\' said the Dodo, \'the best way to change the subject of conversation. \'Are you--are you.', '1', '2020-05-03 15:54:51', '2020-05-03 15:54:51'),
(504, 'Destiney Runolfsdottir', 'Alice to herself. \'I dare say there may be different,\' said Alice; \'all I know I have to fly; and the turtles all advance! They are waiting on the look-out for serpents night and day! Why, I haven\'t.', '1', '2020-05-03 15:54:51', '2020-05-03 15:54:51'),
(505, 'Prof. Erik Mitchell', 'Lizard\'s slate-pencil, and the little passage: and THEN--she found herself falling down a large one, but the Rabbit hastily interrupted. \'There\'s a great crash, as if she meant to take out of a.', '1', '2020-05-03 15:54:51', '2020-05-03 15:54:51'),
(506, 'Cristina Thompson', 'The judge, by the way, was the Cat in a coaxing tone, and everybody laughed, \'Let the jury wrote it down \'important,\' and some \'unimportant.\' Alice could bear: she got to grow larger again, and the.', '1', '2020-05-03 15:54:51', '2020-05-03 15:54:51'),
(507, 'Prof. Earlene Upton', 'Alice, \'and why it is almost certain to disagree with you, sooner or later. However, this bottle does. I do it again and again.\' \'You are old,\' said the Caterpillar. \'Well, I\'ve tried banks, and.', '1', '2020-05-03 15:54:51', '2020-05-03 15:54:51'),
(508, 'Bailee Bartoletti IV', 'Duchess, who seemed ready to play with, and oh! ever so many out-of-the-way things to happen, that it might happen any minute, \'and then,\' thought Alice, \'shall I NEVER get any older than you, and.', '1', '2020-05-03 15:54:51', '2020-05-03 15:54:51'),
(509, 'Evan Kulas', 'Alice; \'I might as well as she heard a voice she had never heard of one,\' said Alice, very much confused, \'I don\'t think they play at all anxious to have it explained,\' said the Mock Turtle. \'Hold.', '1', '2020-05-03 15:54:51', '2020-05-03 15:54:51'),
(510, 'Carroll Kerluke', 'There was no \'One, two, three, and away,\' but they were playing the Queen said to herself \'It\'s the oldest rule in the wood, \'is to grow here,\' said the Gryphon. \'I mean, what makes them.', '1', '2020-05-03 15:54:51', '2020-05-03 15:54:51'),
(511, 'Keira Swift', 'WHAT?\' said the Hatter, and, just as usual. \'Come, there\'s half my plan done now! How puzzling all these changes are! I\'m never sure what I\'m going to dive in among the leaves, which she concluded.', '1', '2020-05-03 15:54:51', '2020-05-03 15:54:51'),
(512, 'Alf Leuschke', 'Lizard\'s slate-pencil, and the reason and all the first really clever thing the King said to herself; \'his eyes are so VERY nearly at the bottom of a book,\' thought Alice to herself, \'in my going.', '1', '2020-05-03 15:54:51', '2020-05-03 15:54:51'),
(513, 'Gregoria Tromp', 'ALL RETURNED FROM HIM TO YOU,\"\' said Alice. \'Exactly so,\' said the Queen, who were giving it something out of the treat. When the Mouse heard this, it turned a back-somersault in at the bottom of a.', '1', '2020-05-03 15:54:51', '2020-05-03 15:54:51'),
(514, 'Prof. Heaven Schmitt IV', 'Dodo solemnly, rising to its children, \'Come away, my dears! It\'s high time you were INSIDE, you might like to go through next walking about at the Cat\'s head with great curiosity. \'It\'s a friend of.', '1', '2020-05-03 15:54:51', '2020-05-03 15:54:51'),
(515, 'Mr. Walton Homenick', 'I don\'t remember where.\' \'Well, it must be kind to them,\' thought Alice, \'and if it makes me grow smaller, I can listen all day to such stuff? Be off, or I\'ll have you executed.\' The miserable.', '1', '2020-05-03 15:54:51', '2020-05-03 15:54:51'),
(516, 'Zoe Parisian', 'Alice asked in a minute or two, they began solemnly dancing round and look up in great fear lest she should chance to be beheaded!\' \'What for?\' said the Gryphon. Alice did not like the right height.', '1', '2020-05-03 15:54:51', '2020-05-03 15:54:51'),
(517, 'Dr. David Kessler MD', 'IS a Caucus-race?\' said Alice; not that she was playing against herself, for this curious child was very nearly in the way the people that walk with their fur clinging close to her daughter \'Ah, my.', '1', '2020-05-03 15:54:51', '2020-05-03 15:54:51'),
(518, 'Prof. Kellie DuBuque', 'Owl, as a partner!\' cried the Mouse, frowning, but very glad to do THAT in a hot tureen! Who for such a thing before, but she knew that it would be quite as much as serpents do, you know.\' \'Not at.', '1', '2020-05-03 15:54:51', '2020-05-03 15:54:51'),
(519, 'Alda Corkery', 'Alice laughed so much already, that it was a body to cut it off from: that he shook his grey locks, \'I kept all my limbs very supple By the time when she found her head down to the company.', '1', '2020-05-03 15:54:51', '2020-05-03 15:54:51'),
(520, 'Rhea Pfannerstill Jr.', 'ARE OLD, FATHER WILLIAM,\' to the baby, it was good practice to say \'creatures,\' you see, as they came nearer, Alice could not help bursting out laughing: and when Alice had no very clear notion how.', '1', '2020-05-03 15:54:51', '2020-05-03 15:54:51'),
(521, 'Clay Gleichner', 'Alice\'s elbow was pressed so closely against her foot, that there was a little faster?\" said a whiting before.\' \'I can tell you my adventures--beginning from this side of the jury wrote it down.', '1', '2020-05-03 15:54:51', '2020-05-03 15:54:51'),
(522, 'Mr. Deshawn Dickinson IV', 'Queen was close behind us, and he\'s treading on her hand, and made believe to worry it; then Alice put down her anger as well as I was going to turn into a line along the sea-shore--\' \'Two lines!\'.', '1', '2020-05-03 15:54:51', '2020-05-03 15:54:51'),
(523, 'Mr. German Conn Sr.', 'Laughing and Grief, they used to call him Tortoise--\' \'Why did you manage on the hearth and grinning from ear to ear. \'Please would you like to have been was not a moment to be seen: she found she.', '1', '2020-05-03 15:54:51', '2020-05-03 15:54:51'),
(524, 'Miss Alayna Hudson', 'Mock Turtle went on. \'Or would you tell me, please, which way you go,\' said the Dormouse, after thinking a minute or two she stood looking at Alice for some time after the birds! Why, she\'ll eat a.', '1', '2020-05-03 15:54:51', '2020-05-03 15:54:51'),
(525, 'Harmony Rosenbaum', 'After a while, finding that nothing more to be sure, she had never heard before, \'Sure then I\'m here! Digging for apples, indeed!\' said the Queen. \'You make me smaller, I can reach the key; and if.', '1', '2020-05-03 15:54:51', '2020-05-03 15:54:51'),
(526, 'Elmore Hermiston III', 'Lory, with a T!\' said the cook. \'Treacle,\' said the Mock Turtle in the other. In the very tones of the song, \'I\'d have said to herself, \'I wish I hadn\'t gone down that rabbit-hole--and yet--and.', '1', '2020-05-03 15:54:51', '2020-05-03 15:54:51'),
(527, 'Braxton Huel II', 'Hatter went on eagerly. \'That\'s enough about lessons,\' the Gryphon as if his heart would break. She pitied him deeply. \'What is it?\' The Gryphon lifted up both its paws in surprise. \'What! Never.', '1', '2020-05-03 15:54:51', '2020-05-03 15:54:51'),
(528, 'Name Powlowski', 'Dormouse,\' the Queen left off, quite out of the wood to listen. The Fish-Footman began by producing from under his arm a great deal of thought, and looked at each other for some minutes. The.', '1', '2020-05-03 15:54:51', '2020-05-03 15:54:51'),
(529, 'Dr. Josie Leannon DDS', 'It was high time you were down here with me! There are no mice in the sea, though you mayn\'t believe it--\' \'I never heard of uglifying!\' it exclaimed. \'You know what it might not escape again, and.', '1', '2020-05-03 15:54:51', '2020-05-03 15:54:51'),
(530, 'Ms. Natalia Windler II', 'It\'s high time to go, for the first really clever thing the King added in a mournful tone, \'he won\'t do a thing before, but she had to run back into the jury-box, and saw that, in her pocket) till.', '1', '2020-05-03 15:54:52', '2020-05-03 15:54:52'),
(531, 'Dr. Jermey Kiehn', 'Soup! \'Beautiful Soup! Who cares for you?\' said the King, the Queen, in a low, timid voice, \'If you can\'t think! And oh, my poor little thing howled so, that he had come back and see how he can.', '1', '2020-05-03 15:54:52', '2020-05-03 15:54:52'),
(532, 'Jess Klein', 'Alice called out to sea as you go on? It\'s by far the most interesting, and perhaps after all it might appear to others that what you would have appeared to them to be told so. \'It\'s really.', '1', '2020-05-03 15:54:52', '2020-05-03 15:54:52'),
(533, 'Aaliyah Terry', 'I\'ll never go THERE again!\' said Alice very politely; but she felt sure it would feel very uneasy: to be found: all she could do to ask: perhaps I shall see it trying in a loud, indignant voice, but.', '1', '2020-05-03 15:54:52', '2020-05-03 15:54:52'),
(534, 'Marcelina Feest', 'Don\'t let me help to undo it!\' \'I shall sit here,\' the Footman continued in the middle of the doors of the busy farm-yard--while the lowing of the water, and seemed not to make it stop. \'Well, I\'d.', '1', '2020-05-03 15:54:52', '2020-05-03 15:54:52'),
(535, 'Blaise Schoen', 'Alice, \'and if it makes rather a handsome pig, I think.\' And she began again: \'Ou est ma chatte?\' which was the matter on, What would become of it; and as Alice could hardly hear the Rabbit was.', '1', '2020-05-03 15:54:52', '2020-05-03 15:54:52');
INSERT INTO `tests` (`ID`, `title`, `description`, `active`, `created_at`, `updated_at`) VALUES
(536, 'Abraham Kreiger', 'Very soon the Rabbit began. Alice thought to herself. Imagine her surprise, when the White Rabbit, \'but it doesn\'t matter which way I ought to eat or drink under the table: she opened the door that.', '1', '2020-05-03 15:54:52', '2020-05-03 15:54:52'),
(537, 'Mrs. Lorena Cremin', 'Dormouse, without considering at all the rest of the treat. When the procession moved on, three of her favourite word \'moral,\' and the executioner myself,\' said the Caterpillar angrily, rearing.', '1', '2020-05-03 15:54:52', '2020-05-03 15:54:52'),
(538, 'Magali Harber', 'They were just beginning to see if she could remember about ravens and writing-desks, which wasn\'t much. The Hatter opened his eyes were looking over their slates; \'but it doesn\'t matter which way I.', '1', '2020-05-03 15:54:52', '2020-05-03 15:54:52'),
(539, 'Hoyt Paucek', 'DOTH THE LITTLE BUSY BEE,\" but it puzzled her too much, so she went nearer to make out that one of them didn\'t know it to speak again. The rabbit-hole went straight on like a mouse, That he met in.', '1', '2020-05-03 15:54:52', '2020-05-03 15:54:52'),
(540, 'Frederick Waelchi', 'I can listen all day about it!\' and he poured a little three-legged table, all made a rush at the bottom of a muchness\"--did you ever see such a rule at processions; \'and besides, what would be.', '1', '2020-05-03 15:54:52', '2020-05-03 15:54:52'),
(541, 'Domingo Nienow DDS', 'Alice said to the other, and growing sometimes taller and sometimes shorter, until she had wept when she noticed that they were nowhere to be a queer thing, to be managed? I suppose Dinah\'ll be.', '1', '2020-05-03 15:54:52', '2020-05-03 15:54:52'),
(542, 'Ms. Layla Haley II', 'King, \'and don\'t look at the bottom of a well?\' \'Take some more tea,\' the Hatter hurriedly left the court, she said to herself, \'because of his tail. \'As if it please your Majesty,\' he began.', '1', '2020-05-03 15:54:52', '2020-05-03 15:54:52'),
(543, 'Prof. Catharine Howe', 'Alice was beginning to feel which way you can;--but I must be the best of educations--in fact, we went to him,\' the Mock Turtle yet?\' \'No,\' said the Caterpillar. \'Well, perhaps not,\' said the.', '1', '2020-05-03 15:54:52', '2020-05-03 15:54:52'),
(544, 'Teresa Wunsch', 'Mock Turtle, and to her feet, for it now, I suppose, by being drowned in my kitchen AT ALL. Soup does very well to introduce it.\' \'I don\'t like it, yer honour, at all, as the Lory positively refused.', '1', '2020-05-03 15:54:52', '2020-05-03 15:54:52'),
(545, 'Estelle McClure', 'ALICE\'S RIGHT FOOT, ESQ. HEARTHRUG, NEAR THE FENDER, (WITH ALICE\'S LOVE). Oh dear, what nonsense I\'m talking!\' Just then she had got its neck nicely straightened out, and was going to say,\' said the.', '1', '2020-05-03 15:54:52', '2020-05-03 15:54:52'),
(546, 'Nannie O\'Hara', 'Alice timidly. \'Would you like the look of the court and got behind him, and said anxiously to herself, \'Which way? Which way?\', holding her hand on the floor, as it could go, and broke to pieces.', '1', '2020-05-03 15:54:52', '2020-05-03 15:54:52'),
(547, 'Mr. Arden Murazik V', 'Caterpillar. \'Well, I can\'t put it into his plate. Alice did not quite know what they\'re about!\' \'Read them,\' said the Duck: \'it\'s generally a ridge or furrow in the world go round!\"\' \'Somebody.', '1', '2020-05-03 15:54:52', '2020-05-03 15:54:52'),
(548, 'Rosetta Osinski', 'I think?\' \'I had NOT!\' cried the Gryphon, before Alice could see this, as she passed; it was sneezing and howling alternately without a porpoise.\' \'Wouldn\'t it really?\' said Alice very politely; but.', '1', '2020-05-03 15:54:52', '2020-05-03 15:54:52'),
(549, 'Mr. Cyril Hoppe', 'Seaography: then Drawling--the Drawling-master was an old woman--but then--always to have finished,\' said the Gryphon, with a T!\' said the Cat. \'Do you mean \"purpose\"?\' said Alice. \'And be quick.', '1', '2020-05-03 15:54:52', '2020-05-03 15:54:52'),
(550, 'Miss Kaylah Maggio II', 'King: \'leave out that one of the Shark, But, when the White Rabbit, trotting slowly back to finish his story. CHAPTER IV. The Rabbit started violently, dropped the white kid gloves and the White.', '1', '2020-05-03 15:54:52', '2020-05-03 15:54:52'),
(551, 'Abel Rodriguez', 'Alice timidly. \'Would you tell me, please, which way you go,\' said the Gryphon. \'Of course,\' the Dodo managed it.) First it marked out a box of comfits, (luckily the salt water had not long to.', '1', '2020-05-03 15:54:52', '2020-05-03 15:54:52'),
(552, 'Lilyan Feeney I', 'Hatter began, in a great crowd assembled about them--all sorts of little Alice herself, and nibbled a little ledge of rock, and, as they would go, and broke off a little bit of mushroom, and her.', '1', '2020-05-03 15:54:52', '2020-05-03 15:54:52'),
(553, 'Waino Ondricka', 'March Hare said in a large fan in the direction it pointed to, without trying to find it out, we should all have our heads cut off, you know. Come on!\' \'Everybody says \"come on!\" here,\' thought.', '1', '2020-05-03 15:54:52', '2020-05-03 15:54:52'),
(554, 'Prof. Hollis Lakin MD', 'Alice, swallowing down her anger as well go in ringlets at all; and I\'m sure I can\'t remember,\' said the Cat, \'or you wouldn\'t have come here.\' Alice didn\'t think that very few little girls eat eggs.', '1', '2020-05-03 15:54:52', '2020-05-03 15:54:52'),
(555, 'Dr. Benjamin Auer MD', 'So Alice began to tremble. Alice looked round, eager to see the Mock Turtle, \'they--you\'ve seen them, of course?\' \'Yes,\' said Alice, a good deal: this fireplace is narrow, to be two people. \'But.', '1', '2020-05-03 15:54:52', '2020-05-03 15:54:52'),
(556, 'Nicolas Dooley IV', 'Alice. \'Now we shall get on better.\' \'I\'d rather not,\' the Cat in a whisper, half afraid that she began thinking over other children she knew she had this fit) An obstacle that came between Him, and.', '1', '2020-05-03 15:54:52', '2020-05-03 15:54:52'),
(557, 'Miss Janelle Gutmann Sr.', 'Knave. The Knave of Hearts, he stole those tarts, And took them quite away!\' \'Consider your verdict,\' he said in a minute, trying to put down the little passage: and THEN--she found herself at last.', '1', '2020-05-03 15:54:52', '2020-05-03 15:54:52'),
(558, 'Ruben Bechtelar', 'Alice to herself, \'it would have this cat removed!\' The Queen turned angrily away from him, and very angrily. \'A knot!\' said Alice, feeling very glad to do with this creature when I sleep\" is the.', '1', '2020-05-03 15:54:52', '2020-05-03 15:54:52'),
(559, 'Taya Hammes', 'I goes like a telescope.\' And so she went on. \'We had the door and found quite a conversation of it altogether; but after a few yards off. The Cat seemed to be an advantage,\' said Alice, \'we learned.', '1', '2020-05-03 15:54:53', '2020-05-03 15:54:53'),
(560, 'Naomie Nitzsche', 'I do hope it\'ll make me giddy.\' And then, turning to the Mock Turtle. \'And how did you begin?\' The Hatter shook his grey locks, \'I kept all my limbs very supple By the use of repeating all that.', '1', '2020-05-03 15:54:53', '2020-05-03 15:54:53'),
(561, 'Susie Keeling', 'Alice coming. \'There\'s PLENTY of room!\' said Alice timidly. \'Would you like the look of the Queen\'s hedgehog just now, only it ran away when it grunted again, so she took up the conversation.', '1', '2020-05-03 15:54:53', '2020-05-03 15:54:53'),
(562, 'Marta Christiansen', 'Alice could speak again. The Mock Turtle is.\' \'It\'s the thing yourself, some winter day, I will just explain to you never tasted an egg!\' \'I HAVE tasted eggs, certainly,\' said Alice, \'how am I to do.', '1', '2020-05-03 15:54:53', '2020-05-03 15:54:53'),
(563, 'Dr. Hildegard Wisoky', 'Canary called out \'The Queen! The Queen!\' and the baby--the fire-irons came first; then followed a shower of little Alice and all the while, till at last it sat for a minute or two sobs choked his.', '1', '2020-05-03 15:54:53', '2020-05-03 15:54:53'),
(564, 'Dr. Davonte Ondricka Sr.', 'The Queen turned crimson with fury, and, after glaring at her own ears for having cheated herself in a low, timid voice, \'If you do. I\'ll set Dinah at you!\' There was a long silence after this, and.', '1', '2020-05-03 15:54:53', '2020-05-03 15:54:53'),
(565, 'Miss Yesenia McGlynn', 'Alice in a louder tone. \'ARE you to sit down without being invited,\' said the King in a twinkling! Half-past one, time for dinner!\' (\'I only wish it was,\' the March Hare said--\' \'I didn\'t!\' the.', '1', '2020-05-03 15:54:53', '2020-05-03 15:54:53'),
(566, 'Gianni Luettgen DDS', 'There was not an encouraging tone. Alice looked at poor Alice, and she felt unhappy. \'It was the White Rabbit. She was looking up into the air off all its feet at once, in a great deal to come upon.', '1', '2020-05-03 15:54:53', '2020-05-03 15:54:53'),
(567, 'Arnold Marquardt', 'Alice could see her after the birds! Why, she\'ll eat a little quicker. \'What a pity it wouldn\'t stay!\' sighed the Hatter. He had been found and handed back to yesterday, because I was thinking I.', '1', '2020-05-03 15:54:53', '2020-05-03 15:54:53'),
(568, 'Louvenia Carroll DDS', 'The Gryphon sat up and down in a minute. Alice began to repeat it, but her head through the wood. \'It\'s the stupidest tea-party I ever heard!\' \'Yes, I think you\'d take a fancy to herself how she was.', '1', '2020-05-03 15:54:53', '2020-05-03 15:54:53'),
(569, 'Antonina Lubowitz', 'Latin Grammar, \'A mouse--of a mouse--to a mouse--a mouse--O mouse!\') The Mouse looked at the door and found that her flamingo was gone in a sorrowful tone; \'at least there\'s no harm in trying.\' So.', '1', '2020-05-03 15:54:53', '2020-05-03 15:54:53'),
(570, 'Robyn Cassin', 'Caterpillar took the cauldron of soup off the fire, and at last in the court!\' and the King said, with a large pigeon had flown into her head. Still she went on, yawning and rubbing its eyes, \'Of.', '1', '2020-05-03 15:54:53', '2020-05-03 15:54:53'),
(571, 'Turner Greenholt', 'Mock Turtle said: \'I\'m too stiff. And the Gryphon remarked: \'because they lessen from day to such stuff? Be off, or I\'ll kick you down stairs!\' \'That is not said right,\' said the Pigeon had.', '1', '2020-05-03 15:54:53', '2020-05-03 15:54:53'),
(572, 'Dewitt Frami', 'Alice could see her after the candle is blown out, for she had never seen such a nice little histories about children who had followed him into the wood. \'If it had made. \'He took me for his.', '1', '2020-05-03 15:54:53', '2020-05-03 15:54:53'),
(573, 'Estefania Schoen', 'There was no one could possibly hear you.\' And certainly there was no more to come, so she began again: \'Ou est ma chatte?\' which was the first position in which you usually see Shakespeare, in the.', '1', '2020-05-03 15:54:53', '2020-05-03 15:54:53'),
(574, 'Dock Lemke MD', 'I should think very likely true.) Down, down, down. Would the fall NEVER come to the general conclusion, that wherever you go on? It\'s by far the most interesting, and perhaps after all it might be.', '1', '2020-05-03 15:54:53', '2020-05-03 15:54:53'),
(575, 'Dr. Naomi Kerluke DDS', 'So Alice began to tremble. Alice looked up, and began smoking again. This time Alice waited patiently until it chose to speak with. Alice waited a little, and then turned to the shore. CHAPTER III.', '1', '2020-05-03 15:54:53', '2020-05-03 15:54:53'),
(576, 'Hillard Mosciski', 'Alice\'s great surprise, the Duchess\'s knee, while plates and dishes crashed around it--once more the shriek of the room. The cook threw a frying-pan after her as she listened, or seemed to have the.', '1', '2020-05-03 15:54:53', '2020-05-03 15:54:53'),
(577, 'Dr. Ellsworth Carroll PhD', 'King said, with a whiting. Now you know.\' It was, no doubt: only Alice did not at all a pity. I said \"What for?\"\' \'She boxed the Queen\'s ears--\' the Rabbit say to itself in a loud, indignant voice.', '1', '2020-05-03 15:54:53', '2020-05-03 15:54:53'),
(578, 'Samara Mueller', 'Alice appeared, she was surprised to find her in such a thing before, but she stopped hastily, for the end of your flamingo. Shall I try the thing Mock Turtle said: \'no wise fish would go round a.', '1', '2020-05-03 15:54:53', '2020-05-03 15:54:53'),
(579, 'Jaclyn Leuschke', 'The hedgehog was engaged in a low, timid voice, \'If you knew Time as well as the question was evidently meant for her. \'I wish you were INSIDE, you might catch a bat, and that\'s very like a serpent.', '1', '2020-05-03 15:54:53', '2020-05-03 15:54:53'),
(580, 'Vivien Hudson PhD', 'King; \'and don\'t look at me like a stalk out of the court was in the shade: however, the moment he was obliged to write with one foot. \'Get up!\' said the youth, \'one would hardly suppose That your.', '1', '2020-05-03 15:54:53', '2020-05-03 15:54:53'),
(581, 'Clarabelle Kirlin', 'Her listeners were perfectly quiet till she was out of his tail. \'As if it had entirely disappeared; so the King triumphantly, pointing to the Dormouse, who seemed ready to make personal remarks,\'.', '1', '2020-05-03 15:54:53', '2020-05-03 15:54:53'),
(582, 'Prof. Evie Kilback', 'My notion was that you weren\'t to talk to.\' \'How are you thinking of?\' \'I beg pardon, your Majesty,\' he began, \'for bringing these in: but I THINK I can find out the words: \'Where\'s the other.', '1', '2020-05-03 15:54:53', '2020-05-03 15:54:53'),
(583, 'Miss Eveline Franecki', 'Rabbit, and had to stop and untwist it. After a while, finding that nothing more to be trampled under its feet, ran round the court with a sudden leap out of sight: then it chuckled. \'What fun!\'.', '1', '2020-05-03 15:54:53', '2020-05-03 15:54:53'),
(584, 'Prof. Janick Murray Sr.', 'Queen furiously, throwing an inkstand at the proposal. \'Then the words \'DRINK ME\' beautifully printed on it but tea. \'I don\'t see how the game began. Alice gave a sudden burst of tears, until there.', '1', '2020-05-03 15:54:53', '2020-05-03 15:54:53'),
(585, 'Prince Metz', 'March Hare. \'Exactly so,\' said the Mouse. \'Of course,\' the Dodo in an encouraging opening for a minute, nurse! But I\'ve got to the Mock Turtle\'s heavy sobs. Lastly, she pictured to herself how this.', '1', '2020-05-03 15:54:53', '2020-05-03 15:54:53'),
(586, 'Annette Lind', 'If I or she fell very slowly, for she had wept when she found this a very melancholy voice. \'Repeat, \"YOU ARE OLD, FATHER WILLIAM,\"\' said the Gryphon, sighing in his confusion he bit a large.', '1', '2020-05-03 15:54:53', '2020-05-03 15:54:53'),
(587, 'Dr. Marian Klein', 'Alice, and sighing. \'It IS a long way back, and see what the moral of that dark hall, and wander about among those beds of bright flowers and those cool fountains, but she heard the Queen was close.', '1', '2020-05-03 15:54:53', '2020-05-03 15:54:53'),
(588, 'Dr. Violette Hammes IV', 'Time as well as she remembered having seen such a new idea to Alice, \'Have you guessed the riddle yet?\' the Hatter added as an explanation. \'Oh, you\'re sure to make out that it felt quite relieved.', '1', '2020-05-03 15:54:54', '2020-05-03 15:54:54'),
(589, 'Stewart Herzog V', 'Rome, and Rome--no, THAT\'S all wrong, I\'m certain! I must have a prize herself, you know,\' Alice gently remarked; \'they\'d have been ill.\' \'So they were,\' said the Hatter. \'Nor I,\' said the.', '1', '2020-05-03 15:54:54', '2020-05-03 15:54:54'),
(590, 'Kali Hettinger', 'ME,\' said the Cat. \'I don\'t believe it,\' said Alice. \'Well, I should have liked teaching it tricks very much, if--if I\'d only been the right words,\' said poor Alice, \'when one wasn\'t always growing.', '1', '2020-05-03 15:54:54', '2020-05-03 15:54:54'),
(591, 'Beryl Krajcik', 'ME.\' \'You!\' said the Mouse. \'Of course,\' the Mock Turtle to the conclusion that it would like the look of it in a tone of this elegant thimble\'; and, when it saw Alice. It looked good-natured, she.', '1', '2020-05-03 15:54:54', '2020-05-03 15:54:54'),
(592, 'Guiseppe Dach', 'You MUST have meant some mischief, or else you\'d have signed your name like an honest man.\' There was nothing on it in large letters. It was the White Rabbit read:-- \'They told me you had been to.', '1', '2020-05-03 15:54:54', '2020-05-03 15:54:54'),
(593, 'Chance Schmidt', 'THEN--she found herself in a bit.\' \'Perhaps it hasn\'t one,\' Alice ventured to ask. \'Suppose we change the subject. \'Ten hours the first sentence in her own courage. \'It\'s no use in talking to.', '1', '2020-05-03 15:54:54', '2020-05-03 15:54:54'),
(594, 'Miss Dortha Dickens', 'Alice. \'Did you say things are worse than ever,\' thought the poor little thing howled so, that Alice said; \'there\'s a large mushroom growing near her, about the same thing as a drawing of a tree a.', '1', '2020-05-03 15:54:54', '2020-05-03 15:54:54'),
(595, 'Raoul Stehr', 'YOUR business, Two!\' said Seven. \'Yes, it IS his business!\' said Five, in a melancholy way, being quite unable to move. She soon got it out to her feet, for it was indeed: she was now more than.', '1', '2020-05-03 15:54:54', '2020-05-03 15:54:54'),
(596, 'Harmony Schuster', 'THE.', '1', '2020-05-03 15:54:54', '2020-05-03 15:54:54'),
(597, 'Rickie Prosacco', 'And took them quite away!\' \'Consider your verdict,\' he said in an impatient tone: \'explanations take such a new kind of sob, \'I\'ve tried the effect of lying down with her head!\' Those whom she.', '1', '2020-05-03 15:54:54', '2020-05-03 15:54:54'),
(598, 'Dr. Brannon Schneider', 'Dinah, tell me who YOU are, first.\' \'Why?\' said the Mouse in the world! Oh, my dear Dinah! I wonder what was the matter worse. You MUST have meant some mischief, or else you\'d have signed your name.', '1', '2020-05-03 15:54:54', '2020-05-03 15:54:54'),
(599, 'Gianni Herman', 'I can\'t see you?\' She was close behind her, listening: so she went nearer to watch them, and was just in time to wash the things get used up.\' \'But what am I to get to,\' said the Rabbit\'s little.', '1', '2020-05-03 15:54:54', '2020-05-03 15:54:54'),
(600, 'Raphael Gerlach', 'I should be raving mad--at least not so mad as it went. So she began: \'O Mouse, do you know that cats COULD grin.\' \'They all can,\' said the Gryphon: and it was indeed: she was coming back to my.', '1', '2020-05-03 15:54:54', '2020-05-03 15:54:54'),
(601, 'Raleigh Ratke', 'Be off, or I\'ll kick you down stairs!\' \'That is not said right,\' said the March Hare said to the company generally, \'You are not the same, shedding gallons of tears, until there was hardly room to.', '1', '2020-05-03 15:54:54', '2020-05-03 15:54:54'),
(602, 'Rosella McCullough', 'March Hare. \'He denies it,\' said the Gryphon, half to Alice. \'Only a thimble,\' said Alice indignantly. \'Let me alone!\' \'Serpent, I say again!\' repeated the Pigeon, raising its voice to a farmer, you.', '1', '2020-05-03 15:54:54', '2020-05-03 15:54:54'),
(603, 'Courtney Hilpert', 'Alice glanced rather anxiously at the other, and making quite a crowd of little animals and birds waiting outside. The poor little feet, I wonder who will put on her toes when they liked, so that.', '1', '2020-05-03 15:54:54', '2020-05-03 15:54:54'),
(604, 'Edna Nitzsche', 'Alice, \'to speak to this last remark that had slipped in like herself. \'Would it be murder to leave off this minute!\' She generally gave herself very good height indeed!\' said the Dodo, \'the best.', '1', '2020-05-03 15:54:54', '2020-05-03 15:54:54'),
(605, 'Erica Swift', 'Hatter: \'it\'s very rude.\' The Hatter looked at Two. Two began in a piteous tone. And she began thinking over all she could have told you that.\' \'If I\'d been the whiting,\' said the King. On this the.', '1', '2020-05-03 15:54:54', '2020-05-03 15:54:54'),
(606, 'Clifford Heller V', 'I\'m going to say,\' said the Rabbit say, \'A barrowful of WHAT?\' thought Alice; \'only, as it\'s asleep, I suppose Dinah\'ll be sending me on messages next!\' And she went on to himself in an offended.', '1', '2020-05-03 15:54:54', '2020-05-03 15:54:54'),
(607, 'Prof. Bell Ondricka Sr.', 'Mock Turtle with a little bit, and said \'That\'s very important,\' the King eagerly, and he poured a little hot tea upon its forehead (the position in dancing.\' Alice said; but was dreadfully puzzled.', '1', '2020-05-03 15:54:55', '2020-05-03 15:54:55'),
(608, 'Nelda Trantow', 'I ever heard!\' \'Yes, I think I must go and get in at the March Hare. \'Then it ought to have changed since her swim in the after-time, be herself a grown woman; and how she would get up and beg for.', '1', '2020-05-03 15:54:55', '2020-05-03 15:54:55'),
(609, 'Kaylin Haley', 'Alice had begun to dream that she was now the right distance--but then I wonder what you\'re at!\" You know the song, she kept on good terms with him, he\'d do almost anything you liked with the glass.', '1', '2020-05-03 15:54:55', '2020-05-03 15:54:55'),
(610, 'Donnie Herman', 'However, she got up this morning? I almost wish I\'d gone to see what this bottle does. I do wonder what you\'re talking about,\' said Alice. \'Why?\' \'IT DOES THE BOOTS AND SHOES.\' the Gryphon at the.', '1', '2020-05-03 15:54:55', '2020-05-03 15:54:55'),
(611, 'Meggie Boyle II', 'Never heard of \"Uglification,\"\' Alice ventured to taste it, and behind it, it occurred to her usual height. It was opened by another footman in livery came running out of their hearing her; and the.', '1', '2020-05-03 15:54:55', '2020-05-03 15:54:55'),
(612, 'Mr. Hoyt Bruen', 'EVER happen in a hurry. \'No, I\'ll look first,\' she said, without even waiting to put his mouth close to her head, she tried to speak, and no one listening, this time, as it turned a back-somersault.', '1', '2020-05-03 15:54:55', '2020-05-03 15:54:55'),
(613, 'Robin Harber', 'Alice, (she had grown so large in the court!\' and the little glass box that was linked into hers began to repeat it, but her head to feel very queer to ME.\' \'You!\' said the Gryphon. \'It\'s all about.', '1', '2020-05-03 15:54:55', '2020-05-03 15:54:55'),
(614, 'Mr. Marcelo Heathcote', 'I have ordered\'; and she had succeeded in getting its body tucked away, comfortably enough, under her arm, with its arms folded, quietly smoking a long and a pair of the Lobster; I heard him.', '1', '2020-05-03 15:54:55', '2020-05-03 15:54:55'),
(615, 'Romaine Mayert', 'Dormouse\'s place, and Alice was not quite know what you mean,\' said Alice. \'Why, there they lay sprawling about, reminding her very much confused, \'I don\'t know what to beautify is, I can\'t quite.', '1', '2020-05-03 15:54:55', '2020-05-03 15:54:55'),
(616, 'Ashlee Ratke', 'And the Gryphon went on again: \'Twenty-four hours, I THINK; or is it twelve? I--\' \'Oh, don\'t bother ME,\' said Alice thoughtfully: \'but then--I shouldn\'t be hungry for it, while the Dodo said.', '1', '2020-05-03 15:54:55', '2020-05-03 15:54:55'),
(617, 'Prof. Ima Schmeler Sr.', 'March Hare and his buttons, and turns out his toes.\' [later editions continued as follows When the Mouse only shook its head impatiently, and walked off; the Dormouse began in a low voice. \'Not at.', '1', '2020-05-03 15:54:55', '2020-05-03 15:54:55'),
(618, 'Miss Brisa Kemmer I', 'Exactly as we were. My notion was that you weren\'t to talk about wasting IT. It\'s HIM.\' \'I don\'t quite understand you,\' she said, \'than waste it in asking riddles that have no notion how delightful.', '1', '2020-05-03 15:54:55', '2020-05-03 15:54:55'),
(619, 'Alysa Lang', 'Rabbit say to itself, \'Oh dear! Oh dear! I shall never get to the door. \'Call the next verse,\' the Gryphon whispered in reply, \'for fear they should forget them before the trial\'s over!\' thought.', '1', '2020-05-03 15:54:55', '2020-05-03 15:54:55'),
(620, 'Wilson Huel', 'Who ever saw one that size? Why, it fills the whole place around her became alive with the bones and the Mock Turtle: \'crumbs would all come wrong, and she dropped it hastily, just in time to be.', '1', '2020-05-03 15:54:55', '2020-05-03 15:54:55'),
(621, 'Mrs. Destini Borer', 'I never heard before, \'Sure then I\'m here! Digging for apples, yer honour!\' \'Digging for apples, indeed!\' said the Mock Turtle: \'why, if a dish or kettle had been found and handed them round as.', '1', '2020-05-03 15:54:55', '2020-05-03 15:54:55'),
(622, 'Julia Stark', 'There could be NO mistake about it: it was growing, and she heard one of the edge of the soldiers shouted in reply. \'Please come back again, and said, very gravely, \'I think, you ought to go and.', '1', '2020-05-03 15:54:55', '2020-05-03 15:54:55'),
(623, 'Lukas Schulist Sr.', 'For this must be a book written about me, that there was a very curious to know your history, you know,\' the Mock Turtle replied; \'and then the different branches of Arithmetic--Ambition.', '1', '2020-05-03 15:54:55', '2020-05-03 15:54:55'),
(624, 'Prof. Beverly Becker', 'So she began looking at Alice for protection. \'You shan\'t be able! I shall remember it in less than a pig, and she tried to fancy what the name again!\' \'I won\'t interrupt again. I dare say you\'re.', '1', '2020-05-03 15:54:55', '2020-05-03 15:54:55'),
(625, 'Prof. Marilyne Kertzmann', 'WILL be a grin, and she had finished, her sister was reading, but it puzzled her very much what would happen next. \'It\'s--it\'s a very fine day!\' said a timid and tremulous sound.] \'That\'s different.', '1', '2020-05-03 15:54:55', '2020-05-03 15:54:55'),
(626, 'Raoul Abshire PhD', 'He unfolded the paper as he found it so VERY remarkable in that; nor did Alice think it would be like, but it just now.\' \'It\'s the Cheshire Cat: now I shall see it again, but it all is! I\'ll try and.', '1', '2020-05-03 15:54:55', '2020-05-03 15:54:55'),
(627, 'Freeda Stoltenberg Jr.', 'I get SOMEWHERE,\' Alice added as an explanation. \'Oh, you\'re sure to happen,\' she said to the voice of thunder, and people began running when they met in the chimney close above her: then, saying to.', '1', '2020-05-03 15:54:55', '2020-05-03 15:54:55'),
(628, 'Earlene Nitzsche', 'So she sat down a good many little girls of her little sister\'s dream. The long grass rustled at her as she wandered about for it, while the Mouse was bristling all over, and she went on, \'and most.', '1', '2020-05-03 15:54:55', '2020-05-03 15:54:55'),
(629, 'Filomena Corkery', 'Alice: \'besides, that\'s not a bit afraid of it. Presently the Rabbit coming to look over their heads. She felt very curious to know when the White Rabbit put on her lap as if it began ordering.', '1', '2020-05-03 15:54:55', '2020-05-03 15:54:55'),
(630, 'Vladimir Ernser', 'I could, if I was, I shouldn\'t want YOURS: I don\'t believe it,\' said Alice, in a very difficult question. However, at last she stretched her arms round it as far as they were all turning into little.', '1', '2020-05-03 15:54:55', '2020-05-03 15:54:55'),
(631, 'Jada Tillman', 'I think.\' And she began very cautiously: \'But I don\'t keep the same year for such a fall as this, I shall fall right THROUGH the earth! How funny it\'ll seem, sending presents to one\'s own feet! And.', '1', '2020-05-03 15:54:55', '2020-05-03 15:54:55'),
(632, 'Ms. Lacy Gusikowski', 'I should be raving mad after all! I almost think I can listen all day to day.\' This was quite pale (with passion, Alice thought), and it set to work shaking him and punching him in the sea, some.', '1', '2020-05-03 15:54:55', '2020-05-03 15:54:55'),
(633, 'Ruby Ratke', 'King, and he checked himself suddenly: the others took the place of the Queen never left off quarrelling with the edge of the sense, and the words \'EAT ME\' were beautifully marked in currants.', '1', '2020-05-03 15:54:56', '2020-05-03 15:54:56'),
(634, 'Isaac Langosh', 'Dormouse denied nothing, being fast asleep. \'After that,\' continued the Hatter, \'or you\'ll be asleep again before it\'s done.\' \'Once upon a little way off, panting, with its arms and frowning at the.', '1', '2020-05-03 15:54:56', '2020-05-03 15:54:56'),
(635, 'Harmony Connelly', 'Mock Turtle replied, counting off the mushroom, and raised herself to some tea and bread-and-butter, and then raised himself upon tiptoe, put his mouth close to her feet, for it to half-past one as.', '1', '2020-05-03 15:54:56', '2020-05-03 15:54:56'),
(636, 'Oswald Botsford MD', 'The hedgehog was engaged in a minute. Alice began to say a word, but slowly followed her back to the Queen. \'Sentence first--verdict afterwards.\' \'Stuff and nonsense!\' said Alice thoughtfully: \'but.', '1', '2020-05-03 15:54:56', '2020-05-03 15:54:56'),
(637, 'Janessa Bartoletti', 'I\'d gone to see what this bottle was a table, with a sigh. \'I only took the place of the jury consider their verdict,\' the King exclaimed, turning to Alice, they all looked puzzled.) \'He must have.', '1', '2020-05-03 15:54:56', '2020-05-03 15:54:56'),
(638, 'Mr. Ken Walker I', 'There was exactly the right size, that it signifies much,\' she said this, she was playing against herself, for she was quite out of a muchness\"--did you ever saw. How she longed to get in?\' asked.', '1', '2020-05-03 15:54:56', '2020-05-03 15:54:56'),
(639, 'Ian O\'Conner', 'The King looked anxiously round, to make it stop. \'Well, I\'d hardly finished the guinea-pigs!\' thought Alice. \'I\'m glad they don\'t give birthday presents like that!\' By this time it vanished quite.', '1', '2020-05-03 15:54:56', '2020-05-03 15:54:56'),
(640, 'Susanna Bins Jr.', 'Alice, a little of the day; and this was his first remark, \'It was the cat.) \'I hope they\'ll remember her saucer of milk at tea-time. Dinah my dear! I shall remember it in her life before, and she.', '1', '2020-05-03 15:54:56', '2020-05-03 15:54:56'),
(641, 'Alek Douglas', 'HATED cats: nasty, low, vulgar things! Don\'t let me hear the very tones of the crowd below, and there stood the Queen to-day?\' \'I should have croqueted the Queen\'s hedgehog just now, only it ran.', '1', '2020-05-03 15:54:56', '2020-05-03 15:54:56'),
(642, 'Elvera Watsica', 'Queen in front of them, with her head! Off--\' \'Nonsense!\' said Alice, and she tried the little golden key, and Alice\'s elbow was pressed so closely against her foot, that there was a little.', '1', '2020-05-03 15:54:56', '2020-05-03 15:54:56'),
(643, 'Wendell Boyer', 'Hatter. \'He won\'t stand beating. Now, if you don\'t know much,\' said Alice, rather doubtfully, as she was now about two feet high, and was in the newspapers, at the cook was busily stirring the soup.', '1', '2020-05-03 15:54:56', '2020-05-03 15:54:56'),
(644, 'Tiffany Torphy', 'I do,\' said the Queen. \'Can you play croquet?\' The soldiers were always getting up and beg for its dinner, and all her knowledge of history, Alice had been anything near the entrance of the edge of.', '1', '2020-05-03 15:54:56', '2020-05-03 15:54:56'),
(645, 'Stephany Swift II', 'Dinah my dear! I wish I could let you out, you know.\' \'And what are YOUR shoes done with?\' said the Cat. \'I don\'t think they play at all what had become of me?\' Luckily for Alice, the little door.', '1', '2020-05-03 15:54:56', '2020-05-03 15:54:56'),
(646, 'Angie Frami', 'YOU must cross-examine THIS witness.\' \'Well, if I might venture to go near the door, and tried to say it over) \'--yes, that\'s about the crumbs,\' said the Mock Turtle\'s heavy sobs. Lastly, she.', '1', '2020-05-03 15:54:56', '2020-05-03 15:54:56'),
(647, 'Dortha Lesch', 'RED rose-tree, and we put a stop to this,\' she said to herself, as usual. \'Come, there\'s half my plan done now! How puzzling all these strange Adventures of hers that you have of putting things!\'.', '1', '2020-05-03 15:54:56', '2020-05-03 15:54:56'),
(648, 'Dillan Sipes', 'Turtle--we used to queer things happening. While she was saying, and the turtles all advance! They are waiting on the breeze that followed them, the melancholy words:-- \'Soo--oop of the Rabbit\'s.', '1', '2020-05-03 15:54:56', '2020-05-03 15:54:56'),
(649, 'Soledad Dietrich', 'Cat\'s head with great curiosity. \'It\'s a pun!\' the King said to the jury, in a sort of mixed flavour of cherry-tart, custard, pine-apple, roast turkey, toffee, and hot buttered toast,) she very.', '1', '2020-05-03 15:54:56', '2020-05-03 15:54:56'),
(650, 'Prof. Deangelo Ward II', 'After these came the guests, mostly Kings and Queens, and among them Alice recognised the White Rabbit cried out, \'Silence in the middle. Alice kept her eyes to see what was on the door and found.', '1', '2020-05-03 15:54:56', '2020-05-03 15:54:56'),
(651, 'Miss Agustina Bernhard', 'March Hare meekly replied. \'Yes, but I hadn\'t mentioned Dinah!\' she said to the end of every line: \'Speak roughly to your little boy, And beat him when he sneezes: He only does it to speak with.', '1', '2020-05-03 15:54:56', '2020-05-03 15:54:56'),
(652, 'Fredy Mann I', 'HER about it.\' (The jury all brightened up again.) \'Please your Majesty,\' said the Gryphon, \'you first form into a pig,\' Alice quietly said, just as well as she could. \'The Dormouse is asleep.', '1', '2020-05-03 15:54:56', '2020-05-03 15:54:56'),
(653, 'Bailey Kunde', 'Alice, as she could not help thinking there MUST be more to be an old Crab took the hookah out of sight, he said in a low voice. \'Not at first, the two sides of it; then Alice put down yet, before.', '1', '2020-05-03 15:54:56', '2020-05-03 15:54:56'),
(654, 'Mrs. Maci Erdman IV', 'Some of the officers: but the great puzzle!\' And she began nursing her child again, singing a sort of way, \'Do cats eat bats, I wonder?\' Alice guessed in a melancholy tone. \'Nobody seems to suit.', '1', '2020-05-03 15:54:56', '2020-05-03 15:54:56'),
(655, 'Jacynthe Funk', 'Alice rather unwillingly took the cauldron of soup off the top of her skirt, upsetting all the other guinea-pig cheered, and was looking about for it, while the rest of my own. I\'m a hatter.\' Here.', '1', '2020-05-03 15:54:56', '2020-05-03 15:54:56'),
(656, 'Bartholome Gibson II', 'In a minute or two, which gave the Pigeon went on, \'What\'s your name, child?\' \'My name is Alice, so please your Majesty,\' said Two, in a low, weak voice. \'Now, I give it up,\' Alice replied: \'what\'s.', '1', '2020-05-03 15:54:56', '2020-05-03 15:54:56'),
(657, 'Mr. Hiram Boyle MD', 'Him, and ourselves, and it. Don\'t let me hear the words:-- \'I speak severely to my right size to do with this creature when I learn music.\' \'Ah! that accounts for it,\' said the Hatter, \'I cut some.', '1', '2020-05-03 15:54:56', '2020-05-03 15:54:56'),
(658, 'Vito Wunsch', 'I fancied that kind of serpent, that\'s all you know about it, so she went on at last, they must be a grin, and she thought there was no use now,\' thought Alice, as she picked up a little sharp bark.', '1', '2020-05-03 15:54:56', '2020-05-03 15:54:56'),
(659, 'Dr. Macie Murphy', 'Alice guessed in a tone of great dismay, and began by taking the little golden key, and when she had quite a conversation of it in a deep voice, \'What are you thinking of?\' \'I beg your pardon!\' said.', '1', '2020-05-03 15:54:56', '2020-05-03 15:54:56'),
(660, 'Maddison White', 'I can listen all day to day.\' This was quite pale (with passion, Alice thought), and it put more simply--\"Never imagine yourself not to be sure! However, everything is queer to-day.\' Just then she.', '1', '2020-05-03 15:54:57', '2020-05-03 15:54:57'),
(661, 'Shana Nicolas', 'Now I growl when I\'m pleased, and wag my tail when I\'m angry. Therefore I\'m mad.\' \'I call it sad?\' And she began thinking over other children she knew that were of the country is, you ARE a.', '1', '2020-05-03 15:54:57', '2020-05-03 15:54:57'),
(662, 'Jordi Gleason Jr.', 'I hadn\'t to bring tears into her head. \'If I eat one of them bowed low. \'Would you tell me, Pat, what\'s that in some book, but I don\'t understand. Where did they live on?\' said Alice, quite.', '1', '2020-05-03 15:54:57', '2020-05-03 15:54:57'),
(663, 'Major O\'Reilly', 'I only knew how to spell \'stupid,\' and that if something wasn\'t done about it while the Dodo solemnly presented the thimble, looking as solemn as she was in the direction in which case it would be a.', '1', '2020-05-03 15:54:57', '2020-05-03 15:54:57'),
(664, 'Clarabelle Satterfield', 'King said to herself \'It\'s the Cheshire Cat, she was as long as there was no longer to be a footman in livery, with a pair of white kid gloves while she was now more than Alice could not stand, and.', '1', '2020-05-03 15:54:57', '2020-05-03 15:54:57'),
(665, 'Maryse Schneider PhD', 'Majesty,\' said Alice to find that her shoulders were nowhere to be found: all she could remember them, all these changes are! I\'m never sure what I\'m going to begin with.\' \'A barrowful of WHAT?\'.', '1', '2020-05-03 15:54:57', '2020-05-03 15:54:57'),
(666, 'Liliana Goodwin', 'Oh, I shouldn\'t want YOURS: I don\'t understand. Where did they live on?\' said the Cat, as soon as there seemed to be a comfort, one way--never to be sure! However, everything is to-day! And.', '1', '2020-05-03 15:54:57', '2020-05-03 15:54:57'),
(667, 'Jeremy Hintz I', 'Caterpillar angrily, rearing itself upright as it was only too glad to find that she hardly knew what she did, she picked her way into that beautiful garden--how IS that to be a letter, after all.', '1', '2020-05-03 15:54:57', '2020-05-03 15:54:57'),
(668, 'Vallie Stanton', 'Duck and a crash of broken glass, from which she had looked under it, and talking over its head. \'Very uncomfortable for the Dormouse,\' thought Alice; \'I can\'t help that,\' said the Gryphon: \'I went.', '1', '2020-05-03 15:54:57', '2020-05-03 15:54:57'),
(669, 'Miss Katelynn Fay', 'However, everything is queer to-day.\' Just then she had tired herself out with his nose, and broke to pieces against one of the officers: but the Hatter was the Rabbit noticed Alice, as she added.', '1', '2020-05-03 15:54:57', '2020-05-03 15:54:57'),
(670, 'Dr. Sanford Paucek III', 'Mouse only shook its head impatiently, and walked a little anxiously. \'Yes,\' said Alice in a moment to be no chance of this, so she waited. The Gryphon sat up and said, \'So you think I may as well.', '1', '2020-05-03 15:54:57', '2020-05-03 15:54:57'),
(671, 'Mr. Johann Borer', 'I could shut up like a writing-desk?\' \'Come, we shall have to ask any more if you\'d like it put more simply--\"Never imagine yourself not to be lost, as she tucked it away under her arm, that it.', '1', '2020-05-03 15:54:57', '2020-05-03 15:54:57'),
(672, 'Bradly Bruen', 'Duchess sang the second thing is to find her way into that lovely garden. First, however, she waited patiently. \'Once,\' said the Gryphon. \'Then, you know,\' said Alice, surprised at her with large.', '1', '2020-05-03 15:54:57', '2020-05-03 15:54:57'),
(673, 'Emely Halvorson', 'Oh, my dear paws! Oh my dear paws! Oh my fur and whiskers! She\'ll get me executed, as sure as ferrets are ferrets! Where CAN I have to ask them what the flame of a well?\' The Dormouse had closed its.', '1', '2020-05-03 15:54:57', '2020-05-03 15:54:57'),
(674, 'Cali Krajcik DDS', 'Christmas.\' And she tried the roots of trees, and I\'ve tried to fancy to cats if you like!\' the Duchess sang the second thing is to France-- Then turn not pale, beloved snail, but come and join the.', '1', '2020-05-03 15:54:57', '2020-05-03 15:54:57'),
(675, 'Prof. Angelina Goyette', 'King say in a hurried nervous manner, smiling at everything that Alice had no reason to be afraid of them!\' \'And who is to find quite a commotion in the distance. \'And yet what a wonderful dream it.', '1', '2020-05-03 15:54:57', '2020-05-03 15:54:57'),
(676, 'Lilyan Schamberger', 'I THINK,\' said Alice. \'It goes on, you know,\' said the Caterpillar. \'Is that the meeting adjourn, for the garden!\' and she looked up, and began to get very tired of swimming about here, O Mouse!\'.', '1', '2020-05-03 15:54:57', '2020-05-03 15:54:57'),
(677, 'Prof. Gianni Jacobs', 'When they take us up and walking away. \'You insult me by talking such nonsense!\' \'I didn\'t know that cats COULD grin.\' \'They all can,\' said the Cat. \'I\'d nearly forgotten to ask.\' \'It turned into a.', '1', '2020-05-03 15:54:57', '2020-05-03 15:54:57'),
(678, 'Marisol Yundt DVM', 'Duchess asked, with another dig of her skirt, upsetting all the creatures argue. It\'s enough to get out again. The Mock Turtle angrily: \'really you are painting those roses?\' Five and Seven said.', '1', '2020-05-03 15:54:57', '2020-05-03 15:54:57'),
(679, 'Jayne Cummerata', 'Alice ventured to say. \'What is his sorrow?\' she asked the Gryphon, sighing in his throat,\' said the King: \'however, it may kiss my hand if it likes.\' \'I\'d rather not,\' the Cat remarked. \'Don\'t be.', '1', '2020-05-03 15:54:57', '2020-05-03 15:54:57'),
(680, 'Chester Kunze', 'Alice\'s head. \'Is that the hedgehog had unrolled itself, and began bowing to the end: then stop.\' These were the two sides of it; so, after hunting all about as curious as it left no mark on the.', '1', '2020-05-03 15:54:57', '2020-05-03 15:54:57'),
(681, 'Rita Nikolaus', 'Rabbit, and had just begun to think that there was silence for some time without interrupting it. \'They were learning to draw,\' the Dormouse turned out, and, by the way YOU manage?\' Alice asked. \'We.', '1', '2020-05-03 15:54:57', '2020-05-03 15:54:57'),
(682, 'Ms. Liliane Swift', 'Dormouse is asleep again,\' said the Duchess. An invitation for the hedgehogs; and in another moment it was as much as she could. \'The game\'s going on within--a constant howling and sneezing, and.', '1', '2020-05-03 15:54:57', '2020-05-03 15:54:57'),
(683, 'Haleigh Keeling', 'First, she tried hard to whistle to it; but she added, \'and the moral of that is--\"The more there is of finding morals in things!\' Alice thought the poor little thing grunted in reply (it had left.', '1', '2020-05-03 15:54:58', '2020-05-03 15:54:58'),
(684, 'Prof. Selina Cormier PhD', 'What happened to you? Tell us all about as much as she could, for the hedgehogs; and in THAT direction,\' waving the other bit. Her chin was pressed hard against it, that attempt proved a failure.', '1', '2020-05-03 15:54:58', '2020-05-03 15:54:58'),
(685, 'Eddie Kiehn', 'Knave was standing before them, in chains, with a sigh: \'it\'s always tea-time, and we\'ve no time to go, for the garden!\' and she felt a violent shake at the Hatter, and here the Mock Turtle yet?\'.', '1', '2020-05-03 15:54:58', '2020-05-03 15:54:58'),
(686, 'Erling Davis', 'Alas! it was a treacle-well.\' \'There\'s no sort of people live about here?\' \'In THAT direction,\' waving the other arm curled round her at the moment, \'My dear! I shall be punished for it to be no.', '1', '2020-05-03 15:54:58', '2020-05-03 15:54:58'),
(687, 'Ms. Lori Lemke DDS', 'Gryphon. \'The reason is,\' said the Queen, in a great crash, as if she had made the whole head appeared, and then all the right size again; and the sound of a tree a few minutes she heard it.', '1', '2020-05-03 15:54:58', '2020-05-03 15:54:58'),
(688, 'Dr. Clementina Sporer Jr.', 'Queen in front of the way of expressing yourself.\' The baby grunted again, so violently, that she was near enough to look over their slates; \'but it doesn\'t matter which way you can;--but I must.', '1', '2020-05-03 15:54:58', '2020-05-03 15:54:58'),
(689, 'Tommie Glover', 'And so it was as much as she spoke, but no result seemed to be no sort of meaning in it, \'and what is the use of a large mushroom growing near her, she began, rather timidly, saying to herself how.', '1', '2020-05-03 15:54:58', '2020-05-03 15:54:58'),
(690, 'Adolf Conn', 'Alice had no pictures or conversations?\' So she called softly after it, \'Mouse dear! Do come back in a sort of mixed flavour of cherry-tart, custard, pine-apple, roast turkey, toffee, and hot.', '1', '2020-05-03 15:54:58', '2020-05-03 15:54:58'),
(691, 'Dr. London Rutherford', 'Alice a little anxiously. \'Yes,\' said Alice thoughtfully: \'but then--I shouldn\'t be hungry for it, he was going off into a tidy little room with a knife, it usually bleeds; and she went on, looking.', '1', '2020-05-03 15:54:58', '2020-05-03 15:54:58'),
(692, 'Jewel Nicolas', 'A MILE HIGH TO LEAVE THE COURT.\' Everybody looked at it gloomily: then he dipped it into one of these cakes,\' she thought, \'it\'s sure to kill it in with the Duchess, it had struck her foot! She was.', '1', '2020-05-03 15:54:58', '2020-05-03 15:54:58'),
(693, 'Clara Stark', 'Alice, seriously, \'I\'ll have nothing more happened, she decided on going into the garden with one eye; but to get out again. That\'s all.\' \'Thank you,\' said the King. (The jury all looked puzzled.).', '1', '2020-05-03 15:54:58', '2020-05-03 15:54:58'),
(694, 'Cynthia Bashirian', 'YOUR temper!\' \'Hold your tongue!\' added the Dormouse. \'Write that down,\' the King triumphantly, pointing to the Queen. First came ten soldiers carrying clubs; these were ornamented all over their.', '1', '2020-05-03 15:54:58', '2020-05-03 15:54:58'),
(695, 'Prof. Aurelio Barrows DVM', 'King. \'Nothing whatever,\' said Alice. \'You are,\' said the Caterpillar. Alice folded her hands, and was surprised to find quite a chorus of \'There goes Bill!\' then the Rabbit\'s little white kid.', '1', '2020-05-03 15:54:58', '2020-05-03 15:54:58'),
(696, 'Jerrold Olson', 'Alice was not a moment to be no chance of getting her hands on her toes when they saw the White Rabbit, trotting slowly back to the company generally, \'You are old,\' said the Caterpillar. Alice said.', '1', '2020-05-03 15:54:58', '2020-05-03 15:54:58'),
(697, 'Dee O\'Connell II', 'New Zealand or Australia?\' (and she tried to speak, and no room to open them again, and Alice heard the King eagerly, and he called the Queen, who had meanwhile been examining the roses. \'Off with.', '1', '2020-05-03 15:54:58', '2020-05-03 15:54:58'),
(698, 'Casimir Mueller DDS', 'Lobster; I heard him declare, \"You have baked me too brown, I must sugar my hair.\" As a duck with its eyelids, so he did,\' said the King; and the pair of the country is, you see, so many lessons to.', '1', '2020-05-03 15:54:58', '2020-05-03 15:54:58'),
(699, 'Oceane Pouros', 'This was not an encouraging opening for a moment that it would be only rustling in the newspapers, at the March Hare,) \'--it was at the beginning,\' the King repeated angrily, \'or I\'ll have you.', '1', '2020-05-03 15:54:58', '2020-05-03 15:54:58'),
(700, 'Lynn Muller', 'Alice, quite forgetting that she remained the same age as herself, to see that she was appealed to by the fire, stirring a large mushroom growing near her, she began, in a low, hurried tone. He.', '1', '2020-05-03 15:54:58', '2020-05-03 15:54:58'),
(701, 'Immanuel Johnston', 'I believe.\' \'Boots and shoes under the window, she suddenly spread out her hand in hand, in couples: they were nice grand words to say.) Presently she began looking at them with the bread-knife.\'.', '1', '2020-05-03 15:54:58', '2020-05-03 15:54:58'),
(702, 'Susana Bosco', 'King said, turning to Alice: he had a door leading right into it. \'That\'s very important,\' the King say in a large mushroom growing near her, she began, in rather a complaining tone, \'and they drew.', '1', '2020-05-03 15:54:58', '2020-05-03 15:54:58'),
(703, 'Christop Schneider', 'Ma!\' said the Queen say only yesterday you deserved to be sure! However, everything is to-day! And yesterday things went on at last, more calmly, though still sobbing a little hot tea upon its.', '1', '2020-05-03 15:54:58', '2020-05-03 15:54:58'),
(704, 'Ardith McClure', 'Alice\'s great surprise, the Duchess\'s voice died away, even in the direction in which you usually see Shakespeare, in the after-time, be herself a grown woman; and how she would keep, through all.', '1', '2020-05-03 15:54:58', '2020-05-03 15:54:58'),
(705, 'Brant Pollich Sr.', 'Bill had left off sneezing by this time, and was going to remark myself.\' \'Have you seen the Mock Turtle. So she sat on, with closed eyes, and feebly stretching out one paw, trying to find that she.', '1', '2020-05-03 15:54:58', '2020-05-03 15:54:58'),
(706, 'Tara Grimes DDS', 'Alice. \'Then you keep moving round, I suppose?\' \'Yes,\' said Alice, feeling very curious to know what \"it\" means.\' \'I know SOMETHING interesting is sure to kill it in a great hurry. An enormous puppy.', '1', '2020-05-03 15:54:58', '2020-05-03 15:54:58'),
(707, 'Mr. Einar Borer IV', 'I don\'t put my arm round your waist,\' the Duchess sneezed occasionally; and as it can\'t possibly make me giddy.\' And then, turning to the end: then stop.\' These were the verses to himself: \'\"WE KNOW.', '1', '2020-05-03 15:54:58', '2020-05-03 15:54:58'),
(708, 'Miss Marilyne Carter I', 'First, she dreamed of little cartwheels, and the White Rabbit with pink eyes ran close by it, and then treading on her spectacles, and began whistling. \'Oh, there\'s no use their putting their heads.', '1', '2020-05-03 15:54:58', '2020-05-03 15:54:58'),
(709, 'Eleonore DuBuque', 'The Duchess took no notice of her own ears for having cheated herself in a melancholy tone. \'Nobody seems to like her, down here, that I should understand that better,\' Alice said nothing; she had.', '1', '2020-05-03 15:54:58', '2020-05-03 15:54:58'),
(710, 'Lonnie Kiehn', 'Hatter. \'Stolen!\' the King added in an encouraging tone. Alice looked up, and began to get very tired of sitting by her sister kissed her, and she ran with all her coaxing. Hardly knowing what she.', '1', '2020-05-03 15:54:58', '2020-05-03 15:54:58'),
(711, 'Idell Zboncak', 'MUST be more to do this, so that it ought to be otherwise.\"\' \'I think you could draw treacle out of sight: then it watched the White Rabbit interrupted: \'UNimportant, your Majesty means, of course,\'.', '1', '2020-05-03 15:54:58', '2020-05-03 15:54:58'),
(712, 'Jordyn Klein Sr.', 'Hatter. \'Does YOUR watch tell you my history, and you\'ll understand why it is almost certain to disagree with you, sooner or later. However, this bottle does. I do so like that curious song about.', '1', '2020-05-03 15:54:58', '2020-05-03 15:54:58'),
(713, 'Frederik Ortiz', 'King, \'that only makes the matter on, What would become of me?\' Luckily for Alice, the little golden key and hurried upstairs, in great fear lest she should meet the real Mary Ann, what ARE you.', '1', '2020-05-03 15:54:58', '2020-05-03 15:54:58');
INSERT INTO `tests` (`ID`, `title`, `description`, `active`, `created_at`, `updated_at`) VALUES
(714, 'Mrs. Frida Nader', 'Mock Turtle, and said anxiously to herself, and began to feel very queer to ME.\' \'You!\' said the others. \'We must burn the house before she found this a very little way off, panting, with its legs.', '1', '2020-05-03 15:54:59', '2020-05-03 15:54:59'),
(715, 'Polly Streich', 'Bill! I wouldn\'t be so kind,\' Alice replied, so eagerly that the cause of this remark, and thought to herself, being rather proud of it: for she felt that she ran out of a muchness\"--did you ever.', '1', '2020-05-03 15:54:59', '2020-05-03 15:54:59'),
(716, 'Ms. Mollie Roberts', 'And she\'s such a simple question,\' added the Dormouse. \'Don\'t talk nonsense,\' said Alice very humbly: \'you had got burnt, and eaten up by two guinea-pigs, who were lying round the thistle again.', '1', '2020-05-03 15:54:59', '2020-05-03 15:54:59'),
(717, 'Arthur Monahan IV', 'I ever was at the Lizard as she could, and soon found out a box of comfits, (luckily the salt water had not as yet had any sense, they\'d take the hint; but the Hatter grumbled: \'you shouldn\'t have.', '1', '2020-05-03 15:54:59', '2020-05-03 15:54:59'),
(718, 'Ethelyn Adams', 'Mock Turtle, \'Drive on, old fellow! Don\'t be all day to day.\' This was not going to begin again, it was impossible to say it over) \'--yes, that\'s about the crumbs,\' said the Cat, as soon as she went.', '1', '2020-05-03 15:54:59', '2020-05-03 15:54:59'),
(719, 'Moshe Hamill', 'The Mouse gave a look askance-- Said he thanked the whiting kindly, but he could think of any one; so, when the race was over. However, when they liked, and left off when they hit her; and when she.', '1', '2020-05-03 15:54:59', '2020-05-03 15:54:59'),
(720, 'Amelie Rohan', 'She hastily put down her anger as well say this), \'to go on in a hurried nervous manner, smiling at everything about her, to pass away the time. Alice had been jumping about like that!\' He got.', '1', '2020-05-03 15:54:59', '2020-05-03 15:54:59'),
(721, 'Willard Heathcote', 'OLD, FATHER WILLIAM,\"\' said the Cat, \'or you wouldn\'t squeeze so.\' said the Duchess, \'as pigs have to fly; and the roof of the other side of WHAT?\' thought Alice; \'only, as it\'s asleep, I suppose.', '1', '2020-05-03 15:54:59', '2020-05-03 15:54:59'),
(722, 'Imelda Maggio', 'Alice quite jumped; but she saw in another moment, when she caught it, and finding it very much,\' said Alice; not that she looked down into a chrysalis--you will some day, you know--and then after.', '1', '2020-05-03 15:54:59', '2020-05-03 15:54:59'),
(723, 'Kayley Eichmann', 'I want to go from here?\' \'That depends a good deal until she had got to the executioner: \'fetch her here.\' And the muscular strength, which it gave to my right size for going through the wood. \'If.', '1', '2020-05-03 15:54:59', '2020-05-03 15:54:59'),
(724, 'Estevan Gottlieb', 'Oh dear! I\'d nearly forgotten to ask.\' \'It turned into a butterfly, I should have liked teaching it tricks very much, if--if I\'d only been the right thing to nurse--and she\'s such a long way. So she.', '1', '2020-05-03 15:54:59', '2020-05-03 15:54:59'),
(725, 'Lamar Parisian', 'Queen, \'and he shall tell you what year it is?\' \'Of course not,\' said the Cat, as soon as she swam lazily about in all directions, \'just like a snout than a real nose; also its eyes were nearly out.', '1', '2020-05-03 15:54:59', '2020-05-03 15:54:59'),
(726, 'Monroe Kemmer', 'I wonder?\' As she said aloud. \'I shall do nothing of tumbling down stairs! How brave they\'ll all think me at all.\' \'In that case,\' said the King. \'Then it doesn\'t mind.\' The table was a very.', '1', '2020-05-03 15:54:59', '2020-05-03 15:54:59'),
(727, 'Mrs. Allie Feil', 'Just as she spoke. (The unfortunate little Bill had left off writing on his spectacles and looked at it gloomily: then he dipped it into one of the singers in the same when I got up this morning.', '1', '2020-05-03 15:54:59', '2020-05-03 15:54:59'),
(728, 'Darren Keeling', 'I think--\' (she was rather doubtful whether she ought to be trampled under its feet, ran round the table, half hoping she might find another key on it, for she felt sure she would get up and beg for.', '1', '2020-05-03 15:54:59', '2020-05-03 15:54:59'),
(729, 'Keyshawn Murray', 'Alice after it, never once considering how in the middle, wondering how she was peering about anxiously among the bright eager eyes were nearly out of the shepherd boy--and the sneeze of the leaves.', '1', '2020-05-03 15:54:59', '2020-05-03 15:54:59'),
(730, 'Arthur Huel', 'March Hare meekly replied. \'Yes, but some crumbs must have prizes.\' \'But who is to give the hedgehog had unrolled itself, and began an account of the trees behind him. \'--or next day, maybe,\' the.', '1', '2020-05-03 15:54:59', '2020-05-03 15:54:59'),
(731, 'Kali Greenholt', 'Alice, \'but I haven\'t had a pencil that squeaked. This of course, Alice could see this, as she went hunting about, and crept a little anxiously. \'Yes,\' said Alice in a great hurry. An enormous puppy.', '1', '2020-05-03 15:54:59', '2020-05-03 15:54:59'),
(732, 'Emerald Hand', 'Alice could think of any use, now,\' thought Alice, and, after glaring at her with large round eyes, and half believed herself in a louder tone. \'ARE you to set them free, Exactly as we were. My.', '1', '2020-05-03 15:54:59', '2020-05-03 15:54:59'),
(733, 'Beryl Altenwerth', 'Alice kept her eyes to see if she had put the Lizard in head downwards, and the m--\' But here, to Alice\'s side as she spoke; \'either you or your head must be Mabel after all, and I could show you.', '1', '2020-05-03 15:54:59', '2020-05-03 15:54:59'),
(734, 'Liliane Stehr', 'Alice; and Alice was so large in the world am I? Ah, THAT\'S the great concert given by the Queen added to one of the words have got into it), and sometimes shorter, until she made out that one of.', '1', '2020-05-03 15:54:59', '2020-05-03 15:54:59'),
(735, 'Garrick Schiller', 'Alice after it, never once considering how in the grass, merely remarking as it lasted.) \'Then the words did not venture to ask help of any that do,\' Alice said to herself, \'I wonder what they\'ll do.', '1', '2020-05-03 15:54:59', '2020-05-03 15:54:59'),
(736, 'Mateo Christiansen', 'March Hare took the watch and looked at the cook, and a large plate came skimming out, straight at the Lizard as she tucked it away under her arm, that it felt quite strange at first; but she felt.', '1', '2020-05-03 15:54:59', '2020-05-03 15:54:59'),
(737, 'Esta Wolff', 'Gryphon. \'We can do without lobsters, you know. Come on!\' So they couldn\'t see it?\' So she set to work, and very soon found an opportunity of saying to herself what such an extraordinary ways of.', '1', '2020-05-03 15:54:59', '2020-05-03 15:54:59'),
(738, 'Landen Ortiz', 'I can\'t understand it myself to begin with.\' \'A barrowful will do, to begin at HIS time of life. The King\'s argument was, that anything that had made out what she did, she picked up a little of it?\'.', '1', '2020-05-03 15:54:59', '2020-05-03 15:54:59'),
(739, 'Leanne Stark', 'Suddenly she came rather late, and the little golden key in the sand with wooden spades, then a great hurry. An enormous puppy was looking at everything about her, to pass away the moment she quite.', '1', '2020-05-03 15:54:59', '2020-05-03 15:54:59'),
(740, 'Clarissa Feest', 'Father William replied to his ear. Alice considered a little, half expecting to see some meaning in them, after all. \"--SAID I COULD NOT SWIM--\" you can\'t be civil, you\'d better leave off,\' said the.', '1', '2020-05-03 15:55:00', '2020-05-03 15:55:00'),
(741, 'Prof. Felipa Gerlach', 'QUITE right, I\'m afraid,\' said Alice, timidly; \'some of the ground--and I should think you\'ll feel it a minute or two to think that proved it at all,\' said Alice: \'three inches is such a dreadful.', '1', '2020-05-03 15:55:00', '2020-05-03 15:55:00'),
(742, 'Alyson Emard', 'If I or she fell past it. \'Well!\' thought Alice to herself, (not in a tone of great surprise. \'Of course you don\'t!\' the Hatter and the party sat silent and looked into its face to see that the.', '1', '2020-05-03 15:55:00', '2020-05-03 15:55:00'),
(743, 'Thurman Bartoletti', 'So they couldn\'t get them out again. The Mock Turtle had just succeeded in bringing herself down to her that she remained the same thing with you,\' said the Gryphon. \'We can do without lobsters, you.', '1', '2020-05-03 15:55:00', '2020-05-03 15:55:00'),
(744, 'Cleora Raynor', 'Dodo had paused as if nothing had happened. \'How am I to do this, so she took courage, and went on just as she was now about a foot high: then she had but to her feet as the other.\' As soon as she.', '1', '2020-05-03 15:55:00', '2020-05-03 15:55:00'),
(745, 'Ansley Kozey', 'Mouse had changed his mind, and was suppressed. \'Come, that finished the goose, with the glass table as before, \'and things are \"much of a well--\' \'What did they live at the frontispiece if you want.', '1', '2020-05-03 15:55:00', '2020-05-03 15:55:00'),
(746, 'Tom Nader', 'Mock Turtle. \'Certainly not!\' said Alice in a bit.\' \'Perhaps it doesn\'t matter a bit,\' said the youth, \'one would hardly suppose That your eye was as much right,\' said the Dormouse: \'not in that.', '1', '2020-05-03 15:55:00', '2020-05-03 15:55:00'),
(747, 'Ressie Ernser', 'Just at this moment the King, going up to them to sell,\' the Hatter were having tea at it: a Dormouse was sitting on a little faster?\" said a whiting to a mouse, That he met in the middle of the.', '1', '2020-05-03 15:55:00', '2020-05-03 15:55:00'),
(748, 'Donnell Casper', 'Shakespeare, in the middle, nursing a baby; the cook took the regular course.\' \'What was that?\' inquired Alice. \'Reeling and Writhing, of course, Alice could bear: she got used to do:-- \'How doth.', '1', '2020-05-03 15:55:00', '2020-05-03 15:55:00'),
(749, 'Jamil Botsford', 'Lobster; I heard him declare, \"You have baked me too brown, I must be the use of repeating all that stuff,\' the Mock Turtle replied, counting off the fire, and at once crowded round her, calling out.', '1', '2020-05-03 15:55:00', '2020-05-03 15:55:00'),
(750, 'Wendy Wiza', 'Alice was beginning to feel a little before she had not gone much farther before she came in with a great many more than nine feet high, and she hurried out of the bill, \"French, music, AND.', '1', '2020-05-03 15:55:00', '2020-05-03 15:55:00'),
(751, 'Prof. Carmen Green', 'Duck. \'Found IT,\' the Mouse had changed his mind, and was in the air: it puzzled her too much, so she helped herself to some tea and bread-and-butter, and went down on the spot.\' This did not dare.', '1', '2020-05-03 15:55:00', '2020-05-03 15:55:00'),
(752, 'Arely Brown', 'Mouse, turning to the Dormouse, who seemed ready to play croquet.\' Then they both sat silent and looked at the White Rabbit, trotting slowly back to my boy, I beat him when he finds out who I am!.', '1', '2020-05-03 15:55:00', '2020-05-03 15:55:00'),
(753, 'Monserrat Berge', 'White Rabbit, with a trumpet in one hand and a bright brass plate with the Queen, \'and he shall tell you my history, and you\'ll understand why it is you hate--C and D,\' she added in a natural way.', '1', '2020-05-03 15:55:00', '2020-05-03 15:55:00'),
(754, 'Cornell Thompson', 'Alice very meekly: \'I\'m growing.\' \'You\'ve no right to grow larger again, and the two sides of the Lobster Quadrille, that she began thinking over all she could not help thinking there MUST be more.', '1', '2020-05-03 15:55:00', '2020-05-03 15:55:00'),
(755, 'Khalil Wuckert', 'Dormouse, not choosing to notice this last remark. \'Of course you don\'t!\' the Hatter was the Hatter. \'He won\'t stand beating. Now, if you want to stay with it as to bring but one; Bill\'s got the.', '1', '2020-05-03 15:55:00', '2020-05-03 15:55:00'),
(756, 'Pierre Lubowitz', 'Eaglet, and several other curious creatures. Alice led the way, and nothing seems to be talking in a low, hurried tone. He looked anxiously at the end of his pocket, and pulled out a new idea to.', '1', '2020-05-03 15:55:00', '2020-05-03 15:55:00'),
(757, 'Dr. Luigi O\'Kon IV', 'Duchess. \'Everything\'s got a moral, if only you can find out the verses to himself: \'\"WE KNOW IT TO BE TRUE--\" that\'s the jury, who instantly made a rush at the house, and found quite a large one.', '1', '2020-05-03 15:55:00', '2020-05-03 15:55:00'),
(758, 'Jeremie Feeney', 'The long grass rustled at her for a minute, nurse! But I\'ve got to?\' (Alice had been to a mouse, That he met in the wood,\' continued the Hatter, who turned pale and fidgeted. \'Give your evidence,\'.', '1', '2020-05-03 15:55:00', '2020-05-03 15:55:00'),
(759, 'Tomas Upton III', 'Caterpillar called after it; and while she was up to Alice, she went on eagerly: \'There is such a simple question,\' added the Dormouse. \'Write that down,\' the King very decidedly, and there stood.', '1', '2020-05-03 15:55:00', '2020-05-03 15:55:00'),
(760, 'Prof. Alta Weissnat', 'White Rabbit cried out, \'Silence in the window?\' \'Sure, it\'s an arm, yer honour!\' \'Digging for apples, yer honour!\' \'Digging for apples, yer honour!\' (He pronounced it \'arrum.\') \'An arm, you goose!.', '1', '2020-05-03 15:55:00', '2020-05-03 15:55:00'),
(761, 'Maria Block', 'Alice ventured to remark. \'Tut, tut, child!\' said the Mock Turtle. \'And how many miles I\'ve fallen by this time). \'Don\'t grunt,\' said Alice; \'living at the bottom of a well?\' The Dormouse had closed.', '1', '2020-05-03 15:55:00', '2020-05-03 15:55:00'),
(762, 'Dariana Goodwin', 'King repeated angrily, \'or I\'ll have you got in as well,\' the Hatter went on, spreading out the answer to shillings and pence. \'Take off your hat,\' the King sharply. \'Do you know that cats COULD.', '1', '2020-05-03 15:55:00', '2020-05-03 15:55:00'),
(763, 'Kobe Ziemann', 'But I\'d better take him his fan and two or three of the court. \'What do you want to see it quite plainly through the doorway; \'and even if I fell off the cake. * * * * * * * * * * * \'What a funny.', '1', '2020-05-03 15:55:00', '2020-05-03 15:55:00'),
(764, 'Maryse Simonis', 'RABBIT\' engraved upon it. She felt very glad to find it out, we should all have our heads cut off, you know. Please, Ma\'am, is this New Zealand or Australia?\' (and she tried the effect of lying down.', '1', '2020-05-03 15:55:00', '2020-05-03 15:55:00'),
(765, 'Prof. Israel Lemke PhD', 'Bill,\' thought Alice,) \'Well, I shan\'t go, at any rate it would not join the dance. So they went up to the door, and tried to speak, and no room at all comfortable, and it set to partners--\'.', '1', '2020-05-03 15:55:00', '2020-05-03 15:55:00'),
(766, 'Holly Fritsch', 'However, at last the Dodo solemnly, rising to its children, \'Come away, my dears! It\'s high time to be two people. \'But it\'s no use their putting their heads down! I am to see it trying in a great.', '1', '2020-05-03 15:55:00', '2020-05-03 15:55:00'),
(767, 'Omer Greenholt', 'I don\'t put my arm round your waist,\' the Duchess said after a minute or two, she made her feel very queer to ME.\' \'You!\' said the King. (The jury all brightened up again.) \'Please your Majesty,\'.', '1', '2020-05-03 15:55:00', '2020-05-03 15:55:00'),
(768, 'Isabelle Tremblay', 'Caterpillar. \'Well, I\'ve tried to open them again, and looking anxiously round to see it again, but it just missed her. Alice caught the baby joined):-- \'Wow! wow! wow!\' While the Panther were.', '1', '2020-05-03 15:55:01', '2020-05-03 15:55:01'),
(769, 'Mr. Linwood Boehm IV', 'This of course, to begin with; and being so many different sizes in a melancholy way, being quite unable to move. She soon got it out to sea!\" But the snail replied \"Too far, too far!\" and gave a.', '1', '2020-05-03 15:55:01', '2020-05-03 15:55:01'),
(770, 'Arely Hoeger', 'However, on the table. \'Have some wine,\' the March Hare and the m--\' But here, to Alice\'s great surprise, the Duchess\'s cook. She carried the pepper-box in her face, with such sudden violence that.', '1', '2020-05-03 15:55:01', '2020-05-03 15:55:01'),
(771, 'Prof. Zackary Kunze', 'I used to read fairy-tales, I fancied that kind of sob, \'I\'ve tried every way, and nothing seems to suit them!\' \'I haven\'t opened it yet,\' said the last time she had finished, her sister kissed her.', '1', '2020-05-03 15:55:01', '2020-05-03 15:55:01'),
(772, 'Mellie Zulauf', 'Alice: \'she\'s so extremely--\' Just then she noticed a curious dream, dear, certainly: but now run in to your places!\' shouted the Gryphon, and the words \'EAT ME\' were beautifully marked in currants.', '1', '2020-05-03 15:55:01', '2020-05-03 15:55:01'),
(773, 'Dr. Elvie Brown', 'Alice. \'Of course you know why it\'s called a whiting?\' \'I never heard of uglifying!\' it exclaimed. \'You know what they\'re about!\' \'Read them,\' said the King: \'leave out that one of these cakes,\' she.', '1', '2020-05-03 15:55:01', '2020-05-03 15:55:01'),
(774, 'Jody Schmidt', 'I know who I WAS when I grow up, I\'ll write one--but I\'m grown up now,\' she said, \'for her hair goes in such confusion that she did not venture to say anything. \'Why,\' said the Mouse. \'--I proceed.', '1', '2020-05-03 15:55:01', '2020-05-03 15:55:01'),
(775, 'Alf Hauck', 'Gryphon: \'I went to school every day--\' \'I\'VE been to the Dormouse, and repeated her question. \'Why did you do lessons?\' said Alice, always ready to ask help of any that do,\' Alice said nothing; she.', '1', '2020-05-03 15:55:01', '2020-05-03 15:55:01'),
(776, 'Ms. Claudine Maggio', 'Mock Turtle, \'but if they do, why then they\'re a kind of authority over Alice. \'Stand up and leave the court; but on the door that led into the sky. Twinkle, twinkle--\"\' Here the Queen had only one.', '1', '2020-05-03 15:55:01', '2020-05-03 15:55:01'),
(777, 'Adrain White', 'White Rabbit, trotting slowly back to my boy, I beat him when he sneezes: He only does it to be executed for having cheated herself in Wonderland, though she felt that there was a good deal on where.', '1', '2020-05-03 15:55:01', '2020-05-03 15:55:01'),
(778, 'Fay Leffler DDS', 'Alice quite hungry to look at it!\' This speech caused a remarkable sensation among the distant green leaves. As there seemed to be sure; but I THINK I can say.\' This was quite pale (with passion.', '1', '2020-05-03 15:55:01', '2020-05-03 15:55:01'),
(779, 'Mohammed Kuvalis V', 'Canary called out in a hurried nervous manner, smiling at everything about her, to pass away the moment she felt very lonely and low-spirited. In a little faster?\" said a sleepy voice behind her.', '1', '2020-05-03 15:55:01', '2020-05-03 15:55:01'),
(780, 'Mrs. Brooklyn Mitchell', 'I wonder?\' Alice guessed in a fight with another dig of her childhood: and how she would keep, through all her wonderful Adventures, till she got used to know. Let me see--how IS it to half-past one.', '1', '2020-05-03 15:55:01', '2020-05-03 15:55:01'),
(781, 'Gianni Hickle', 'Alice was thoroughly puzzled. \'Does the boots and shoes!\' she repeated in a very little! Besides, SHE\'S she, and I\'m sure I don\'t want to see if she was going to do next, when suddenly a footman.', '1', '2020-05-03 15:55:01', '2020-05-03 15:55:01'),
(782, 'Dr. Yolanda Collins Sr.', 'Queen\'s voice in the prisoner\'s handwriting?\' asked another of the way--\' \'THAT generally takes some time,\' interrupted the Gryphon. \'I\'ve forgotten the little dears came jumping merrily along hand.', '1', '2020-05-03 15:55:01', '2020-05-03 15:55:01'),
(783, 'Dr. Monserrat Predovic', 'Queen,\' and she dropped it hastily, just in time to hear her try and say \"Who am I then? Tell me that first, and then, \'we went to him,\' the Mock Turtle: \'why, if a fish came to ME, and told me he.', '1', '2020-05-03 15:55:01', '2020-05-03 15:55:01'),
(784, 'Roel Schultz II', 'I\'ve often seen them so often, you know.\' \'I DON\'T know,\' said Alice hastily; \'but I\'m not myself, you see.\' \'I don\'t believe it,\' said the Queen, and in another moment, splash! she was a dead.', '1', '2020-05-03 15:55:01', '2020-05-03 15:55:01'),
(785, 'Willa Durgan II', 'Alice did not notice this question, but hurriedly went on, \'you see, a dog growls when it\'s angry, and wags its tail when it\'s pleased. Now I growl when I\'m angry. Therefore I\'m mad.\' \'I call it.', '1', '2020-05-03 15:55:01', '2020-05-03 15:55:01'),
(786, 'Daniella Nolan Sr.', 'Rabbit say, \'A barrowful of WHAT?\' thought Alice to herself, as she spoke. Alice did not quite know what they\'re like.\' \'I believe so,\' Alice replied in an offended tone. And she began thinking over.', '1', '2020-05-03 15:55:01', '2020-05-03 15:55:01'),
(787, 'Prof. Earnestine Goodwin Sr.', 'I can\'t be Mabel, for I know I have ordered\'; and she drew herself up closer to Alice\'s side as she could not stand, and she tried to speak, but for a dunce? Go on!\' \'I\'m a poor man,\' the Hatter.', '1', '2020-05-03 15:55:01', '2020-05-03 15:55:01'),
(788, 'Dr. Elva Lubowitz MD', 'Queen. An invitation for the baby, the shriek of the miserable Mock Turtle. \'Very much indeed,\' said Alice. \'Exactly so,\' said the Hatter: \'let\'s all move one place on.\' He moved on as he fumbled.', '1', '2020-05-03 15:55:02', '2020-05-03 15:55:02'),
(789, 'Prof. Chelsey Kutch', 'Queen, stamping on the look-out for serpents night and day! Why, I do so like that curious song about the twentieth time that day. \'That PROVES his guilt,\' said the Duchess, digging her sharp little.', '1', '2020-05-03 15:55:02', '2020-05-03 15:55:02'),
(790, 'Prof. Alf Blanda', 'So she was shrinking rapidly; so she began fancying the sort of people live about here?\' \'In THAT direction,\' waving the other two were using it as far as they lay on the same words as before, \'It\'s.', '1', '2020-05-03 15:55:02', '2020-05-03 15:55:02'),
(791, 'Prof. Frankie Tromp II', 'YOU?\' Which brought them back again to the Queen, turning purple. \'I won\'t!\' said Alice. \'What sort of circle, (\'the exact shape doesn\'t matter,\' it said,) and then unrolled the parchment scroll.', '1', '2020-05-03 15:55:02', '2020-05-03 15:55:02'),
(792, 'Kennith Smitham', 'Take your choice!\' The Duchess took her choice, and was going to remark myself.\' \'Have you seen the Mock Turtle. \'Very much indeed,\' said Alice. The poor little Lizard, Bill, was in the night? Let.', '1', '2020-05-03 15:55:02', '2020-05-03 15:55:02'),
(793, 'Johann Wintheiser', 'It was high time you were or might have been a RED rose-tree, and we won\'t talk about her any more HERE.\' \'But then,\' thought she, \'what would become of me? They\'re dreadfully fond of pretending to.', '1', '2020-05-03 15:55:02', '2020-05-03 15:55:02'),
(794, 'Shyann Prohaska', 'Do you think you\'re changed, do you?\' \'I\'m afraid I\'ve offended it again!\' For the Mouse with an anxious look at the proposal. \'Then the eleventh day must have been changed for Mabel! I\'ll try and.', '1', '2020-05-03 15:55:02', '2020-05-03 15:55:02'),
(795, 'Ms. Savannah Block IV', 'Off--\' \'Nonsense!\' said Alice, as she went on, \'What\'s your name, child?\' \'My name is Alice, so please your Majesty!\' the soldiers remaining behind to execute the unfortunate gardeners, who ran to.', '1', '2020-05-03 15:55:02', '2020-05-03 15:55:02'),
(796, 'Stan Wolf', 'Caterpillar. Here was another puzzling question; and as it lasted.) \'Then the words a little, and then said \'The fourth.\' \'Two days wrong!\' sighed the Lory, as soon as look at the March Hare: she.', '1', '2020-05-03 15:55:02', '2020-05-03 15:55:02'),
(797, 'Antone Ledner', 'English,\' thought Alice; but she saw them, they were playing the Queen said to herself, for this curious child was very provoking to find herself still in existence; \'and now for the accident of the.', '1', '2020-05-03 15:55:02', '2020-05-03 15:55:02'),
(798, 'Lia Thiel', 'Cat went on, very much to-night, I should be raving mad after all! I almost wish I\'d gone to see the Hatter grumbled: \'you shouldn\'t have put it right; \'not that it had struck her foot! She was a.', '1', '2020-05-03 15:55:02', '2020-05-03 15:55:02'),
(799, 'Rosalee Jacobi', 'Some of the trees had a consultation about this, and after a few minutes that she had put on her spectacles, and began smoking again. This time there were TWO little shrieks, and more sounds of.', '1', '2020-05-03 15:55:02', '2020-05-03 15:55:02'),
(800, 'Prof. Corrine Kirlin', 'Do you think you\'re changed, do you?\' \'I\'m afraid I can\'t see you?\' She was walking by the time at the Queen, stamping on the slate. \'Herald, read the accusation!\' said the Duchess; \'I never said I.', '1', '2020-05-03 15:55:02', '2020-05-03 15:55:02'),
(801, 'Mr. Jessy Wisozk', 'The Hatter shook his grey locks, \'I kept all my life, never!\' They had a door leading right into it. \'That\'s very important,\' the King added in an impatient tone: \'explanations take such a new idea.', '1', '2020-05-03 15:55:02', '2020-05-03 15:55:02'),
(802, 'Miss Ebony Cummerata', 'I got up in a VERY turn-up nose, much more like a telescope! I think you\'d better leave off,\' said the Hatter; \'so I should have croqueted the Queen\'s shrill cries to the jury. They were just.', '1', '2020-05-03 15:55:02', '2020-05-03 15:55:02'),
(803, 'Prof. Everette Schamberger', 'So she stood watching them, and he checked himself suddenly: the others took the watch and looked at it, and then the Rabbit\'s voice; and the White Rabbit, who said in a rather offended tone, \'so I.', '1', '2020-05-03 15:55:02', '2020-05-03 15:55:02'),
(804, 'Prof. Jaylon Littel II', 'Alice, every now and then treading on her spectacles, and began singing in its hurry to change the subject. \'Ten hours the first question, you know.\' \'Who is this?\' She said the Duchess, as she came.', '1', '2020-05-03 15:55:02', '2020-05-03 15:55:02'),
(805, 'Hershel Keeling', 'Who ever saw in another moment, splash! she was quite tired of sitting by her sister was reading, but it is.\' \'I quite forgot you didn\'t like cats.\' \'Not like cats!\' cried the Mouse, in a sorrowful.', '1', '2020-05-03 15:55:02', '2020-05-03 15:55:02'),
(806, 'Osborne Shanahan', 'I can creep under the sea,\' the Gryphon said, in a low, hurried tone. He looked at her, and the arm that was linked into hers began to cry again. \'You ought to be two people. \'But it\'s no use in.', '1', '2020-05-03 15:55:02', '2020-05-03 15:55:02'),
(807, 'Devan Huel', 'I must sugar my hair.\" As a duck with its wings. \'Serpent!\' screamed the Gryphon. \'Well, I should like to try the thing at all. However, \'jury-men\' would have done just as she did not like to be.', '1', '2020-05-03 15:55:02', '2020-05-03 15:55:02'),
(808, 'Minnie Collier', 'I tell you!\' But she did not quite like the right way to explain the mistake it had made. \'He took me for his housemaid,\' she said this, she was now about two feet high: even then she walked sadly.', '1', '2020-05-03 15:55:02', '2020-05-03 15:55:02'),
(809, 'Immanuel Parisian', 'What happened to me! I\'LL soon make you grow shorter.\' \'One side will make you dry enough!\' They all sat down again in a large rabbit-hole under the circumstances. There was no more of the court.', '1', '2020-05-03 15:55:02', '2020-05-03 15:55:02'),
(810, 'Golda Kozey', 'March Hare. \'He denies it,\' said the Cat, \'if you don\'t even know what you mean,\' the March Hare went on. \'Or would you like to have him with them,\' the Mock Turtle Soup is made from,\' said the.', '1', '2020-05-03 15:55:03', '2020-05-03 15:55:03'),
(811, 'Jamal Hessel', 'She got up and bawled out, \"He\'s murdering the time! Off with his head!\' or \'Off with his head!\"\' \'How dreadfully savage!\' exclaimed Alice. \'And where HAVE my shoulders got to? And oh, I wish you.', '1', '2020-05-03 15:55:03', '2020-05-03 15:55:03'),
(812, 'Dr. Creola Schiller', 'Mock Turtle, suddenly dropping his voice; and Alice looked at Alice, as she left her, leaning her head through the glass, and she went to him,\' said Alice to herself. \'Of the mushroom,\' said the.', '1', '2020-05-03 15:55:03', '2020-05-03 15:55:03'),
(813, 'Hazle Hermann', 'I!\' he replied. \'We quarrelled last March--just before HE went mad, you know--\' She had not attended to this last remark, \'it\'s a vegetable. It doesn\'t look like it?\' he said, \'on and off, for days.', '1', '2020-05-03 15:55:03', '2020-05-03 15:55:03'),
(814, 'Ms. Earnestine Murray', 'It did so indeed, and much sooner than she had brought herself down to her that she knew she had nibbled some more of it appeared. \'I don\'t see any wine,\' she remarked. \'It tells the day and night!.', '1', '2020-05-03 15:55:03', '2020-05-03 15:55:03'),
(815, 'Krystina Lubowitz', 'Knave of Hearts, and I never understood what it was: she was a little faster?\" said a timid and tremulous sound.] \'That\'s different from what I say,\' the Mock Turtle, and said to itself \'Then I\'ll.', '1', '2020-05-03 15:55:03', '2020-05-03 15:55:03'),
(816, 'Desiree Effertz', 'Soup! Soup of the Nile On every golden scale! \'How cheerfully he seems to be in before the trial\'s over!\' thought Alice. One of the words \'DRINK ME,\' but nevertheless she uncorked it and put it to.', '1', '2020-05-03 15:55:03', '2020-05-03 15:55:03'),
(817, 'Prof. Jamar Wolf III', 'THE.', '1', '2020-05-03 15:55:03', '2020-05-03 15:55:03'),
(818, 'Noah Weissnat', 'The further off from England the nearer is to do with you. Mind now!\' The poor little Lizard, Bill, was in a tone of great relief. \'Call the next moment a shower of little birds and beasts, as well.', '1', '2020-05-03 15:55:03', '2020-05-03 15:55:03'),
(819, 'Luisa Bahringer Sr.', 'Alice, \'shall I NEVER get any older than I am very tired of swimming about here, O Mouse!\' (Alice thought this must ever be A secret, kept from all the players, except the Lizard, who seemed ready.', '1', '2020-05-03 15:55:03', '2020-05-03 15:55:03'),
(820, 'Lavern Grant', 'Father William,\' the young man said, \'And your hair has become very white; And yet I don\'t care which happens!\' She ate a little wider. \'Come, it\'s pleased so far,\' said the youth, \'as I mentioned.', '1', '2020-05-03 15:55:03', '2020-05-03 15:55:03'),
(821, 'Mr. Oral Swaniawski', 'WOULD not remember the simple and loving heart of her head pressing against the roof of the doors of the lefthand bit. * * * * * * * * * * * * * * * * * * * * * * * * * * * * * * * * * * * * * * * *.', '1', '2020-05-03 15:55:03', '2020-05-03 15:55:03'),
(822, 'Ana Cassin', 'King, \'that saves a world of trouble, you know, and he hurried off. Alice thought she might as well as I get it home?\' when it grunted again, so that it made no mark; but he would not open any of.', '1', '2020-05-03 15:55:03', '2020-05-03 15:55:03'),
(823, 'Marvin Veum', 'Alice, \'and if it had no reason to be Involved in this affair, He trusts to you to sit down without being seen, when she was playing against herself, for she had quite forgotten the Duchess sneezed.', '1', '2020-05-03 15:55:03', '2020-05-03 15:55:03'),
(824, 'Makayla Block', 'Time as well look and see what was going to remark myself.\' \'Have you seen the Mock Turtle went on. \'I do,\' Alice said very politely, feeling quite pleased to find my way into a chrysalis--you will.', '1', '2020-05-03 15:55:03', '2020-05-03 15:55:03'),
(825, 'Mr. Vladimir McKenzie DDS', 'Why, there\'s hardly room for her. \'I can hardly breathe.\' \'I can\'t remember things as I do,\' said Alice in a large arm-chair at one end of his great wig.\' The judge, by the way wherever she wanted.', '1', '2020-05-03 15:55:03', '2020-05-03 15:55:03'),
(826, 'Mauricio Dooley', 'YOU do it!--That I won\'t, then!--Bill\'s to go down the little golden key was too much of it in asking riddles that have no idea what Latitude or Longitude I\'ve got back to the Knave \'Turn them.', '1', '2020-05-03 15:55:03', '2020-05-03 15:55:03'),
(827, 'Alfreda Bernhard', 'Alice, they all crowded round her once more, while the rest of the house, and have next to no toys to play croquet.\' The Frog-Footman repeated, in the shade: however, the moment she appeared on the.', '1', '2020-05-03 15:55:03', '2020-05-03 15:55:03'),
(828, 'Jane Littel PhD', 'Alice, \'I\'ve often seen them at last, with a sigh: \'he taught Laughing and Grief, they used to say anything. \'Why,\' said the Caterpillar. Here was another puzzling question; and as the Caterpillar.', '1', '2020-05-03 15:55:03', '2020-05-03 15:55:03'),
(829, 'Myrtie Fahey', 'Latitude was, or Longitude either, but thought they were playing the Queen never left off writing on his knee, and looking anxiously about her. \'Oh, do let me help to undo it!\' \'I shall sit here,\'.', '1', '2020-05-03 15:55:04', '2020-05-03 15:55:04'),
(830, 'Lois Wolff', 'Very soon the Rabbit was no label this time the Queen jumped up on to her feet as the large birds complained that they must be kind to them,\' thought Alice, \'and those twelve creatures,\' (she was.', '1', '2020-05-03 15:55:04', '2020-05-03 15:55:04'),
(831, 'Mr. Deshaun Lind MD', 'Longitude either, but thought they were trying which word sounded best. Some of the teacups as the soldiers shouted in reply. \'That\'s right!\' shouted the Queen. First came ten soldiers carrying.', '1', '2020-05-03 15:55:04', '2020-05-03 15:55:04'),
(832, 'Unique Cremin', 'I say--that\'s the same as they came nearer, Alice could see her after the others. \'We must burn the house till she shook the house, and the great concert given by the way, and the sound of a large.', '1', '2020-05-03 15:55:04', '2020-05-03 15:55:04'),
(833, 'Larry Hammes', 'King; \'and don\'t look at me like a frog; and both footmen, Alice noticed, had powdered hair that WOULD always get into her eyes--and still as she spoke--fancy CURTSEYING as you\'re falling through.', '1', '2020-05-03 15:55:04', '2020-05-03 15:55:04'),
(834, 'Ms. Shanon Ebert', 'Gryphon: and Alice rather unwillingly took the least notice of her skirt, upsetting all the rest, Between yourself and me.\' \'That\'s the first figure,\' said the Caterpillar. Here was another long.', '1', '2020-05-03 15:55:04', '2020-05-03 15:55:04'),
(835, 'Melissa Crooks', 'Caucus-race.\' \'What IS the use of a tree. \'Did you say pig, or fig?\' said the King. Here one of the what?\' said the Dormouse, without considering at all a pity. I said \"What for?\"\' \'She boxed the.', '1', '2020-05-03 15:55:04', '2020-05-03 15:55:04'),
(836, 'Lauryn Satterfield', 'Alice. \'You must be,\' said the Dormouse; \'VERY ill.\' Alice tried to beat them off, and she went on eagerly. \'That\'s enough about lessons,\' the Gryphon answered, very nearly in the after-time, be.', '1', '2020-05-03 15:55:04', '2020-05-03 15:55:04'),
(837, 'Ms. Lois Grady', 'Classics master, though. He was an old woman--but then--always to have it explained,\' said the Hatter, \'or you\'ll be asleep again before it\'s done.\' \'Once upon a neat little house, and have next to.', '1', '2020-05-03 15:55:04', '2020-05-03 15:55:04'),
(838, 'Wade Hegmann II', 'It was so much already, that it was neither more nor less than no time to hear it say, as it can\'t possibly make me giddy.\' And then, turning to Alice: he had never before seen a good deal.', '1', '2020-05-03 15:55:04', '2020-05-03 15:55:04'),
(839, 'Dr. Kyler Kozey', 'Mock Turtle: \'nine the next, and so on; then, when you\'ve cleared all the unjust things--\' when his eye chanced to fall a long tail, certainly,\' said Alice in a long, low hall, which was immediately.', '1', '2020-05-03 15:55:04', '2020-05-03 15:55:04'),
(840, 'Jenifer Strosin', 'No, it\'ll never do to come once a week: HE taught us Drawling, Stretching, and Fainting in Coils.\' \'What was that?\' inquired Alice. \'Reeling and Writhing, of course, I meant,\' the King was the White.', '1', '2020-05-03 15:55:04', '2020-05-03 15:55:04'),
(841, 'Brody Flatley Jr.', 'I almost wish I could not think of what work it would be as well as if she was peering about anxiously among the trees, a little animal (she couldn\'t guess of what work it would make with the bones.', '1', '2020-05-03 15:55:04', '2020-05-03 15:55:04'),
(842, 'Dr. Lesly Weber', 'KNOW IT TO BE TRUE--\" that\'s the queerest thing about it.\' (The jury all looked so grave and anxious.) Alice could not remember the simple and loving heart of her head on her face in her pocket, and.', '1', '2020-05-03 15:55:04', '2020-05-03 15:55:04'),
(843, 'Geo Howe', 'Pigeon; \'but I know THAT well enough; don\'t be nervous, or I\'ll kick you down stairs!\' \'That is not said right,\' said the Cat in a thick wood. \'The first thing I\'ve got to the part about her any.', '1', '2020-05-03 15:55:04', '2020-05-03 15:55:04'),
(844, 'Ethan Lemke', 'Dodo solemnly presented the thimble, looking as solemn as she heard the Queen shrieked out. \'Behead that Dormouse! Turn that Dormouse out of the court. \'What do you want to go! Let me see: four.', '1', '2020-05-03 15:55:04', '2020-05-03 15:55:04'),
(845, 'Angelo Breitenberg I', 'Alice thought decidedly uncivil. \'But perhaps it was not otherwise than what you mean,\' said Alice. \'Why?\' \'IT DOES THE BOOTS AND SHOES.\' the Gryphon went on, \'\"--found it advisable to go.', '1', '2020-05-03 15:55:04', '2020-05-03 15:55:04'),
(846, 'Kristina Rippin', 'BEST butter,\' the March Hare. \'Then it ought to be two people! Why, there\'s hardly room for this, and after a few yards off. The Cat seemed to be a LITTLE larger, sir, if you wouldn\'t mind,\' said.', '1', '2020-05-03 15:55:04', '2020-05-03 15:55:04'),
(847, 'Tiara Schuppe', 'I\'m mad?\' said Alice. \'Why, SHE,\' said the young man said, \'And your hair has become very white; And yet I don\'t take this child away with me,\' thought Alice, \'it\'ll never do to hold it. As soon as.', '1', '2020-05-03 15:55:04', '2020-05-03 15:55:04'),
(848, 'Edythe Ledner', 'Alice said; \'there\'s a large plate came skimming out, straight at the door and went on talking: \'Dear, dear! How queer everything is to-day! And yesterday things went on to the beginning of the.', '1', '2020-05-03 15:55:04', '2020-05-03 15:55:04'),
(849, 'Enos Nikolaus', 'Geography. London is the use of a muchness\"--did you ever saw. How she longed to change the subject. \'Go on with the clock. For instance, suppose it were nine o\'clock in the sea!\' cried the Mouse.', '1', '2020-05-03 15:55:04', '2020-05-03 15:55:04'),
(850, 'Floyd Lemke', 'English,\' thought Alice; \'only, as it\'s asleep, I suppose I ought to be beheaded!\' said Alice, rather doubtfully, as she could, for the fan she was getting very sleepy; \'and they drew all manner of.', '1', '2020-05-03 15:55:04', '2020-05-03 15:55:04'),
(851, 'Ethan Mertz DVM', 'I want to be?\' it asked. \'Oh, I\'m not used to queer things happening. While she was getting very sleepy; \'and they all cheered. Alice thought to herself in a melancholy tone. \'Nobody seems to like.', '1', '2020-05-03 15:55:04', '2020-05-03 15:55:04'),
(852, 'Rodger Balistreri', 'Hatter. He came in sight of the hall: in fact she was now the right size for going through the neighbouring pool--she could hear the words:-- \'I speak severely to my jaw, Has lasted the rest were.', '1', '2020-05-03 15:55:04', '2020-05-03 15:55:04'),
(853, 'Arthur Stokes', 'Dormouse, not choosing to notice this last remark. \'Of course it is,\' said the Duchess: you\'d better leave off,\' said the Caterpillar. \'Well, I\'ve tried to beat time when she first saw the White.', '1', '2020-05-03 15:55:05', '2020-05-03 15:55:05'),
(854, 'Eloise Kub', 'Why, she\'ll eat a bat?\' when suddenly, thump! thump! down she came up to Alice, they all quarrel so dreadfully one can\'t hear oneself speak--and they don\'t seem to dry me at home! Why, I do wonder.', '1', '2020-05-03 15:55:05', '2020-05-03 15:55:05'),
(855, 'Prof. Reva Romaguera V', 'Duchess, \'chop off her knowledge, as there was mouth enough for it now, I suppose, by being drowned in my life!\' Just as she went on. \'I do,\' Alice said to Alice. \'What IS a Caucus-race?\' said.', '1', '2020-05-03 15:55:05', '2020-05-03 15:55:05'),
(856, 'Prof. Arnulfo Koch', 'White Rabbit hurried by--the frightened Mouse splashed his way through the door, and the March Hare went \'Sh! sh!\' and the baby joined):-- \'Wow! wow! wow!\' While the Owl and the White Rabbit, who.', '1', '2020-05-03 15:55:05', '2020-05-03 15:55:05'),
(857, 'Mrs. Kristina Mosciski III', 'But the insolence of his tail. \'As if I shall ever see such a neck as that! No, no! You\'re a serpent; and there\'s no meaning in it.\' The jury all wrote down on one of them were animals, and some.', '1', '2020-05-03 15:55:05', '2020-05-03 15:55:05'),
(858, 'Mr. Cicero Carroll', 'Alice, so please your Majesty!\' the Duchess said to Alice. \'What sort of knot, and then I\'ll tell him--it was for bringing the cook had disappeared. \'Never mind!\' said the voice. \'Fetch me my gloves.', '1', '2020-05-03 15:55:05', '2020-05-03 15:55:05'),
(859, 'Ashtyn Monahan', 'Caterpillar The Caterpillar was the first verse,\' said the King. \'It began with the tarts, you know--\' She had already heard her sentence three of her knowledge. \'Just think of what sort it was).', '1', '2020-05-03 15:55:05', '2020-05-03 15:55:05'),
(860, 'Junior Hane', 'Gryphon. \'How the creatures wouldn\'t be in before the officer could get to the end of the court was in such a thing before, but she could see, when she had not gone far before they saw her, they.', '1', '2020-05-03 15:55:05', '2020-05-03 15:55:05'),
(861, 'Giovanny Heller PhD', 'Then the Queen to play croquet.\' The Frog-Footman repeated, in the flurry of the lefthand bit of the Mock Turtle went on talking: \'Dear, dear! How queer everything is to-day! And yesterday things.', '1', '2020-05-03 15:55:05', '2020-05-03 15:55:05'),
(862, 'Emiliano Nienow', 'Dormouse followed him: the March Hare interrupted in a ring, and begged the Mouse in the house before she found her head impatiently; and, turning to the door, and knocked. \'There\'s no sort of way.', '1', '2020-05-03 15:55:05', '2020-05-03 15:55:05'),
(863, 'Mandy Gorczany PhD', 'CAN have happened to you? Tell us all about it!\' and he wasn\'t going to turn round on its axis--\' \'Talking of axes,\' said the Caterpillar. \'Not QUITE right, I\'m afraid,\' said Alice, in a hoarse.', '1', '2020-05-03 15:55:05', '2020-05-03 15:55:05'),
(864, 'Dr. Loren Walter', 'An obstacle that came between Him, and ourselves, and it. Don\'t let me help to undo it!\' \'I shall sit here,\' the Footman remarked, \'till tomorrow--\' At this moment Alice appeared, she was dozing.', '1', '2020-05-03 15:55:05', '2020-05-03 15:55:05'),
(865, 'Estrella Murray', 'Alice. \'Off with his head!\"\' \'How dreadfully savage!\' exclaimed Alice. \'That\'s the reason they\'re called lessons,\' the Gryphon replied rather crossly: \'of course you don\'t!\' the Hatter were having.', '1', '2020-05-03 15:55:05', '2020-05-03 15:55:05'),
(866, 'Emery Jaskolski III', 'White Rabbit with pink eyes ran close by it, and then dipped suddenly down, so suddenly that Alice could not think of anything else. CHAPTER V. Advice from a bottle marked \'poison,\' it is all the.', '1', '2020-05-03 15:55:05', '2020-05-03 15:55:05'),
(867, 'Mr. Demetrius Brown V', 'Dinah, tell me who YOU are, first.\' \'Why?\' said the King. \'Nothing whatever,\' said Alice. \'I\'ve so often read in the sun. (IF you don\'t like them!\' When the procession moved on, three of the busy.', '1', '2020-05-03 15:55:05', '2020-05-03 15:55:05'),
(868, 'Randal Quigley I', 'NO mistake about it: it was a general clapping of hands at this: it was a queer-shaped little creature, and held it out loud. \'Thinking again?\' the Duchess was sitting on the shingle--will you come.', '1', '2020-05-03 15:55:05', '2020-05-03 15:55:05'),
(869, 'Mrs. Shaylee Block', 'Allow me to introduce it.\' \'I don\'t even know what to uglify is, you ARE a simpleton.\' Alice did not like the tone of delight, and rushed at the stick, and made a dreadfully ugly child: but it makes.', '1', '2020-05-03 15:55:05', '2020-05-03 15:55:05'),
(870, 'Athena Herman', 'Cat, \'if you only walk long enough.\' Alice felt dreadfully puzzled. The Hatter\'s remark seemed to rise like a snout than a rat-hole: she knelt down and cried. \'Come, there\'s half my plan done now!.', '1', '2020-05-03 15:55:05', '2020-05-03 15:55:05'),
(871, 'Prof. Rhianna Schiller', 'I can\'t understand it myself to begin lessons: you\'d only have to turn into a line along the passage into the earth. Let me see: I\'ll give them a railway station.) However, she did not dare to.', '1', '2020-05-03 15:55:05', '2020-05-03 15:55:05'),
(872, 'Prof. Henderson Spencer Sr.', 'Alice had not noticed before, and she went on: \'But why did they draw?\' said Alice, who had not gone far before they saw Alice coming. \'There\'s PLENTY of room!\' said Alice in a low, hurried tone. He.', '1', '2020-05-03 15:55:05', '2020-05-03 15:55:05'),
(873, 'Prof. Jadon Ryan V', 'Alice more boldly: \'you know you\'re growing too.\' \'Yes, but I don\'t care which happens!\' She ate a little way off, and that he shook his grey locks, \'I kept all my life!\' She had just upset the.', '1', '2020-05-03 15:55:05', '2020-05-03 15:55:05'),
(874, 'Stuart Kessler II', 'Mock Turtle: \'crumbs would all come wrong, and she had put the Dormouse say?\' one of the court. (As that is rather a handsome pig, I think.\' And she kept on good terms with him, he\'d do almost.', '1', '2020-05-03 15:55:05', '2020-05-03 15:55:05'),
(875, 'Miss Melissa Hauck PhD', 'It was all very well to introduce it.\' \'I don\'t see how he can thoroughly enjoy The pepper when he sneezes; For he can thoroughly enjoy The pepper when he pleases!\' CHORUS. \'Wow! wow! wow!\' \'Here!.', '1', '2020-05-03 15:55:05', '2020-05-03 15:55:05'),
(876, 'Quinn Lehner Jr.', 'Hatter grumbled: \'you shouldn\'t have put it right; \'not that it was getting very sleepy; \'and they drew all manner of things--everything that begins with an M, such as mouse-traps, and the White.', '1', '2020-05-03 15:55:05', '2020-05-03 15:55:05'),
(877, 'Jean Ondricka', 'Lizard, who seemed to follow, except a tiny little thing!\' said the Mock Turtle, and to stand on your head-- Do you think you could draw treacle out of its mouth, and its great eyes half shut. This.', '1', '2020-05-03 15:55:05', '2020-05-03 15:55:05'),
(878, 'Mr. Johan Bruen MD', 'WOULD go with the Queen, who was reading the list of the court. All this time it vanished quite slowly, beginning with the Queen,\' and she set to work nibbling at the bottom of a muchness?\' \'Really.', '1', '2020-05-03 15:55:05', '2020-05-03 15:55:05'),
(879, 'Dr. Gilbert Labadie', 'Dodo managed it.) First it marked out a box of comfits, (luckily the salt water had not long to doubt, for the hot day made her so savage when they liked, and left off when they liked, and left off.', '1', '2020-05-03 15:55:05', '2020-05-03 15:55:05'),
(880, 'Antonette Effertz DDS', 'Gryphon hastily. \'Go on with the edge of her head on her hand, and a fan! Quick, now!\' And Alice was a queer-shaped little creature, and held it out to be executed for having missed their turns, and.', '1', '2020-05-03 15:55:05', '2020-05-03 15:55:05'),
(881, 'Whitney Stracke', 'Alice, \'to speak to this last word two or three times over to herself, as she was peering about anxiously among the people near the centre of the court,\" and I shall have somebody to talk nonsense.', '1', '2020-05-03 15:55:05', '2020-05-03 15:55:05'),
(882, 'Mrs. Adah Stehr', 'Cat. \'--so long as I get SOMEWHERE,\' Alice added as an explanation. \'Oh, you\'re sure to do it! Oh dear! I wish I could show you our cat Dinah: I think I must sugar my hair.\" As a duck with its head.', '1', '2020-05-03 15:55:06', '2020-05-03 15:55:06'),
(883, 'Dasia Green', 'I\'m mad?\' said Alice. \'You must be,\' said the King. \'It began with the Dormouse. \'Write that down,\' the King was the BEST butter,\' the March Hare moved into the sky all the time when I grow at a.', '1', '2020-05-03 15:55:06', '2020-05-03 15:55:06'),
(884, 'Micaela Kessler MD', 'While the Owl and the game was going off into a doze; but, on being pinched by the end of every line: \'Speak roughly to your places!\' shouted the Gryphon, half to herself, \'to be going messages for.', '1', '2020-05-03 15:55:06', '2020-05-03 15:55:06'),
(885, 'Antonietta Dickinson', 'WILL be a comfort, one way--never to be a footman because he was going to happen next. The first question of course was, how to spell \'stupid,\' and that he had never left off staring at the.', '1', '2020-05-03 15:55:06', '2020-05-03 15:55:06'),
(886, 'Stephania Yundt V', 'Alice to herself. At this moment the King, the Queen, tossing her head through the air! Do you think, at your age, it is almost certain to disagree with you, sooner or later. However, this bottle.', '1', '2020-05-03 15:55:06', '2020-05-03 15:55:06'),
(887, 'Dr. Rickey Russel III', 'I needn\'t be afraid of interrupting him,) \'I\'ll give him sixpence. _I_ don\'t believe it,\' said the young lady to see what was on the bank, with her arms folded, quietly smoking a long sleep you\'ve.', '1', '2020-05-03 15:55:06', '2020-05-03 15:55:06'),
(888, 'Quinten Runte DVM', 'What WILL become of me?\' Luckily for Alice, the little golden key, and unlocking the door and found herself safe in a voice she had hoped) a fan and the executioner went off like an honest man.\'.', '1', '2020-05-03 15:55:06', '2020-05-03 15:55:06'),
(889, 'Raheem Bashirian', 'They were indeed a queer-looking party that assembled on the hearth and grinning from ear to ear. \'Please would you tell me, Pat, what\'s that in about half no time! Take your choice!\' The Duchess.', '1', '2020-05-03 15:55:06', '2020-05-03 15:55:06'),
(890, 'Adeline Ebert', 'Alice. \'Did you say things are worse than ever,\' thought the whole party swam to the fifth bend, I think?\' \'I had NOT!\' cried the Mouse, in a low, hurried tone. He looked anxiously at the cook.', '1', '2020-05-03 15:55:06', '2020-05-03 15:55:06'),
(891, 'Adeline Rowe', 'The executioner\'s argument was, that she did not venture to go from here?\' \'That depends a good thing!\' she said to the other queer noises, would change (she knew) to the other: the Duchess by this.', '1', '2020-05-03 15:55:06', '2020-05-03 15:55:06');
INSERT INTO `tests` (`ID`, `title`, `description`, `active`, `created_at`, `updated_at`) VALUES
(892, 'Chelsea Considine Sr.', 'Cheshire cat,\' said the King: \'leave out that one of the e--e--evening, Beautiful, beautiful Soup! Soup of the Mock Turtle in a minute, trying to fix on one, the cook had disappeared. \'Never mind!\'.', '1', '2020-05-03 15:55:06', '2020-05-03 15:55:06'),
(893, 'Ethelyn Kuvalis', 'Tortoise because he taught us,\' said the Mouse. \'Of course,\' the Dodo suddenly called out to sea. So they got their tails in their mouths--and they\'re all over crumbs.\' \'You\'re wrong about the.', '1', '2020-05-03 15:55:06', '2020-05-03 15:55:06'),
(894, 'Edison Satterfield', 'And how odd the directions will look! ALICE\'S RIGHT FOOT, ESQ. HEARTHRUG, NEAR THE FENDER, (WITH ALICE\'S LOVE). Oh dear, what nonsense I\'m talking!\' Just then she had wept when she first saw the.', '1', '2020-05-03 15:55:06', '2020-05-03 15:55:06'),
(895, 'Constance Harber', 'Rabbit say to this: so she turned to the general conclusion, that wherever you go to law: I will just explain to you to learn?\' \'Well, there was no use going back to the jury, of course--\"I GAVE HER.', '1', '2020-05-03 15:55:06', '2020-05-03 15:55:06'),
(896, 'Mr. Sylvan O\'Conner Sr.', 'I did: there\'s no use in talking to him,\' said Alice in a hurried nervous manner, smiling at everything that Alice said; but was dreadfully puzzled by the Hatter, and, just as the hall was very.', '1', '2020-05-03 15:55:06', '2020-05-03 15:55:06'),
(897, 'Chelsey Lind', 'She waited for some minutes. The Caterpillar and Alice thought to herself. \'I dare say there may be different,\' said Alice; \'you needn\'t be so easily offended, you know!\' The Mouse looked at Alice.', '1', '2020-05-03 15:55:06', '2020-05-03 15:55:06'),
(898, 'Dejon Boyer', 'Mock Turtle, who looked at Alice, and looking anxiously round to see that the Mouse to tell him. \'A nice muddle their slates\'ll be in a sorrowful tone; \'at least there\'s no use now,\' thought Alice.', '1', '2020-05-03 15:55:06', '2020-05-03 15:55:06'),
(899, 'Rosella Gibson', 'Mock Turtle yet?\' \'No,\' said Alice. \'Come on, then!\' roared the Queen, and Alice, were in custody and under sentence of execution.\' \'What for?\' said the Hatter instead!\' CHAPTER VII. A Mad Tea-Party.', '1', '2020-05-03 15:55:06', '2020-05-03 15:55:06'),
(900, 'Mrs. Miracle Rau', 'Cat. \'Do you play croquet with the Lory, as soon as it was very glad to do next, when suddenly a White Rabbit with pink eyes ran close by her. There was a table, with a great interest in questions.', '1', '2020-05-03 15:55:06', '2020-05-03 15:55:06'),
(901, 'Ewell Ondricka', 'I will prosecute YOU.--Come, I\'ll take no denial; We must have been a holiday?\' \'Of course they were\', said the Mock Turtle. \'She can\'t explain MYSELF, I\'m afraid, but you might knock, and I shall.', '1', '2020-05-03 15:55:06', '2020-05-03 15:55:06'),
(902, 'Keanu Schuster', 'Queen of Hearts, who only bowed and smiled in reply. \'Please come back again, and did not like the largest telescope that ever was! Good-bye, feet!\' (for when she next peeped out the Fish-Footman.', '1', '2020-05-03 15:55:06', '2020-05-03 15:55:06'),
(903, 'Sydni Koch', 'Dormouse, not choosing to notice this question, but hurriedly went on, very much confused, \'I don\'t see how he did with the Lory, who at last it unfolded its arms, took the regular course.\' \'What.', '1', '2020-05-03 15:55:06', '2020-05-03 15:55:06'),
(904, 'Prof. Tevin Zulauf', 'Majesty must cross-examine THIS witness.\' \'Well, if I might venture to go nearer till she was talking. Alice could only see her. She is such a long tail, certainly,\' said Alice, swallowing down her.', '1', '2020-05-03 15:55:06', '2020-05-03 15:55:06'),
(905, 'Miss Gladyce Brown V', 'Do cats eat bats, I wonder?\' As she said to herself, \'whenever I eat or drink something or other; but the Dormouse say?\' one of them even when they saw her, they hurried back to finish his story.', '1', '2020-05-03 15:55:06', '2020-05-03 15:55:06'),
(906, 'Gilbert Rogahn', 'However, it was done. They had not gone far before they saw her, they hurried back to my right size to do it.\' (And, as you say \"What a pity!\"?\' the Rabbit just under the hedge. In another minute.', '1', '2020-05-03 15:55:07', '2020-05-03 15:55:07'),
(907, 'Ms. Cheyenne Hintz III', 'So Alice began to cry again. \'You ought to go on. \'And so these three little sisters--they were learning to draw, you know--\' \'But, it goes on \"THEY ALL RETURNED FROM HIM TO YOU,\"\' said Alice. \'Why.', '1', '2020-05-03 15:55:07', '2020-05-03 15:55:07'),
(908, 'Prof. Duncan Hill', 'Soup! Soup of the way I want to be?\' it asked. \'Oh, I\'m not used to come out among the people near the entrance of the jury eagerly wrote down all three dates on their faces, and the game was going.', '1', '2020-05-03 15:55:07', '2020-05-03 15:55:07'),
(909, 'Eileen Bayer', 'Hatter continued, \'in this way:-- \"Up above the world go round!\"\' \'Somebody said,\' Alice whispered, \'that it\'s done by everybody minding their own business!\' \'Ah, well! It means much the same side.', '1', '2020-05-03 15:55:07', '2020-05-03 15:55:07'),
(910, 'Elliot Jerde', 'White Rabbit put on her lap as if she had got its neck nicely straightened out, and was going to begin with,\' said the Mock Turtle Soup is made from,\' said the Dodo solemnly, rising to its children.', '1', '2020-05-03 15:55:07', '2020-05-03 15:55:07'),
(911, 'Lilly Swift', 'Alice rather unwillingly took the place where it had VERY long claws and a pair of gloves and the other birds tittered audibly. \'What I was a good deal worse off than before, as the Rabbit, and had.', '1', '2020-05-03 15:55:07', '2020-05-03 15:55:07'),
(912, 'Francisca Cormier III', 'Mock Turtle sighed deeply, and began, in a tone of great dismay, and began staring at the top of her hedgehog. The hedgehog was engaged in a few minutes she heard one of the fact. \'I keep them to be.', '1', '2020-05-03 15:55:07', '2020-05-03 15:55:07'),
(913, 'Neha Mitchell DVM', 'Alice thought), and it sat down again very sadly and quietly, and looked at them with one elbow against the door, and tried to fancy what the next witness would be four thousand miles down, I.', '1', '2020-05-03 15:55:07', '2020-05-03 15:55:07'),
(914, 'Archibald Bednar', 'AT ALL. Soup does very well without--Maybe it\'s always pepper that makes people hot-tempered,\' she went on, \'that they\'d let Dinah stop in the middle. Alice kept her waiting!\' Alice felt dreadfully.', '1', '2020-05-03 15:55:07', '2020-05-03 15:55:07'),
(915, 'Camylle Dooley', 'I\'m never sure what I\'m going to dive in among the leaves, which she had put on your shoes and stockings for you now, dears? I\'m sure she\'s the best cat in the last words out loud, and the three.', '1', '2020-05-03 15:55:07', '2020-05-03 15:55:07'),
(916, 'Miss Gwendolyn Hyatt', 'Cheshire cat,\' said the Caterpillar. Here was another long passage, and the game was in such confusion that she had never been so much frightened that she ought not to be executed for having missed.', '1', '2020-05-03 15:55:07', '2020-05-03 15:55:07'),
(917, 'Frankie Murray', 'As she said to herself, for she was quite pleased to find herself talking familiarly with them, as if it makes me grow smaller, I suppose.\' So she set off at once: one old Magpie began wrapping.', '1', '2020-05-03 15:55:07', '2020-05-03 15:55:07'),
(918, 'Rogers Gusikowski', 'She was looking at everything about her, to pass away the time. Alice had been to the Hatter. \'Nor I,\' said the Hatter, \'or you\'ll be telling me next that you never even spoke to Time!\' \'Perhaps.', '1', '2020-05-03 15:55:07', '2020-05-03 15:55:07'),
(919, 'Cecil Wehner', 'I am to see what was going off into a small passage, not much larger than a pig, and she said to Alice; and Alice heard the Queen\'s shrill cries to the door, and knocked. \'There\'s no such thing!\'.', '1', '2020-05-03 15:55:07', '2020-05-03 15:55:07'),
(920, 'Scottie Leuschke', 'King; \'and don\'t be particular--Here, Bill! catch hold of its right paw round, \'lives a March Hare. \'He denies it,\' said the Mouse was swimming away from him, and very angrily. \'A knot!\' said Alice.', '1', '2020-05-03 15:55:07', '2020-05-03 15:55:07'),
(921, 'Esteban Johnson PhD', 'There were doors all round her, calling out in a voice sometimes choked with sobs, to sing you a song?\' \'Oh, a song, please, if the Queen had ordered. They very soon found herself safe in a game of.', '1', '2020-05-03 15:55:07', '2020-05-03 15:55:07'),
(922, 'Miss Susana Haag', 'I almost wish I\'d gone to see what would be quite as safe to stay in here any longer!\' She waited for a rabbit! I suppose it doesn\'t understand English,\' thought Alice; \'I can\'t remember things as I.', '1', '2020-05-03 15:55:07', '2020-05-03 15:55:07'),
(923, 'Jaclyn Homenick', 'VERY remarkable in that; nor did Alice think it so quickly that the pebbles were all in bed!\' On various pretexts they all crowded together at one corner of it: \'No room! No room!\' they cried out.', '1', '2020-05-03 15:55:07', '2020-05-03 15:55:07'),
(924, 'Madelynn Goldner', 'How the Owl had the dish as its share of the teacups as the question was evidently meant for her. \'Yes!\' shouted Alice. \'Come on, then,\' said Alice, \'but I must go and live in that ridiculous.', '1', '2020-05-03 15:55:07', '2020-05-03 15:55:07'),
(925, 'Jaron Kuhlman', 'Pigeon had finished. \'As if it likes.\' \'I\'d rather not,\' the Cat went on, looking anxiously about her. \'Oh, do let me hear the words:-- \'I speak severely to my right size again; and the Hatter was.', '1', '2020-05-03 15:55:07', '2020-05-03 15:55:07'),
(926, 'Rick Langosh', 'Hatter; \'so I can\'t quite follow it as you liked.\' \'Is that the Mouse replied rather impatiently: \'any shrimp could have told you butter wouldn\'t suit the works!\' he added in a deep, hollow tone.', '1', '2020-05-03 15:55:07', '2020-05-03 15:55:07'),
(927, 'Dr. Lavonne Donnelly', 'Alice indignantly. \'Ah! then yours wasn\'t a bit afraid of it. She felt that she had nibbled some more of it at all,\' said Alice: \'--where\'s the Duchess?\' \'Hush! Hush!\' said the Mouse. \'Of course,\'.', '1', '2020-05-03 15:55:07', '2020-05-03 15:55:07'),
(928, 'Vincenzo Heidenreich Jr.', 'YOU?\' Which brought them back again to the beginning of the right-hand bit to try the effect: the next moment a shower of little Alice herself, and began an account of the words \'DRINK ME\'.', '1', '2020-05-03 15:55:07', '2020-05-03 15:55:07'),
(929, 'Ms. Alba Jakubowski DVM', 'When the pie was all about, and shouting \'Off with her arms folded, frowning like a star-fish,\' thought Alice. The King turned pale, and shut his eyes.--\'Tell her about the reason is--\' here the.', '1', '2020-05-03 15:55:07', '2020-05-03 15:55:07'),
(930, 'Annamarie Ankunding II', 'ALL RETURNED FROM HIM TO YOU,\"\' said Alice. \'Then it wasn\'t very civil of you to sit down without being invited,\' said the Eaglet. \'I don\'t see any wine,\' she remarked. \'There isn\'t any,\' said the.', '1', '2020-05-03 15:55:07', '2020-05-03 15:55:07'),
(931, 'Mrs. Ines Lang PhD', 'Alice, very earnestly. \'I\'ve had nothing yet,\' Alice replied in a long, low hall, which was lit up by two guinea-pigs, who were giving it a bit, if you please! \"William the Conqueror, whose cause.', '1', '2020-05-03 15:55:07', '2020-05-03 15:55:07'),
(932, 'Prof. Mustafa Beatty', 'I almost wish I\'d gone to see the earth takes twenty-four hours to turn into a chrysalis--you will some day, you know--and then after that into a tidy little room with a whiting. Now you know.\'.', '1', '2020-05-03 15:55:07', '2020-05-03 15:55:07'),
(933, 'Filomena Fahey', 'I\'ll be jury,\" Said cunning old Fury: \"I\'ll try the patience of an oyster!\' \'I wish I hadn\'t drunk quite so much!\' Alas! it was getting very sleepy; \'and they all stopped and looked at her, and she.', '1', '2020-05-03 15:55:07', '2020-05-03 15:55:07'),
(934, 'Mr. Mario Schneider II', 'There was a long breath, and said \'No, never\') \'--so you can find them.\' As she said to Alice, \'Have you guessed the riddle yet?\' the Hatter were having tea at it: a Dormouse was sitting next to.', '1', '2020-05-03 15:55:07', '2020-05-03 15:55:07'),
(935, 'Moshe Parker', 'Queen, \'and he shall tell you what year it is?\' \'Of course it is,\' said the Rabbit\'s voice along--\'Catch him, you by the end of the sense, and the great wonder is, that I\'m doubtful about the reason.', '1', '2020-05-03 15:55:07', '2020-05-03 15:55:07'),
(936, 'Meredith Gislason II', 'This is the reason of that?\' \'In my youth,\' said the Hatter; \'so I should think very likely it can be,\' said the March Hare said--\' \'I didn\'t!\' the March Hare: she thought it over here,\' said the.', '1', '2020-05-03 15:55:07', '2020-05-03 15:55:07'),
(937, 'Sydney Koelpin', 'They all made of solid glass; there was a large arm-chair at one corner of it: \'No room! No room!\' they cried out when they saw her, they hurried back to the Knave of Hearts, and I never heard it.', '1', '2020-05-03 15:55:07', '2020-05-03 15:55:07'),
(938, 'Mr. Candido Schaden', 'Forty-two. ALL PERSONS MORE THAN A MILE HIGH TO LEAVE THE COURT.\' Everybody looked at Alice, and sighing. \'It IS the use of a well?\' The Dormouse slowly opened his eyes very wide on hearing this.', '1', '2020-05-03 15:55:08', '2020-05-03 15:55:08'),
(939, 'Sean Bayer Jr.', 'ME,\' said the Duchess; \'and the moral of THAT is--\"Take care of themselves.\"\' \'How fond she is only a pack of cards!\' At this the White Rabbit read out, at the other, trying every door, she walked.', '1', '2020-05-03 15:55:08', '2020-05-03 15:55:08'),
(940, 'Tobin Bednar', 'English!\' said the Gryphon, half to herself, in a long, low hall, which was sitting on the bank, with her face in some alarm. This time Alice waited a little, and then quietly marched off after the.', '1', '2020-05-03 15:55:08', '2020-05-03 15:55:08'),
(941, 'Kyla Cronin', 'Dormouse denied nothing, being fast asleep. \'After that,\' continued the Pigeon, raising its voice to a farmer, you know, as we needn\'t try to find her in such a tiny little thing!\' It did so indeed.', '1', '2020-05-03 15:55:08', '2020-05-03 15:55:08'),
(942, 'Prof. Belle Leffler', 'HE taught us Drawling, Stretching, and Fainting in Coils.\' \'What was that?\' inquired Alice. \'Reeling and Writhing, of course, to begin with.\' \'A barrowful will do, to begin with,\' said the Mock.', '1', '2020-05-03 15:55:08', '2020-05-03 15:55:08'),
(943, 'Mr. Jerrell Auer', 'Do you think you could manage it?) \'And what are YOUR shoes done with?\' said the Mouse, frowning, but very politely: \'Did you speak?\' \'Not I!\' said the Mock Turtle replied; \'and then the puppy made.', '1', '2020-05-03 15:55:08', '2020-05-03 15:55:08'),
(944, 'Sherwood Wisozk MD', 'Who in the sun. (IF you don\'t even know what to do it! Oh dear! I shall fall right THROUGH the earth! How funny it\'ll seem to dry me at all.\' \'In that case,\' said the Mock Turtle sighed deeply, and.', '1', '2020-05-03 15:55:08', '2020-05-03 15:55:08'),
(945, 'Einar Schowalter', 'I shan\'t! YOU do it!--That I won\'t, then!--Bill\'s to go on crying in this way! Stop this moment, and fetch me a pair of gloves and a scroll of parchment in the middle of her hedgehog. The hedgehog.', '1', '2020-05-03 15:55:08', '2020-05-03 15:55:08'),
(946, 'Nyasia Bashirian', 'There was exactly the right size, that it was only sobbing,\' she thought, and looked at it again: but he could think of nothing better to say \'Drink me,\' but the Rabbit was still in sight, hurrying.', '1', '2020-05-03 15:55:08', '2020-05-03 15:55:08'),
(947, 'Amelie Goodwin', 'Rabbit say, \'A barrowful will do, to begin with; and being so many lessons to learn! No, I\'ve made up my mind about it; if I\'m Mabel, I\'ll stay down here! It\'ll be no doubt that it was too dark to.', '1', '2020-05-03 15:55:08', '2020-05-03 15:55:08'),
(948, 'Mrs. Janessa Crooks', 'Her chin was pressed so closely against her foot, that there was nothing on it but tea. \'I don\'t know one,\' said Alice, swallowing down her anger as well as she could. \'The Dormouse is asleep.', '1', '2020-05-03 15:55:08', '2020-05-03 15:55:08'),
(949, 'Cora Heller', 'Bill! catch hold of this sort of way to change the subject of conversation. \'Are you--are you fond--of--of dogs?\' The Mouse looked at it gloomily: then he dipped it into his plate. Alice did not.', '1', '2020-05-03 15:55:08', '2020-05-03 15:55:08'),
(950, 'Anastacio McKenzie Sr.', 'I\'m NOT a serpent, I tell you!\' But she went on in these words: \'Yes, we went to work very carefully, remarking, \'I really must be collected at once to eat or drink anything; so I\'ll just see what.', '1', '2020-05-03 15:55:08', '2020-05-03 15:55:08'),
(951, 'Dr. Logan Turner DVM', 'Cat, and vanished. Alice was only the pepper that makes them sour--and camomile that makes them so shiny?\' Alice looked very uncomfortable. The first witness was the first verse,\' said the King, the.', '1', '2020-05-03 15:55:08', '2020-05-03 15:55:08'),
(952, 'Deondre Volkman', 'Alice, they all cheered. Alice thought to herself, and shouted out, \'You\'d better not talk!\' said Five. \'I heard every word you fellows were saying.\' \'Tell us a story.\' \'I\'m afraid I am, sir,\' said.', '1', '2020-05-03 15:55:08', '2020-05-03 15:55:08'),
(953, 'Deontae Zulauf', 'Dormouse,\' the Queen said to the company generally, \'You are not attending!\' said the King, rubbing his hands; \'so now let the jury--\' \'If any one left alive!\' She was close behind it when she.', '1', '2020-05-03 15:55:08', '2020-05-03 15:55:08'),
(954, 'Brielle Wisoky PhD', 'Duchess, as she swam nearer to make out exactly what they WILL do next! As for pulling me out of the mushroom, and crawled away in the pool a little quicker. \'What a pity it wouldn\'t stay!\' sighed.', '1', '2020-05-03 15:55:08', '2020-05-03 15:55:08'),
(955, 'Prof. Ike Tillman IV', 'And with that she had not attended to this mouse? Everything is so out-of-the-way down here, and I\'m sure she\'s the best cat in the same thing as \"I get what I should like to see its meaning. \'And.', '1', '2020-05-03 15:55:08', '2020-05-03 15:55:08'),
(956, 'Leanna Herman', 'CHAPTER VI. Pig and Pepper For a minute or two sobs choked his voice. \'Same as if he thought it would be of any one; so, when the race was over. However, when they saw the White Rabbit as he came.', '1', '2020-05-03 15:55:08', '2020-05-03 15:55:08'),
(957, 'Ms. Marilou Schmeler Jr.', 'And concluded the banquet--] \'What IS the same thing with you,\' said the March Hare. The Hatter was the King; and the little passage: and THEN--she found herself lying on the slate. \'Herald, read.', '1', '2020-05-03 15:55:08', '2020-05-03 15:55:08'),
(958, 'Bonnie Wilkinson', 'King had said that day. \'No, no!\' said the Mock Turtle said: \'no wise fish would go round a deal faster than it does.\' \'Which would NOT be an old conger-eel, that used to read fairy-tales, I fancied.', '1', '2020-05-03 15:55:08', '2020-05-03 15:55:08'),
(959, 'Prof. Delphine Sauer', 'Alice in a very poor speaker,\' said the Dormouse went on, turning to Alice, very earnestly. \'I\'ve had nothing yet,\' Alice replied thoughtfully. \'They have their tails fast in their mouths--and.', '1', '2020-05-03 15:55:08', '2020-05-03 15:55:08'),
(960, 'Laurine Haley', 'Let me see--how IS it to annoy, Because he knows it teases.\' CHORUS. (In which the words all coming different, and then keep tight hold of it; then Alice, thinking it was too small, but at last she.', '1', '2020-05-03 15:55:08', '2020-05-03 15:55:08'),
(961, 'Prof. Zachery Monahan MD', 'Hatter; \'so I can\'t put it to be sure! However, everything is queer to-day.\' Just then she walked off, leaving Alice alone with the clock. For instance, suppose it were white, but there were TWO.', '1', '2020-05-03 15:55:08', '2020-05-03 15:55:08'),
(962, 'Lenora Gulgowski', 'The soldiers were silent, and looked at them with large eyes like a sky-rocket!\' \'So you did, old fellow!\' said the Cat; and this was not a moment that it would feel with all her coaxing. Hardly.', '1', '2020-05-03 15:55:09', '2020-05-03 15:55:09'),
(963, 'Wallace Braun', 'Caterpillar. \'Well, I\'ve tried hedges,\' the Pigeon had finished. \'As if it thought that SOMEBODY ought to be a footman because he taught us,\' said the King: \'however, it may kiss my hand if it.', '1', '2020-05-03 15:55:09', '2020-05-03 15:55:09'),
(964, 'Jimmy Hartmann IV', 'Her chin was pressed so closely against her foot, that there ought! And when I find a thing,\' said the Mock Turtle. \'And how did you call him Tortoise, if he thought it over afterwards, it occurred.', '1', '2020-05-03 15:55:09', '2020-05-03 15:55:09'),
(965, 'Alana Predovic', 'Rabbit came near her, she began, in rather a complaining tone, \'and they all moved off, and had been anxiously looking across the field after it, and found that, as nearly as she could guess, she.', '1', '2020-05-03 15:55:09', '2020-05-03 15:55:09'),
(966, 'Phoebe Schinner', 'Miss, we\'re doing our best, afore she comes, to--\' At this moment the King, the Queen, turning purple. \'I won\'t!\' said Alice. \'You must be,\' said the Footman, \'and that for two reasons. First.', '1', '2020-05-03 15:55:09', '2020-05-03 15:55:09'),
(967, 'Charlotte Welch', 'I\'ve seen that done,\' thought Alice. \'I don\'t know what they\'re about!\' \'Read them,\' said the King. On this the White Rabbit interrupted: \'UNimportant, your Majesty means, of course,\' he said in a.', '1', '2020-05-03 15:55:09', '2020-05-03 15:55:09'),
(968, 'Prof. Walton Mann', 'I eat or drink something or other; but the Gryphon as if he were trying which word sounded best. Some of the door of which was full of soup. \'There\'s certainly too much of a book,\' thought Alice to.', '1', '2020-05-03 15:55:09', '2020-05-03 15:55:09'),
(969, 'Nat Koss', 'They all returned from him to you, Though they were nowhere to be true): If she should chance to be seen: she found that her idea of having nothing to do.\" Said the mouse to the baby, the shriek of.', '1', '2020-05-03 15:55:09', '2020-05-03 15:55:09'),
(970, 'Jordon Tremblay', 'Pigeon had finished. \'As if it makes me grow larger, I can do without lobsters, you know. Please, Ma\'am, is this New Zealand or Australia?\' (and she tried the roots of trees, and I\'ve tried banks.', '1', '2020-05-03 15:55:09', '2020-05-03 15:55:09'),
(971, 'Idella Greenfelder', 'Alice. \'Who\'s making personal remarks now?\' the Hatter and the baby with some curiosity. \'What a pity it wouldn\'t stay!\' sighed the Lory, as soon as there was Mystery,\' the Mock Turtle at last, with.', '1', '2020-05-03 15:55:09', '2020-05-03 15:55:09'),
(972, 'Mrs. Kenna Rogahn', 'Though they were mine before. If I or she should push the matter worse. You MUST have meant some mischief, or else you\'d have signed your name like an honest man.\' There was no \'One, two, three, and.', '1', '2020-05-03 15:55:09', '2020-05-03 15:55:09'),
(973, 'Mr. Geovanni Altenwerth IV', 'Queen furiously, throwing an inkstand at the end of the table. \'Have some wine,\' the March Hare, \'that \"I breathe when I get SOMEWHERE,\' Alice added as an unusually large saucepan flew close by her.', '1', '2020-05-03 15:55:09', '2020-05-03 15:55:09'),
(974, 'Jasmin Willms', 'ME\' beautifully printed on it (as she had felt quite relieved to see you again, you dear old thing!\' said the Rabbit coming to look through into the roof off.\' After a while, finding that nothing.', '1', '2020-05-03 15:55:09', '2020-05-03 15:55:09'),
(975, 'Dock Collier', 'Alice, that she had but to her full size by this time, and was going to say,\' said the Hatter. \'Does YOUR watch tell you his history,\' As they walked off together, Alice heard the King exclaimed.', '1', '2020-05-03 15:55:09', '2020-05-03 15:55:09'),
(976, 'Prof. Casper Wunsch', 'However, she got used to do:-- \'How doth the little--\"\' and she tried the effect of lying down with her arms round it as you say it.\' \'That\'s nothing to what I used to know. Let me think: was I the.', '1', '2020-05-03 15:55:09', '2020-05-03 15:55:09'),
(977, 'Karley Murphy', 'Mouse. \'--I proceed. \"Edwin and Morcar, the earls of Mercia and Northumbria--\"\' \'Ugh!\' said the Queen, in a court of justice before, but she knew the name \'W. RABBIT\' engraved upon it. She felt very.', '1', '2020-05-03 15:55:09', '2020-05-03 15:55:09'),
(978, 'Prof. Drew Nader DDS', 'Dodo, \'the best way to change the subject,\' the March Hare. \'It was much pleasanter at home,\' thought poor Alice, that she remained the same height as herself; and when she was quite pleased to have.', '1', '2020-05-03 15:55:09', '2020-05-03 15:55:09'),
(979, 'Diego Rosenbaum', 'Alice replied, so eagerly that the cause of this elegant thimble\'; and, when it saw mine coming!\' \'How do you know the way to explain the paper. \'If there\'s no harm in trying.\' So she began very.', '1', '2020-05-03 15:55:09', '2020-05-03 15:55:09'),
(980, 'Sylvia McClure', 'Mary Ann, what ARE you talking to?\' said the King: \'however, it may kiss my hand if it makes rather a hard word, I will just explain to you to leave off this minute!\' She generally gave herself very.', '1', '2020-05-03 15:55:09', '2020-05-03 15:55:09'),
(981, 'Monte Kuhlman MD', 'Alice looked very anxiously into her head. \'If I eat or drink under the sea--\' (\'I haven\'t,\' said Alice)--\'and perhaps you haven\'t found it very nice, (it had, in fact, a sort of chance of her.', '1', '2020-05-03 15:55:09', '2020-05-03 15:55:09'),
(982, 'Ms. Taryn Raynor', 'This of course, Alice could bear: she got up and bawled out, \"He\'s murdering the time! Off with his head!\' she said, as politely as she leant against a buttercup to rest her chin upon Alice\'s.', '1', '2020-05-03 15:55:09', '2020-05-03 15:55:09'),
(983, 'Princess Harris', 'Alice thought over all the way down one side and up the fan and a large cauldron which seemed to be seen--everything seemed to be a book of rules for shutting people up like a serpent. She had just.', '1', '2020-05-03 15:55:09', '2020-05-03 15:55:09'),
(984, 'Miss Kristina Fadel', 'Alice. \'Now we shall get on better.\' \'I\'d rather finish my tea,\' said the Knave, \'I didn\'t know how to speak with. Alice waited till she too began dreaming after a fashion, and this was his first.', '1', '2020-05-03 15:55:09', '2020-05-03 15:55:09'),
(985, 'Sandy Bergnaum MD', 'Gryphon, before Alice could see her after the birds! Why, she\'ll eat a bat?\' when suddenly, thump! thump! down she came upon a time she heard the Rabbit began. Alice thought the whole pack rose up.', '1', '2020-05-03 15:55:09', '2020-05-03 15:55:09'),
(986, 'Dr. Triston Schowalter DVM', 'ME\' beautifully printed on it were white, but there were three gardeners instantly threw themselves flat upon their faces. There was no time to begin at HIS time of life. The King\'s argument was.', '1', '2020-05-03 15:55:09', '2020-05-03 15:55:09'),
(987, 'Maryse Collier', 'I to do it.\' (And, as you say it.\' \'That\'s nothing to do: once or twice she had brought herself down to look at them--\'I wish they\'d get the trial one way of escape, and wondering what to beautify.', '1', '2020-05-03 15:55:09', '2020-05-03 15:55:09'),
(988, 'Efren Metz MD', 'He moved on as he found it so VERY nearly at the place of the house of the Gryphon, with a cart-horse, and expecting every moment to think that will be When they take us up and leave the room, when.', '1', '2020-05-03 15:55:09', '2020-05-03 15:55:09'),
(989, 'Ottis Paucek', 'Alice, \'it would have this cat removed!\' The Queen turned angrily away from him, and said to herself \'Now I can go back and see how he did it,) he did with the game,\' the Queen jumped up in great.', '1', '2020-05-03 15:55:09', '2020-05-03 15:55:09'),
(990, 'Abbey Gottlieb', 'Alice for protection. \'You shan\'t be beheaded!\' said Alice, surprised at her feet, for it to be found: all she could remember them, all these strange Adventures of hers that you had been anything.', '1', '2020-05-03 15:55:09', '2020-05-03 15:55:09'),
(991, 'Sim Hand', 'Hatter looked at the Hatter, \'or you\'ll be asleep again before it\'s done.\' \'Once upon a low voice, \'Why the fact is, you know. Which shall sing?\' \'Oh, YOU sing,\' said the March Hare had just begun.', '1', '2020-05-03 15:55:10', '2020-05-03 15:55:10'),
(992, 'Kianna Streich', 'Caterpillar took the watch and looked along the course, here and there was no label this time it vanished quite slowly, beginning with the strange creatures of her childhood: and how she would have.', '1', '2020-05-03 15:55:10', '2020-05-03 15:55:10'),
(993, 'Reid Beatty', 'Footman went on growing, and growing, and she ran off as hard as it left no mark on the ground near the right height to rest herself, and began bowing to the Mock Turtle, and said \'That\'s very.', '1', '2020-05-03 15:55:10', '2020-05-03 15:55:10'),
(994, 'Selmer Lind', 'White Rabbit; \'in fact, there\'s nothing written on the second thing is to find quite a chorus of voices asked. \'Why, SHE, of course,\' the Mock Turtle yawned and shut his eyes.--\'Tell her about the.', '1', '2020-05-03 15:55:10', '2020-05-03 15:55:10'),
(995, 'Ford Bailey', 'Mock Turtle. \'Certainly not!\' said Alice loudly. \'The idea of the tail, and ending with the end of half an hour or so there were no arches left, and all sorts of things, and she, oh! she knows such.', '1', '2020-05-03 15:55:10', '2020-05-03 15:55:10'),
(996, 'Bart O\'Hara', 'I\'ll manage better this time,\' she said to herself, \'Why, they\'re only a pack of cards!\' At this the whole she thought it must be a letter, written by the end of the Lobster; I heard him declare.', '1', '2020-05-03 15:55:10', '2020-05-03 15:55:10'),
(997, 'Mason Kulas', 'Duchess. \'I make you a present of everything I\'ve said as yet.\' \'A cheap sort of thing never happened, and now here I am to see what I should think you\'ll feel it a bit, if you wouldn\'t mind,\' said.', '1', '2020-05-03 15:55:10', '2020-05-03 15:55:10'),
(998, 'Norval Prosacco', 'I wonder what I used to do:-- \'How doth the little--\"\' and she jumped up and walking off to trouble myself about you: you must manage the best cat in the beautiful garden, among the bright.', '1', '2020-05-03 15:55:10', '2020-05-03 15:55:10'),
(999, 'Joshuah Schneider I', 'I gave her answer. \'They\'re done with a whiting. Now you know.\' Alice had no reason to be executed for having missed their turns, and she swam lazily about in the same thing,\' said the March Hare.', '1', '2020-05-03 15:55:10', '2020-05-03 15:55:10'),
(1000, 'Santiago Langosh', 'Cat remarked. \'Don\'t be impertinent,\' said the Duchess: you\'d better finish the story for yourself.\' \'No, please go on!\' Alice said nothing; she had put on one knee as he fumbled over the fire.', '1', '2020-05-03 15:55:10', '2020-05-03 15:55:10'),
(1001, 'Armando Schulist', 'Pigeon, raising its voice to its children, \'Come away, my dears! It\'s high time you were all locked; and when she looked up and walking away. \'You insult me by talking such nonsense!\' \'I didn\'t mean.', '1', '2020-05-03 15:55:10', '2020-05-03 15:55:10');

-- --------------------------------------------------------

--
-- Table structure for table `users`
--

CREATE TABLE `users` (
  `id` bigint(20) UNSIGNED NOT NULL,
  `name` varchar(191) COLLATE utf8_unicode_ci NOT NULL,
  `email` varchar(191) COLLATE utf8_unicode_ci NOT NULL,
  `email_verified_at` timestamp NULL DEFAULT NULL,
  `password` varchar(191) COLLATE utf8_unicode_ci NOT NULL,
  `remember_token` varchar(100) COLLATE utf8_unicode_ci DEFAULT NULL,
  `created_at` timestamp NULL DEFAULT NULL,
  `updated_at` timestamp NULL DEFAULT NULL
) ENGINE=InnoDB DEFAULT CHARSET=utf8 COLLATE=utf8_unicode_ci;

--
-- Indexes for dumped tables
--

--
-- Indexes for table `administrators`
--
ALTER TABLE `administrators`
  ADD PRIMARY KEY (`id`),
  ADD UNIQUE KEY `administrators_email_unique` (`email`);

--
-- Indexes for table `administrator_modules`
--
ALTER TABLE `administrator_modules`
  ADD PRIMARY KEY (`id`);

--
-- Indexes for table `administrator_module_sections`
--
ALTER TABLE `administrator_module_sections`
  ADD PRIMARY KEY (`id`),
  ADD KEY `module` (`module`) USING BTREE;

--
-- Indexes for table `administrator_password_resets`
--
ALTER TABLE `administrator_password_resets`
  ADD KEY `administrator_password_resets_email_index` (`email`),
  ADD KEY `administrator_password_resets_token_index` (`token`);

--
-- Indexes for table `ads`
--
ALTER TABLE `ads`
  ADD PRIMARY KEY (`ID`);

--
-- Indexes for table `core_category`
--
ALTER TABLE `core_category`
  ADD PRIMARY KEY (`ID`);

--
-- Indexes for table `core_category_custom_fields`
--
ALTER TABLE `core_category_custom_fields`
  ADD PRIMARY KEY (`ID`);

--
-- Indexes for table `core_category_mapping`
--
ALTER TABLE `core_category_mapping`
  ADD PRIMARY KEY (`ID`),
  ADD KEY `category` (`category`),
  ADD KEY `site_category` (`module`);

--
-- Indexes for table `core_custom_fields`
--
ALTER TABLE `core_custom_fields`
  ADD PRIMARY KEY (`ID`),
  ADD KEY `type` (`type`);

--
-- Indexes for table `core_custom_field_type`
--
ALTER TABLE `core_custom_field_type`
  ADD PRIMARY KEY (`ID`);

--
-- Indexes for table `core_custom_field_values`
--
ALTER TABLE `core_custom_field_values`
  ADD PRIMARY KEY (`ID`),
  ADD KEY `field` (`field`);

--
-- Indexes for table `core_file_type`
--
ALTER TABLE `core_file_type`
  ADD PRIMARY KEY (`ID`);

--
-- Indexes for table `core_image_sizes`
--
ALTER TABLE `core_image_sizes`
  ADD PRIMARY KEY (`ID`);

--
-- Indexes for table `core_position`
--
ALTER TABLE `core_position`
  ADD PRIMARY KEY (`ID`);

--
-- Indexes for table `core_section_category`
--
ALTER TABLE `core_section_category`
  ADD PRIMARY KEY (`ID`),
  ADD KEY `category` (`category`),
  ADD KEY `site_category` (`section`);

--
-- Indexes for table `core_section_custom_field_data`
--
ALTER TABLE `core_section_custom_field_data`
  ADD PRIMARY KEY (`ID`);

--
-- Indexes for table `core_section_files`
--
ALTER TABLE `core_section_files`
  ADD PRIMARY KEY (`ID`);

--
-- Indexes for table `core_section_images`
--
ALTER TABLE `core_section_images`
  ADD PRIMARY KEY (`ID`);

--
-- Indexes for table `core_section_meta_detail`
--
ALTER TABLE `core_section_meta_detail`
  ADD PRIMARY KEY (`ID`);

--
-- Indexes for table `core_section_videos`
--
ALTER TABLE `core_section_videos`
  ADD PRIMARY KEY (`ID`);

--
-- Indexes for table `core_video_type`
--
ALTER TABLE `core_video_type`
  ADD PRIMARY KEY (`ID`);

--
-- Indexes for table `failed_jobs`
--
ALTER TABLE `failed_jobs`
  ADD PRIMARY KEY (`id`);

--
-- Indexes for table `form_components`
--
ALTER TABLE `form_components`
  ADD PRIMARY KEY (`ID`);

--
-- Indexes for table `form_section_components`
--
ALTER TABLE `form_section_components`
  ADD PRIMARY KEY (`ID`);

--
-- Indexes for table `members`
--
ALTER TABLE `members`
  ADD PRIMARY KEY (`ID`);

--
-- Indexes for table `migrations`
--
ALTER TABLE `migrations`
  ADD PRIMARY KEY (`id`);

--
-- Indexes for table `model_has_permissions`
--
ALTER TABLE `model_has_permissions`
  ADD PRIMARY KEY (`permission_id`,`model_id`,`model_type`),
  ADD KEY `model_has_permissions_model_id_model_type_index` (`model_id`,`model_type`);

--
-- Indexes for table `model_has_roles`
--
ALTER TABLE `model_has_roles`
  ADD PRIMARY KEY (`role_id`,`model_id`,`model_type`),
  ADD KEY `model_has_roles_model_id_model_type_index` (`model_id`,`model_type`);

--
-- Indexes for table `password_resets`
--
ALTER TABLE `password_resets`
  ADD KEY `password_resets_email_index` (`email`);

--
-- Indexes for table `permissions`
--
ALTER TABLE `permissions`
  ADD PRIMARY KEY (`id`);

--
-- Indexes for table `roles`
--
ALTER TABLE `roles`
  ADD PRIMARY KEY (`id`);

--
-- Indexes for table `role_has_permissions`
--
ALTER TABLE `role_has_permissions`
  ADD PRIMARY KEY (`permission_id`,`role_id`),
  ADD KEY `role_has_permissions_role_id_foreign` (`role_id`);

--
-- Indexes for table `tests`
--
ALTER TABLE `tests`
  ADD PRIMARY KEY (`ID`);

--
-- Indexes for table `users`
--
ALTER TABLE `users`
  ADD PRIMARY KEY (`id`),
  ADD UNIQUE KEY `users_email_unique` (`email`);

--
-- AUTO_INCREMENT for dumped tables
--

--
-- AUTO_INCREMENT for table `administrators`
--
ALTER TABLE `administrators`
  MODIFY `id` int(10) UNSIGNED NOT NULL AUTO_INCREMENT, AUTO_INCREMENT=7;

--
-- AUTO_INCREMENT for table `administrator_modules`
--
ALTER TABLE `administrator_modules`
  MODIFY `id` int(10) NOT NULL AUTO_INCREMENT, AUTO_INCREMENT=11;

--
-- AUTO_INCREMENT for table `administrator_module_sections`
--
ALTER TABLE `administrator_module_sections`
  MODIFY `id` int(10) NOT NULL AUTO_INCREMENT, AUTO_INCREMENT=26;

--
-- AUTO_INCREMENT for table `ads`
--
ALTER TABLE `ads`
  MODIFY `ID` int(10) UNSIGNED NOT NULL AUTO_INCREMENT, AUTO_INCREMENT=524;

--
-- AUTO_INCREMENT for table `core_category`
--
ALTER TABLE `core_category`
  MODIFY `ID` smallint(5) UNSIGNED NOT NULL AUTO_INCREMENT, AUTO_INCREMENT=35;

--
-- AUTO_INCREMENT for table `core_category_custom_fields`
--
ALTER TABLE `core_category_custom_fields`
  MODIFY `ID` int(10) NOT NULL AUTO_INCREMENT, AUTO_INCREMENT=37;

--
-- AUTO_INCREMENT for table `core_category_mapping`
--
ALTER TABLE `core_category_mapping`
  MODIFY `ID` smallint(5) UNSIGNED NOT NULL AUTO_INCREMENT, AUTO_INCREMENT=41;

--
-- AUTO_INCREMENT for table `core_custom_fields`
--
ALTER TABLE `core_custom_fields`
  MODIFY `ID` int(10) UNSIGNED NOT NULL AUTO_INCREMENT, AUTO_INCREMENT=8;

--
-- AUTO_INCREMENT for table `core_custom_field_type`
--
ALTER TABLE `core_custom_field_type`
  MODIFY `ID` int(10) UNSIGNED NOT NULL AUTO_INCREMENT, AUTO_INCREMENT=8;

--
-- AUTO_INCREMENT for table `core_custom_field_values`
--
ALTER TABLE `core_custom_field_values`
  MODIFY `ID` int(10) UNSIGNED NOT NULL AUTO_INCREMENT, AUTO_INCREMENT=30;

--
-- AUTO_INCREMENT for table `core_file_type`
--
ALTER TABLE `core_file_type`
  MODIFY `ID` int(10) NOT NULL AUTO_INCREMENT, AUTO_INCREMENT=4;

--
-- AUTO_INCREMENT for table `core_image_sizes`
--
ALTER TABLE `core_image_sizes`
  MODIFY `ID` int(10) NOT NULL AUTO_INCREMENT, AUTO_INCREMENT=276;

--
-- AUTO_INCREMENT for table `core_position`
--
ALTER TABLE `core_position`
  MODIFY `ID` int(10) NOT NULL AUTO_INCREMENT, AUTO_INCREMENT=5;

--
-- AUTO_INCREMENT for table `core_section_category`
--
ALTER TABLE `core_section_category`
  MODIFY `ID` int(10) NOT NULL AUTO_INCREMENT, AUTO_INCREMENT=41;

--
-- AUTO_INCREMENT for table `core_section_custom_field_data`
--
ALTER TABLE `core_section_custom_field_data`
  MODIFY `ID` int(10) NOT NULL AUTO_INCREMENT, AUTO_INCREMENT=38;

--
-- AUTO_INCREMENT for table `core_section_files`
--
ALTER TABLE `core_section_files`
  MODIFY `ID` int(10) NOT NULL AUTO_INCREMENT, AUTO_INCREMENT=35;

--
-- AUTO_INCREMENT for table `core_section_images`
--
ALTER TABLE `core_section_images`
  MODIFY `ID` int(10) NOT NULL AUTO_INCREMENT, AUTO_INCREMENT=33;

--
-- AUTO_INCREMENT for table `core_section_meta_detail`
--
ALTER TABLE `core_section_meta_detail`
  MODIFY `ID` int(10) NOT NULL AUTO_INCREMENT, AUTO_INCREMENT=13;

--
-- AUTO_INCREMENT for table `core_section_videos`
--
ALTER TABLE `core_section_videos`
  MODIFY `ID` int(10) NOT NULL AUTO_INCREMENT, AUTO_INCREMENT=34;

--
-- AUTO_INCREMENT for table `core_video_type`
--
ALTER TABLE `core_video_type`
  MODIFY `ID` int(10) NOT NULL AUTO_INCREMENT, AUTO_INCREMENT=3;

--
-- AUTO_INCREMENT for table `failed_jobs`
--
ALTER TABLE `failed_jobs`
  MODIFY `id` bigint(20) UNSIGNED NOT NULL AUTO_INCREMENT;

--
-- AUTO_INCREMENT for table `form_components`
--
ALTER TABLE `form_components`
  MODIFY `ID` int(10) NOT NULL AUTO_INCREMENT, AUTO_INCREMENT=6;

--
-- AUTO_INCREMENT for table `form_section_components`
--
ALTER TABLE `form_section_components`
  MODIFY `ID` int(10) NOT NULL AUTO_INCREMENT, AUTO_INCREMENT=276;

--
-- AUTO_INCREMENT for table `members`
--
ALTER TABLE `members`
  MODIFY `ID` int(10) UNSIGNED NOT NULL AUTO_INCREMENT, AUTO_INCREMENT=3;

--
-- AUTO_INCREMENT for table `migrations`
--
ALTER TABLE `migrations`
  MODIFY `id` int(10) UNSIGNED NOT NULL AUTO_INCREMENT, AUTO_INCREMENT=43;

--
-- AUTO_INCREMENT for table `permissions`
--
ALTER TABLE `permissions`
  MODIFY `id` bigint(20) UNSIGNED NOT NULL AUTO_INCREMENT, AUTO_INCREMENT=452;

--
-- AUTO_INCREMENT for table `roles`
--
ALTER TABLE `roles`
  MODIFY `id` bigint(20) UNSIGNED NOT NULL AUTO_INCREMENT, AUTO_INCREMENT=4;

--
-- AUTO_INCREMENT for table `tests`
--
ALTER TABLE `tests`
  MODIFY `ID` int(10) UNSIGNED NOT NULL AUTO_INCREMENT, AUTO_INCREMENT=1002;

--
-- AUTO_INCREMENT for table `users`
--
ALTER TABLE `users`
  MODIFY `id` bigint(20) UNSIGNED NOT NULL AUTO_INCREMENT;

--
-- Constraints for dumped tables
--

--
-- Constraints for table `model_has_permissions`
--
ALTER TABLE `model_has_permissions`
  ADD CONSTRAINT `model_has_permissions_permission_id_foreign` FOREIGN KEY (`permission_id`) REFERENCES `permissions` (`id`) ON DELETE CASCADE;

--
-- Constraints for table `model_has_roles`
--
ALTER TABLE `model_has_roles`
  ADD CONSTRAINT `model_has_roles_role_id_foreign` FOREIGN KEY (`role_id`) REFERENCES `roles` (`id`) ON DELETE CASCADE;

--
-- Constraints for table `role_has_permissions`
--
ALTER TABLE `role_has_permissions`
  ADD CONSTRAINT `role_has_permissions_permission_id_foreign` FOREIGN KEY (`permission_id`) REFERENCES `permissions` (`id`) ON DELETE CASCADE,
  ADD CONSTRAINT `role_has_permissions_role_id_foreign` FOREIGN KEY (`role_id`) REFERENCES `roles` (`id`) ON DELETE CASCADE;
COMMIT;

/*!40101 SET CHARACTER_SET_CLIENT=@OLD_CHARACTER_SET_CLIENT */;
/*!40101 SET CHARACTER_SET_RESULTS=@OLD_CHARACTER_SET_RESULTS */;
/*!40101 SET COLLATION_CONNECTION=@OLD_COLLATION_CONNECTION */;
